store_id,year,month,total_sales,total_transactions,total_items,city,state,location_type,store_format,store_size_sqft,launch_date,competition_density,avg_monthly_footfall,avg_monthly_sales,zone,days_festive,days_festival_named,days_weekend,days_in_month,days_BOGO,days_Flat_50,days_Kids_Special,days_Summer_Sale,days_Festive_Bonanza,days_Clearance
STR_001,2021,1,10126415.82,1919,5831,Ahmedabad,Gujarat,Rural,Medium High-Street,5000,2018-02-12,5,5457,7442362,West,2,2,10,31,0,0,0,0,0,12
STR_001,2021,2,7777073.88,1539,4712,Ahmedabad,Gujarat,Rural,Medium High-Street,5000,2018-02-12,5,5457,7442362,West,0,0,8,28,0,12,0,0,0,0
STR_001,2021,3,8928107.61,1722,5204,Ahmedabad,Gujarat,Rural,Medium High-Street,5000,2018-02-12,5,5457,7442362,West,1,1,8,31,0,0,13,0,0,0
STR_001,2021,4,8882281.6,1630,5059,Ahmedabad,Gujarat,Rural,Medium High-Street,5000,2018-02-12,5,5457,7442362,West,0,0,8,30,0,0,0,9,0,0
STR_001,2021,5,9471397.2,1814,5590,Ahmedabad,Gujarat,Rural,Medium High-Street,5000,2018-02-12,5,5457,7442362,West,1,1,10,31,0,0,0,0,15,0
STR_001,2021,6,9040307.31,1737,5324,Ahmedabad,Gujarat,Rural,Medium High-Street,5000,2018-02-12,5,5457,7442362,West,0,0,8,30,6,0,0,0,0,0
STR_001,2021,7,8975035.98,1742,5162,Ahmedabad,Gujarat,Rural,Medium High-Street,5000,2018-02-12,5,5457,7442362,West,0,0,9,31,0,0,5,0,0,0
STR_001,2021,8,10666154.22,1926,6091,Ahmedabad,Gujarat,Rural,Medium High-Street,5000,2018-02-12,5,5457,7442362,West,1,1,9,31,0,0,0,0,0,0
STR_001,2021,9,9155870.25,1718,5185,Ahmedabad,Gujarat,Rural,Medium High-Street,5000,2018-02-12,5,5457,7442362,West,0,0,8,30,0,0,0,0,0,0
STR_001,2021,10,9862469.91,1907,5895,Ahmedabad,Gujarat,Rural,Medium High-Street,5000,2018-02-12,5,5457,7442362,West,1,1,10,31,0,10,0,0,0,0
STR_001,2021,11,9548499.13,1744,5469,Ahmedabad,Gujarat,Rural,Medium High-Street,5000,2018-02-12,5,5457,7442362,West,1,1,8,30,0,0,0,0,0,0
STR_001,2021,12,9530342.46,1805,5537,Ahmedabad,Gujarat,Rural,Medium High-Street,5000,2018-02-12,5,5457,7442362,West,1,1,8,31,0,0,13,0,0,0
STR_001,2022,1,10132772.1,1894,5884,Ahmedabad,Gujarat,Rural,Medium High-Street,5000,2018-02-12,5,5457,7442362,West,2,2,10,31,0,0,0,11,0,0
STR_001,2022,2,8403790.9,1610,4877,Ahmedabad,Gujarat,Rural,Medium High-Street,5000,2018-02-12,5,5457,7442362,West,0,0,8,28,0,0,0,0,0,0
STR_001,2022,3,9623922.39,1901,6005,Ahmedabad,Gujarat,Rural,Medium High-Street,5000,2018-02-12,5,5457,7442362,West,1,1,8,31,10,0,0,0,0,0
STR_001,2022,4,8809227.96,1773,5307,Ahmedabad,Gujarat,Rural,Medium High-Street,5000,2018-02-12,5,5457,7442362,West,0,0,9,30,0,12,0,0,0,0
STR_001,2022,5,10137077.2,1884,5929,Ahmedabad,Gujarat,Rural,Medium High-Street,5000,2018-02-12,5,5457,7442362,West,1,1,9,31,0,0,0,0,6,0
STR_001,2022,6,8754633.57,1674,5187,Ahmedabad,Gujarat,Rural,Medium High-Street,5000,2018-02-12,5,5457,7442362,West,0,0,8,30,0,11,0,0,0,0
STR_001,2022,7,9537625.25,1790,5456,Ahmedabad,Gujarat,Rural,Medium High-Street,5000,2018-02-12,5,5457,7442362,West,0,0,10,31,0,0,0,0,9,0
STR_001,2022,8,9910395.19,1847,5609,Ahmedabad,Gujarat,Rural,Medium High-Street,5000,2018-02-12,5,5457,7442362,West,1,1,8,31,0,0,0,0,0,0
STR_001,2022,9,8911564.11,1705,5364,Ahmedabad,Gujarat,Rural,Medium High-Street,5000,2018-02-12,5,5457,7442362,West,0,0,8,30,10,0,0,0,0,0
STR_001,2022,10,10393444.05,1966,6190,Ahmedabad,Gujarat,Rural,Medium High-Street,5000,2018-02-12,5,5457,7442362,West,2,2,10,31,0,13,0,0,0,0
STR_001,2022,11,8584115.18,1668,4959,Ahmedabad,Gujarat,Rural,Medium High-Street,5000,2018-02-12,5,5457,7442362,West,0,0,8,30,0,0,6,0,0,0
STR_001,2022,12,10052212.68,1836,5624,Ahmedabad,Gujarat,Rural,Medium High-Street,5000,2018-02-12,5,5457,7442362,West,1,1,9,31,0,0,0,0,0,5
STR_001,2023,1,9952479.8,1811,5728,Ahmedabad,Gujarat,Rural,Medium High-Street,5000,2018-02-12,5,5457,7442362,West,2,2,9,31,0,4,0,0,0,0
STR_001,2023,2,8717995.28,1620,4897,Ahmedabad,Gujarat,Rural,Medium High-Street,5000,2018-02-12,5,5457,7442362,West,0,0,8,28,0,0,0,0,0,0
STR_001,2023,3,10156266.54,1869,5726,Ahmedabad,Gujarat,Rural,Medium High-Street,5000,2018-02-12,5,5457,7442362,West,1,1,8,31,0,0,0,0,0,0
STR_001,2023,4,9688356.78,1796,5529,Ahmedabad,Gujarat,Rural,Medium High-Street,5000,2018-02-12,5,5457,7442362,West,1,1,10,30,0,0,0,16,0,0
STR_001,2023,5,9551673.12,1762,5402,Ahmedabad,Gujarat,Rural,Medium High-Street,5000,2018-02-12,5,5457,7442362,West,0,0,8,31,0,0,0,0,0,0
STR_001,2023,6,8819580.18,1668,5084,Ahmedabad,Gujarat,Rural,Medium High-Street,5000,2018-02-12,5,5457,7442362,West,0,0,8,30,0,0,5,0,0,0
STR_001,2023,7,9586822.41,1771,5541,Ahmedabad,Gujarat,Rural,Medium High-Street,5000,2018-02-12,5,5457,7442362,West,0,0,10,31,0,0,4,0,0,0
STR_001,2023,8,9904312.93,1827,5620,Ahmedabad,Gujarat,Rural,Medium High-Street,5000,2018-02-12,5,5457,7442362,West,1,1,8,31,0,0,0,0,0,12
STR_001,2023,9,9673415.87,1794,5480,Ahmedabad,Gujarat,Rural,Medium High-Street,5000,2018-02-12,5,5457,7442362,West,0,0,9,30,0,0,0,0,0,0
STR_001,2023,10,10315519.32,1906,5934,Ahmedabad,Gujarat,Rural,Medium High-Street,5000,2018-02-12,5,5457,7442362,West,1,1,9,31,0,0,0,11,0,0
STR_001,2023,11,9676269.22,1787,5554,Ahmedabad,Gujarat,Rural,Medium High-Street,5000,2018-02-12,5,5457,7442362,West,1,1,8,30,0,0,4,0,0,0
STR_001,2023,12,9712480.89,1858,5643,Ahmedabad,Gujarat,Rural,Medium High-Street,5000,2018-02-12,5,5457,7442362,West,1,1,10,31,0,0,0,12,0,0
STR_001,2024,1,9723508.27,1815,5558,Ahmedabad,Gujarat,Rural,Medium High-Street,5000,2018-02-12,5,5457,7442362,West,2,2,8,31,0,0,10,0,0,0
STR_001,2024,2,8818650.86,1630,4973,Ahmedabad,Gujarat,Rural,Medium High-Street,5000,2018-02-12,5,5457,7442362,West,0,0,8,29,0,0,0,0,0,0
STR_001,2024,3,9448027.16,1792,5474,Ahmedabad,Gujarat,Rural,Medium High-Street,5000,2018-02-12,5,5457,7442362,West,1,1,10,31,0,0,0,0,0,0
STR_001,2024,4,9344850.63,1764,5397,Ahmedabad,Gujarat,Rural,Medium High-Street,5000,2018-02-12,5,5457,7442362,West,1,1,8,30,0,0,0,0,0,0
STR_001,2024,5,8468740.19,1733,5297,Ahmedabad,Gujarat,Rural,Medium High-Street,5000,2018-02-12,5,5457,7442362,West,0,0,8,31,14,0,0,0,0,0
STR_001,2024,6,9206182.75,1764,5357,Ahmedabad,Gujarat,Rural,Medium High-Street,5000,2018-02-12,5,5457,7442362,West,0,0,10,30,0,0,0,0,10,0
STR_001,2024,7,8892594.25,1667,5077,Ahmedabad,Gujarat,Rural,Medium High-Street,5000,2018-02-12,5,5457,7442362,West,0,0,8,31,0,0,0,11,0,0
STR_001,2024,8,10184772.79,1879,5821,Ahmedabad,Gujarat,Rural,Medium High-Street,5000,2018-02-12,5,5457,7442362,West,1,1,9,31,0,0,0,0,0,0
STR_001,2024,9,9115213.83,1679,5234,Ahmedabad,Gujarat,Rural,Medium High-Street,5000,2018-02-12,5,5457,7442362,West,0,0,9,30,0,0,0,0,0,0
STR_001,2024,10,10045255.73,1859,5817,Ahmedabad,Gujarat,Rural,Medium High-Street,5000,2018-02-12,5,5457,7442362,West,2,2,8,31,0,0,0,0,12,0
STR_001,2024,11,8985475.1,1692,5092,Ahmedabad,Gujarat,Rural,Medium High-Street,5000,2018-02-12,5,5457,7442362,West,0,0,9,30,0,5,0,0,0,0
STR_001,2024,12,10072858.82,1882,5809,Ahmedabad,Gujarat,Rural,Medium High-Street,5000,2018-02-12,5,5457,7442362,West,1,1,9,31,0,0,0,0,0,0
STR_001,2025,1,9660390.84,1796,5597,Ahmedabad,Gujarat,Rural,Medium High-Street,5000,2018-02-12,5,5457,7442362,West,2,2,8,31,0,0,0,15,0,0
STR_001,2025,2,7944025.71,1535,4612,Ahmedabad,Gujarat,Rural,Medium High-Street,5000,2018-02-12,5,5457,7442362,West,0,0,8,28,0,0,0,14,0,0
STR_001,2025,3,10176960.12,1904,5815,Ahmedabad,Gujarat,Rural,Medium High-Street,5000,2018-02-12,5,5457,7442362,West,2,2,10,31,0,0,0,0,0,0
STR_001,2025,4,8611016.28,1652,4919,Ahmedabad,Gujarat,Rural,Medium High-Street,5000,2018-02-12,5,5457,7442362,West,0,0,8,30,0,0,0,0,0,4
STR_001,2025,5,9588784.96,1789,5481,Ahmedabad,Gujarat,Rural,Medium High-Street,5000,2018-02-12,5,5457,7442362,West,0,0,9,31,0,0,5,0,0,0
STR_001,2025,6,9001033.88,1735,5219,Ahmedabad,Gujarat,Rural,Medium High-Street,5000,2018-02-12,5,5457,7442362,West,0,0,9,30,0,0,0,0,15,0
STR_001,2025,7,9232166.81,1818,5387,Ahmedabad,Gujarat,Rural,Medium High-Street,5000,2018-02-12,5,5457,7442362,West,0,0,8,31,0,0,8,0,0,0
STR_001,2025,8,9623205.92,1776,5599,Ahmedabad,Gujarat,Rural,Medium High-Street,5000,2018-02-12,5,5457,7442362,West,1,1,10,31,0,0,16,0,0,0
STR_001,2025,9,8781285.37,1679,5117,Ahmedabad,Gujarat,Rural,Medium High-Street,5000,2018-02-12,5,5457,7442362,West,0,0,8,30,0,0,11,0,0,0
STR_001,2025,10,9884549.87,1841,5714,Ahmedabad,Gujarat,Rural,Medium High-Street,5000,2018-02-12,5,5457,7442362,West,2,2,8,31,0,0,0,0,0,0
STR_001,2025,11,9042064.5,1732,5280,Ahmedabad,Gujarat,Rural,Medium High-Street,5000,2018-02-12,5,5457,7442362,West,0,0,10,30,0,0,15,0,0,0
STR_001,2025,12,8619410.84,1794,5402,Ahmedabad,Gujarat,Rural,Medium High-Street,5000,2018-02-12,5,5457,7442362,West,1,1,8,31,13,0,0,0,0,0
STR_002,2021,1,25876310.3,3937,15721,Pune,Maharashtra,Suburban,Large Format,10000,2019-12-19,9,7825,11034832,South,2,2,10,31,5,0,0,0,0,0
STR_002,2021,2,20639504.47,3287,12955,Pune,Maharashtra,Suburban,Large Format,10000,2019-12-19,9,7825,11034832,South,0,0,8,28,11,0,0,0,0,0
STR_002,2021,3,24740023.63,3541,14101,Pune,Maharashtra,Suburban,Large Format,10000,2019-12-19,9,7825,11034832,South,1,1,8,31,0,0,0,0,0,0
STR_002,2021,4,22951563.67,3294,13193,Pune,Maharashtra,Suburban,Large Format,10000,2019-12-19,9,7825,11034832,South,0,0,8,30,0,0,8,0,0,0
STR_002,2021,5,26141942.77,3780,15051,Pune,Maharashtra,Suburban,Large Format,10000,2019-12-19,9,7825,11034832,South,1,1,10,31,0,0,0,0,10,0
STR_002,2021,6,24660462.0,3606,14167,Pune,Maharashtra,Suburban,Large Format,10000,2019-12-19,9,7825,11034832,South,0,0,8,30,0,0,0,0,12,0
STR_002,2021,7,26072212.67,3745,14988,Pune,Maharashtra,Suburban,Large Format,10000,2019-12-19,9,7825,11034832,South,0,0,9,31,0,4,0,0,0,0
STR_002,2021,8,25350354.81,3691,14942,Pune,Maharashtra,Suburban,Large Format,10000,2019-12-19,9,7825,11034832,South,1,1,9,31,0,0,0,0,0,14
STR_002,2021,9,23712141.22,3484,13650,Pune,Maharashtra,Suburban,Large Format,10000,2019-12-19,9,7825,11034832,South,0,0,8,30,0,0,5,0,0,0
STR_002,2021,10,26175049.1,3742,14871,Pune,Maharashtra,Suburban,Large Format,10000,2019-12-19,9,7825,11034832,South,1,1,10,31,0,0,4,0,0,0
STR_002,2021,11,24935764.1,3607,14324,Pune,Maharashtra,Suburban,Large Format,10000,2019-12-19,9,7825,11034832,South,1,1,8,30,0,0,0,0,0,0
STR_002,2021,12,23546608.21,3496,13971,Pune,Maharashtra,Suburban,Large Format,10000,2019-12-19,9,7825,11034832,South,1,1,8,31,0,11,0,0,0,0
STR_002,2022,1,27655798.12,3949,15742,Pune,Maharashtra,Suburban,Large Format,10000,2019-12-19,9,7825,11034832,South,2,2,10,31,0,0,0,0,0,0
STR_002,2022,2,21611140.72,3178,12480,Pune,Maharashtra,Suburban,Large Format,10000,2019-12-19,9,7825,11034832,South,0,0,8,28,0,0,0,6,0,0
STR_002,2022,3,24550941.83,3676,14328,Pune,Maharashtra,Suburban,Large Format,10000,2019-12-19,9,7825,11034832,South,1,1,8,31,0,0,0,7,0,0
STR_002,2022,4,20755183.71,3397,13310,Pune,Maharashtra,Suburban,Large Format,10000,2019-12-19,9,7825,11034832,South,0,0,9,30,16,0,0,0,0,0
STR_002,2022,5,24584946.12,3722,14780,Pune,Maharashtra,Suburban,Large Format,10000,2019-12-19,9,7825,11034832,South,1,1,9,31,7,0,0,0,0,0
STR_002,2022,6,23839611.07,3464,13434,Pune,Maharashtra,Suburban,Large Format,10000,2019-12-19,9,7825,11034832,South,0,0,8,30,0,0,0,0,0,0
STR_002,2022,7,24291826.64,3467,13780,Pune,Maharashtra,Suburban,Large Format,10000,2019-12-19,9,7825,11034832,South,0,0,10,31,0,0,0,0,6,0
STR_002,2022,8,23785668.43,3657,14362,Pune,Maharashtra,Suburban,Large Format,10000,2019-12-19,9,7825,11034832,South,1,1,8,31,0,13,0,0,0,0
STR_002,2022,9,22536430.17,3356,13157,Pune,Maharashtra,Suburban,Large Format,10000,2019-12-19,9,7825,11034832,South,0,0,8,30,0,3,0,4,0,0
STR_002,2022,10,25622813.35,3714,14917,Pune,Maharashtra,Suburban,Large Format,10000,2019-12-19,9,7825,11034832,South,2,2,10,31,0,0,0,0,0,12
STR_002,2022,11,22294248.21,3288,12859,Pune,Maharashtra,Suburban,Large Format,10000,2019-12-19,9,7825,11034832,South,0,0,8,30,0,0,9,0,0,0
STR_002,2022,12,26635552.52,3781,15133,Pune,Maharashtra,Suburban,Large Format,10000,2019-12-19,9,7825,11034832,South,1,1,9,31,0,0,0,0,0,0
STR_002,2023,1,26261925.93,3760,15079,Pune,Maharashtra,Suburban,Large Format,10000,2019-12-19,9,7825,11034832,South,2,2,9,31,0,0,0,0,0,0
STR_002,2023,2,20360955.78,3041,11796,Pune,Maharashtra,Suburban,Large Format,10000,2019-12-19,9,7825,11034832,South,0,0,8,28,0,0,0,0,13,0
STR_002,2023,3,25241051.59,3652,14503,Pune,Maharashtra,Suburban,Large Format,10000,2019-12-19,9,7825,11034832,South,1,1,8,31,0,0,0,11,0,0
STR_002,2023,4,25732222.26,3726,14866,Pune,Maharashtra,Suburban,Large Format,10000,2019-12-19,9,7825,11034832,South,1,1,10,30,0,0,0,0,0,8
STR_002,2023,5,23957855.86,3548,13820,Pune,Maharashtra,Suburban,Large Format,10000,2019-12-19,9,7825,11034832,South,0,0,8,31,0,0,9,0,0,0
STR_002,2023,6,21443442.22,3295,13030,Pune,Maharashtra,Suburban,Large Format,10000,2019-12-19,9,7825,11034832,South,0,0,8,30,8,0,0,0,0,0
STR_002,2023,7,21861137.38,3514,13808,Pune,Maharashtra,Suburban,Large Format,10000,2019-12-19,9,7825,11034832,South,0,0,10,31,14,0,0,0,0,0
STR_002,2023,8,24311086.23,3502,13797,Pune,Maharashtra,Suburban,Large Format,10000,2019-12-19,9,7825,11034832,South,1,1,8,31,0,0,0,0,0,0
STR_002,2023,9,22783318.13,3479,13577,Pune,Maharashtra,Suburban,Large Format,10000,2019-12-19,9,7825,11034832,South,0,0,9,30,0,11,0,0,0,0
STR_002,2023,10,23062069.35,3588,14153,Pune,Maharashtra,Suburban,Large Format,10000,2019-12-19,9,7825,11034832,South,1,1,9,31,12,2,0,0,0,0
STR_002,2023,11,23701607.92,3467,13518,Pune,Maharashtra,Suburban,Large Format,10000,2019-12-19,9,7825,11034832,South,1,1,8,30,0,0,0,0,0,0
STR_002,2023,12,25910021.36,3793,14941,Pune,Maharashtra,Suburban,Large Format,10000,2019-12-19,9,7825,11034832,South,1,1,10,31,0,0,0,9,0,0
STR_002,2024,1,22598999.34,3525,14133,Pune,Maharashtra,Suburban,Large Format,10000,2019-12-19,9,7825,11034832,South,2,2,8,31,12,0,0,0,0,0
STR_002,2024,2,22199590.11,3272,12579,Pune,Maharashtra,Suburban,Large Format,10000,2019-12-19,9,7825,11034832,South,0,0,8,29,0,0,0,0,0,0
STR_002,2024,3,26098686.11,3825,15055,Pune,Maharashtra,Suburban,Large Format,10000,2019-12-19,9,7825,11034832,South,1,1,10,31,0,0,13,0,0,0
STR_002,2024,4,23689968.28,3493,13831,Pune,Maharashtra,Suburban,Large Format,10000,2019-12-19,9,7825,11034832,South,1,1,8,30,0,0,13,0,0,0
STR_002,2024,5,23732303.99,3504,13692,Pune,Maharashtra,Suburban,Large Format,10000,2019-12-19,9,7825,11034832,South,0,0,8,31,0,0,1,0,10,0
STR_002,2024,6,23193599.26,3403,13478,Pune,Maharashtra,Suburban,Large Format,10000,2019-12-19,9,7825,11034832,South,0,0,10,30,0,0,0,0,0,0
STR_002,2024,7,22591966.25,3489,13607,Pune,Maharashtra,Suburban,Large Format,10000,2019-12-19,9,7825,11034832,South,0,0,8,31,7,0,0,0,0,0
STR_002,2024,8,24863501.02,3611,14270,Pune,Maharashtra,Suburban,Large Format,10000,2019-12-19,9,7825,11034832,South,1,1,9,31,0,0,0,0,0,4
STR_002,2024,9,23330471.44,3395,13245,Pune,Maharashtra,Suburban,Large Format,10000,2019-12-19,9,7825,11034832,South,0,0,9,30,0,0,0,0,0,0
STR_002,2024,10,23349435.14,3543,14280,Pune,Maharashtra,Suburban,Large Format,10000,2019-12-19,9,7825,11034832,South,2,2,8,31,11,0,0,0,0,0
STR_002,2024,11,23915922.62,3504,13646,Pune,Maharashtra,Suburban,Large Format,10000,2019-12-19,9,7825,11034832,South,0,0,9,30,0,0,0,0,0,0
STR_002,2024,12,25493711.68,3693,14672,Pune,Maharashtra,Suburban,Large Format,10000,2019-12-19,9,7825,11034832,South,1,1,9,31,0,0,0,5,0,0
STR_002,2025,1,26268206.93,3789,15214,Pune,Maharashtra,Suburban,Large Format,10000,2019-12-19,9,7825,11034832,South,2,2,8,31,0,0,0,10,0,0
STR_002,2025,2,21099736.34,3193,12427,Pune,Maharashtra,Suburban,Large Format,10000,2019-12-19,9,7825,11034832,South,0,0,8,28,0,7,0,0,0,0
STR_002,2025,3,26923655.24,3878,15440,Pune,Maharashtra,Suburban,Large Format,10000,2019-12-19,9,7825,11034832,South,2,2,10,31,0,0,0,0,9,0
STR_002,2025,4,22833389.13,3375,13150,Pune,Maharashtra,Suburban,Large Format,10000,2019-12-19,9,7825,11034832,South,0,0,8,30,0,0,12,0,0,0
STR_002,2025,5,23474239.12,3503,13524,Pune,Maharashtra,Suburban,Large Format,10000,2019-12-19,9,7825,11034832,South,0,0,9,31,0,5,0,0,0,0
STR_002,2025,6,23262474.8,3442,13496,Pune,Maharashtra,Suburban,Large Format,10000,2019-12-19,9,7825,11034832,South,0,0,9,30,0,0,0,15,0,0
STR_002,2025,7,23351157.85,3452,13581,Pune,Maharashtra,Suburban,Large Format,10000,2019-12-19,9,7825,11034832,South,0,0,8,31,0,0,0,0,0,9
STR_002,2025,8,25709301.13,3678,14615,Pune,Maharashtra,Suburban,Large Format,10000,2019-12-19,9,7825,11034832,South,1,1,10,31,0,0,0,0,0,0
STR_002,2025,9,22985826.37,3375,13215,Pune,Maharashtra,Suburban,Large Format,10000,2019-12-19,9,7825,11034832,South,0,0,8,30,0,0,8,0,0,0
STR_002,2025,10,24998383.81,3607,14224,Pune,Maharashtra,Suburban,Large Format,10000,2019-12-19,9,7825,11034832,South,2,2,8,31,0,0,0,0,0,0
STR_002,2025,11,22485087.4,3408,13232,Pune,Maharashtra,Suburban,Large Format,10000,2019-12-19,9,7825,11034832,South,0,0,10,30,0,0,0,0,0,15
STR_002,2025,12,24453184.08,3533,13970,Pune,Maharashtra,Suburban,Large Format,10000,2019-12-19,9,7825,11034832,South,1,1,8,31,0,0,0,0,0,0
STR_003,2021,1,10018543.39,1880,5867,Bangalore,Karnataka,Suburban,Medium High-Street,5000,2015-09-08,8,2577,3089775,West,2,2,10,31,0,0,0,13,0,0
STR_003,2021,2,8588234.86,1611,4842,Bangalore,Karnataka,Suburban,Medium High-Street,5000,2015-09-08,8,2577,3089775,West,0,0,8,28,0,0,0,0,0,0
STR_003,2021,3,9213805.06,1752,5360,Bangalore,Karnataka,Suburban,Medium High-Street,5000,2015-09-08,8,2577,3089775,West,1,1,8,31,0,0,0,0,0,12
STR_003,2021,4,9818736.18,1818,5650,Bangalore,Karnataka,Suburban,Medium High-Street,5000,2015-09-08,8,2577,3089775,West,0,0,8,30,0,0,0,0,9,0
STR_003,2021,5,10054859.31,1858,5791,Bangalore,Karnataka,Suburban,Medium High-Street,5000,2015-09-08,8,2577,3089775,West,1,1,10,31,0,0,0,0,0,0
STR_003,2021,6,9124613.77,1699,5151,Bangalore,Karnataka,Suburban,Medium High-Street,5000,2015-09-08,8,2577,3089775,West,0,0,8,30,0,0,12,0,0,0
STR_003,2021,7,9464594.96,1755,5354,Bangalore,Karnataka,Suburban,Medium High-Street,5000,2015-09-08,8,2577,3089775,West,0,0,9,31,0,0,3,0,0,0
STR_003,2021,8,10067487.13,1857,5789,Bangalore,Karnataka,Suburban,Medium High-Street,5000,2015-09-08,8,2577,3089775,West,1,1,9,31,0,0,6,0,0,0
STR_003,2021,9,8896075.6,1719,5198,Bangalore,Karnataka,Suburban,Medium High-Street,5000,2015-09-08,8,2577,3089775,West,0,0,8,30,0,0,0,11,0,0
STR_003,2021,10,9407422.93,1836,5623,Bangalore,Karnataka,Suburban,Medium High-Street,5000,2015-09-08,8,2577,3089775,West,1,1,10,31,0,16,0,2,0,0
STR_003,2021,11,9503905.0,1762,5469,Bangalore,Karnataka,Suburban,Medium High-Street,5000,2015-09-08,8,2577,3089775,West,1,1,8,30,0,0,0,0,0,0
STR_003,2021,12,9636230.51,1812,5618,Bangalore,Karnataka,Suburban,Medium High-Street,5000,2015-09-08,8,2577,3089775,West,1,1,8,31,0,0,13,0,0,0
STR_003,2022,1,10135696.24,1866,5778,Bangalore,Karnataka,Suburban,Medium High-Street,5000,2015-09-08,8,2577,3089775,West,2,2,10,31,0,0,0,0,0,0
STR_003,2022,2,8777426.37,1611,5008,Bangalore,Karnataka,Suburban,Medium High-Street,5000,2015-09-08,8,2577,3089775,West,0,0,8,28,0,0,7,0,0,0
STR_003,2022,3,9667912.03,1817,5716,Bangalore,Karnataka,Suburban,Medium High-Street,5000,2015-09-08,8,2577,3089775,West,1,1,8,31,0,0,0,0,0,14
STR_003,2022,4,9238170.45,1732,5292,Bangalore,Karnataka,Suburban,Medium High-Street,5000,2015-09-08,8,2577,3089775,West,0,0,9,30,0,0,0,0,0,0
STR_003,2022,5,9801166.29,1801,5554,Bangalore,Karnataka,Suburban,Medium High-Street,5000,2015-09-08,8,2577,3089775,West,1,1,9,31,0,0,0,0,0,0
STR_003,2022,6,8639750.68,1731,5250,Bangalore,Karnataka,Suburban,Medium High-Street,5000,2015-09-08,8,2577,3089775,West,0,0,8,30,0,16,0,0,0,0
STR_003,2022,7,9768375.09,1840,5602,Bangalore,Karnataka,Suburban,Medium High-Street,5000,2015-09-08,8,2577,3089775,West,0,0,10,31,0,0,0,0,0,0
STR_003,2022,8,9589203.87,1867,5806,Bangalore,Karnataka,Suburban,Medium High-Street,5000,2015-09-08,8,2577,3089775,West,1,1,8,31,8,0,0,0,0,0
STR_003,2022,9,9255584.15,1757,5356,Bangalore,Karnataka,Suburban,Medium High-Street,5000,2015-09-08,8,2577,3089775,West,0,0,8,30,0,0,0,0,0,0
STR_003,2022,10,10053069.6,1849,5773,Bangalore,Karnataka,Suburban,Medium High-Street,5000,2015-09-08,8,2577,3089775,West,2,2,10,31,0,0,0,0,0,6
STR_003,2022,11,8974327.99,1714,5267,Bangalore,Karnataka,Suburban,Medium High-Street,5000,2015-09-08,8,2577,3089775,West,0,0,8,30,0,0,0,0,0,8
STR_003,2022,12,10005850.48,1944,5973,Bangalore,Karnataka,Suburban,Medium High-Street,5000,2015-09-08,8,2577,3089775,West,1,1,9,31,0,13,0,0,0,0
STR_003,2023,1,9602140.09,1868,5868,Bangalore,Karnataka,Suburban,Medium High-Street,5000,2015-09-08,8,2577,3089775,West,2,2,9,31,9,0,0,0,0,0
STR_003,2023,2,8546145.51,1617,4989,Bangalore,Karnataka,Suburban,Medium High-Street,5000,2015-09-08,8,2577,3089775,West,0,0,8,28,0,0,0,8,0,0
STR_003,2023,3,8405962.48,1706,5266,Bangalore,Karnataka,Suburban,Medium High-Street,5000,2015-09-08,8,2577,3089775,West,1,1,8,31,14,0,0,0,0,0
STR_003,2023,4,9352574.37,1823,5543,Bangalore,Karnataka,Suburban,Medium High-Street,5000,2015-09-08,8,2577,3089775,West,1,1,10,30,0,10,0,0,0,0
STR_003,2023,5,8711451.11,1683,5104,Bangalore,Karnataka,Suburban,Medium High-Street,5000,2015-09-08,8,2577,3089775,West,0,0,8,31,0,0,0,12,0,0
STR_003,2023,6,8361113.2,1683,5130,Bangalore,Karnataka,Suburban,Medium High-Street,5000,2015-09-08,8,2577,3089775,West,0,0,8,30,9,0,0,0,0,0
STR_003,2023,7,9634943.18,1793,5572,Bangalore,Karnataka,Suburban,Medium High-Street,5000,2015-09-08,8,2577,3089775,West,0,0,10,31,0,0,0,0,9,0
STR_003,2023,8,9471577.09,1781,5430,Bangalore,Karnataka,Suburban,Medium High-Street,5000,2015-09-08,8,2577,3089775,West,1,1,8,31,0,0,0,0,0,0
STR_003,2023,9,9308706.81,1752,5419,Bangalore,Karnataka,Suburban,Medium High-Street,5000,2015-09-08,8,2577,3089775,West,0,0,9,30,0,0,0,0,11,0
STR_003,2023,10,9824841.12,1841,5676,Bangalore,Karnataka,Suburban,Medium High-Street,5000,2015-09-08,8,2577,3089775,West,1,1,9,31,0,0,14,0,3,0
STR_003,2023,11,9158375.0,1765,5516,Bangalore,Karnataka,Suburban,Medium High-Street,5000,2015-09-08,8,2577,3089775,West,1,1,8,30,0,9,0,0,0,0
STR_003,2023,12,10398250.6,1921,6022,Bangalore,Karnataka,Suburban,Medium High-Street,5000,2015-09-08,8,2577,3089775,West,1,1,10,31,0,0,15,0,0,0
STR_003,2024,1,10152258.95,1891,5784,Bangalore,Karnataka,Suburban,Medium High-Street,5000,2015-09-08,8,2577,3089775,West,2,2,8,31,0,0,0,0,0,0
STR_003,2024,2,8449879.12,1681,5191,Bangalore,Karnataka,Suburban,Medium High-Street,5000,2015-09-08,8,2577,3089775,West,0,0,8,29,8,0,0,0,0,0
STR_003,2024,3,9884446.98,1822,5673,Bangalore,Karnataka,Suburban,Medium High-Street,5000,2015-09-08,8,2577,3089775,West,1,1,10,31,0,0,0,0,9,0
STR_003,2024,4,9265548.15,1726,5395,Bangalore,Karnataka,Suburban,Medium High-Street,5000,2015-09-08,8,2577,3089775,West,1,1,8,30,6,0,0,0,0,0
STR_003,2024,5,8735678.69,1664,5071,Bangalore,Karnataka,Suburban,Medium High-Street,5000,2015-09-08,8,2577,3089775,West,0,0,8,31,0,0,0,7,0,0
STR_003,2024,6,9785414.12,1807,5598,Bangalore,Karnataka,Suburban,Medium High-Street,5000,2015-09-08,8,2577,3089775,West,0,0,10,30,0,0,0,0,0,5
STR_003,2024,7,8970168.07,1696,5173,Bangalore,Karnataka,Suburban,Medium High-Street,5000,2015-09-08,8,2577,3089775,West,0,0,8,31,0,0,0,0,14,0
STR_003,2024,8,9372664.7,1787,5467,Bangalore,Karnataka,Suburban,Medium High-Street,5000,2015-09-08,8,2577,3089775,West,1,1,9,31,0,0,0,0,6,0
STR_003,2024,9,8817273.24,1738,5231,Bangalore,Karnataka,Suburban,Medium High-Street,5000,2015-09-08,8,2577,3089775,West,0,0,9,30,6,0,0,0,0,0
STR_003,2024,10,10492340.98,1900,6034,Bangalore,Karnataka,Suburban,Medium High-Street,5000,2015-09-08,8,2577,3089775,West,2,2,8,31,0,0,4,0,0,0
STR_003,2024,11,8700534.14,1695,5245,Bangalore,Karnataka,Suburban,Medium High-Street,5000,2015-09-08,8,2577,3089775,West,0,0,9,30,0,11,0,0,0,0
STR_003,2024,12,9907938.23,1828,5721,Bangalore,Karnataka,Suburban,Medium High-Street,5000,2015-09-08,8,2577,3089775,West,1,1,9,31,0,0,0,0,5,0
STR_003,2025,1,10099547.35,1866,5729,Bangalore,Karnataka,Suburban,Medium High-Street,5000,2015-09-08,8,2577,3089775,West,2,2,8,31,0,0,0,6,0,0
STR_003,2025,2,8300309.44,1512,4699,Bangalore,Karnataka,Suburban,Medium High-Street,5000,2015-09-08,8,2577,3089775,West,0,0,8,28,0,0,0,0,0,0
STR_003,2025,3,10041625.8,1854,5803,Bangalore,Karnataka,Suburban,Medium High-Street,5000,2015-09-08,8,2577,3089775,West,2,2,10,31,0,0,0,0,0,0
STR_003,2025,4,9214335.86,1711,5194,Bangalore,Karnataka,Suburban,Medium High-Street,5000,2015-09-08,8,2577,3089775,West,0,0,8,30,0,0,0,0,0,0
STR_003,2025,5,8663324.29,1733,5302,Bangalore,Karnataka,Suburban,Medium High-Street,5000,2015-09-08,8,2577,3089775,West,0,0,9,31,0,15,0,0,0,0
STR_003,2025,6,8898959.24,1725,5100,Bangalore,Karnataka,Suburban,Medium High-Street,5000,2015-09-08,8,2577,3089775,West,0,0,9,30,0,0,0,0,0,0
STR_003,2025,7,8764106.14,1677,5139,Bangalore,Karnataka,Suburban,Medium High-Street,5000,2015-09-08,8,2577,3089775,West,0,0,8,31,0,0,13,0,0,0
STR_003,2025,8,9818621.02,1873,5800,Bangalore,Karnataka,Suburban,Medium High-Street,5000,2015-09-08,8,2577,3089775,West,1,1,10,31,0,0,9,0,0,0
STR_003,2025,9,8714414.91,1669,5073,Bangalore,Karnataka,Suburban,Medium High-Street,5000,2015-09-08,8,2577,3089775,West,0,0,8,30,0,0,0,0,0,15
STR_003,2025,10,10120068.33,1856,5790,Bangalore,Karnataka,Suburban,Medium High-Street,5000,2015-09-08,8,2577,3089775,West,2,2,8,31,0,0,8,0,0,0
STR_003,2025,11,8832121.74,1717,5126,Bangalore,Karnataka,Suburban,Medium High-Street,5000,2015-09-08,8,2577,3089775,West,0,0,10,30,0,0,0,0,0,12
STR_003,2025,12,9737841.22,1776,5525,Bangalore,Karnataka,Suburban,Medium High-Street,5000,2015-09-08,8,2577,3089775,West,1,1,8,31,0,0,0,5,0,0
STR_004,2021,1,10117222.84,1858,5867,Hyderabad,Telangana,Metro,Medium High-Street,5000,2016-10-25,8,4335,3769901,East,2,2,10,31,0,0,0,0,0,0
STR_004,2021,2,7967001.03,1584,4829,Hyderabad,Telangana,Metro,Medium High-Street,5000,2016-10-25,8,4335,3769901,East,0,0,8,28,9,0,0,0,0,0
STR_004,2021,3,8864744.55,1703,5328,Hyderabad,Telangana,Metro,Medium High-Street,5000,2016-10-25,8,4335,3769901,East,1,1,8,31,10,0,0,0,0,0
STR_004,2021,4,9063682.6,1697,5240,Hyderabad,Telangana,Metro,Medium High-Street,5000,2016-10-25,8,4335,3769901,East,0,0,8,30,0,4,0,0,0,0
STR_004,2021,5,9943435.9,1835,5712,Hyderabad,Telangana,Metro,Medium High-Street,5000,2016-10-25,8,4335,3769901,East,1,1,10,31,0,0,0,8,0,0
STR_004,2021,6,9233089.73,1733,5401,Hyderabad,Telangana,Metro,Medium High-Street,5000,2016-10-25,8,4335,3769901,East,0,0,8,30,0,0,0,10,0,0
STR_004,2021,7,9654514.98,1825,5499,Hyderabad,Telangana,Metro,Medium High-Street,5000,2016-10-25,8,4335,3769901,East,0,0,9,31,0,0,7,0,0,0
STR_004,2021,8,9790782.15,1833,5623,Hyderabad,Telangana,Metro,Medium High-Street,5000,2016-10-25,8,4335,3769901,East,1,1,9,31,0,0,0,0,0,0
STR_004,2021,9,9040604.16,1682,5228,Hyderabad,Telangana,Metro,Medium High-Street,5000,2016-10-25,8,4335,3769901,East,0,0,8,30,0,0,0,11,0,0
STR_004,2021,10,10012176.15,1880,5707,Hyderabad,Telangana,Metro,Medium High-Street,5000,2016-10-25,8,4335,3769901,East,1,1,10,31,0,0,0,5,4,0
STR_004,2021,11,9437410.15,1753,5456,Hyderabad,Telangana,Metro,Medium High-Street,5000,2016-10-25,8,4335,3769901,East,1,1,8,30,0,0,0,0,7,0
STR_004,2021,12,10094567.11,1851,5686,Hyderabad,Telangana,Metro,Medium High-Street,5000,2016-10-25,8,4335,3769901,East,1,1,8,31,0,0,0,0,4,0
STR_004,2022,1,10023939.81,1888,5829,Hyderabad,Telangana,Metro,Medium High-Street,5000,2016-10-25,8,4335,3769901,East,2,2,10,31,0,0,13,0,0,0
STR_004,2022,2,8260180.14,1696,5165,Hyderabad,Telangana,Metro,Medium High-Street,5000,2016-10-25,8,4335,3769901,East,0,0,8,28,10,0,0,0,0,0
STR_004,2022,3,9921916.38,1830,5718,Hyderabad,Telangana,Metro,Medium High-Street,5000,2016-10-25,8,4335,3769901,East,1,1,8,31,0,0,0,0,0,0
STR_004,2022,4,9026640.67,1784,5460,Hyderabad,Telangana,Metro,Medium High-Street,5000,2016-10-25,8,4335,3769901,East,0,0,9,30,0,13,0,0,0,0
STR_004,2022,5,9978033.38,1866,5684,Hyderabad,Telangana,Metro,Medium High-Street,5000,2016-10-25,8,4335,3769901,East,1,1,9,31,0,0,0,0,0,0
STR_004,2022,6,9198995.18,1719,5216,Hyderabad,Telangana,Metro,Medium High-Street,5000,2016-10-25,8,4335,3769901,East,0,0,8,30,0,0,0,0,0,0
STR_004,2022,7,9563672.9,1792,5467,Hyderabad,Telangana,Metro,Medium High-Street,5000,2016-10-25,8,4335,3769901,East,0,0,10,31,0,0,0,4,0,0
STR_004,2022,8,9408100.93,1752,5320,Hyderabad,Telangana,Metro,Medium High-Street,5000,2016-10-25,8,4335,3769901,East,1,1,8,31,0,0,0,0,0,0
STR_004,2022,9,8491883.68,1628,4870,Hyderabad,Telangana,Metro,Medium High-Street,5000,2016-10-25,8,4335,3769901,East,0,0,8,30,0,0,0,0,0,0
STR_004,2022,10,10372392.42,1913,5987,Hyderabad,Telangana,Metro,Medium High-Street,5000,2016-10-25,8,4335,3769901,East,2,2,10,31,0,0,0,0,13,0
STR_004,2022,11,8983198.04,1676,5106,Hyderabad,Telangana,Metro,Medium High-Street,5000,2016-10-25,8,4335,3769901,East,0,0,8,30,0,0,0,0,0,7
STR_004,2022,12,10246201.98,1904,5916,Hyderabad,Telangana,Metro,Medium High-Street,5000,2016-10-25,8,4335,3769901,East,1,1,9,31,0,0,0,16,0,0
STR_004,2023,1,10536441.57,1903,6067,Hyderabad,Telangana,Metro,Medium High-Street,5000,2016-10-25,8,4335,3769901,East,2,2,9,31,0,0,0,0,0,0
STR_004,2023,2,8308223.6,1591,4759,Hyderabad,Telangana,Metro,Medium High-Street,5000,2016-10-25,8,4335,3769901,East,0,0,8,28,0,0,11,0,0,0
STR_004,2023,3,10093828.06,1860,5785,Hyderabad,Telangana,Metro,Medium High-Street,5000,2016-10-25,8,4335,3769901,East,1,1,8,31,0,0,5,0,0,0
STR_004,2023,4,9500250.64,1849,5626,Hyderabad,Telangana,Metro,Medium High-Street,5000,2016-10-25,8,4335,3769901,East,1,1,10,30,0,0,0,0,0,5
STR_004,2023,5,9188681.77,1755,5289,Hyderabad,Telangana,Metro,Medium High-Street,5000,2016-10-25,8,4335,3769901,East,0,0,8,31,0,0,0,0,0,0
STR_004,2023,6,9350308.97,1743,5387,Hyderabad,Telangana,Metro,Medium High-Street,5000,2016-10-25,8,4335,3769901,East,0,0,8,30,0,0,0,0,11,0
STR_004,2023,7,9588816.66,1795,5468,Hyderabad,Telangana,Metro,Medium High-Street,5000,2016-10-25,8,4335,3769901,East,0,0,10,31,0,0,0,0,0,0
STR_004,2023,8,9384983.13,1767,5480,Hyderabad,Telangana,Metro,Medium High-Street,5000,2016-10-25,8,4335,3769901,East,1,1,8,31,0,0,0,0,5,0
STR_004,2023,9,8767917.73,1657,5069,Hyderabad,Telangana,Metro,Medium High-Street,5000,2016-10-25,8,4335,3769901,East,0,0,9,30,0,0,0,6,0,0
STR_004,2023,10,9447152.33,1790,5480,Hyderabad,Telangana,Metro,Medium High-Street,5000,2016-10-25,8,4335,3769901,East,1,1,9,31,0,0,0,7,0,0
STR_004,2023,11,9687076.74,1784,5607,Hyderabad,Telangana,Metro,Medium High-Street,5000,2016-10-25,8,4335,3769901,East,1,1,8,30,0,0,0,0,0,8
STR_004,2023,12,9669002.18,1827,5558,Hyderabad,Telangana,Metro,Medium High-Street,5000,2016-10-25,8,4335,3769901,East,1,1,10,31,0,0,0,0,6,0
STR_004,2024,1,9884745.99,1925,6031,Hyderabad,Telangana,Metro,Medium High-Street,5000,2016-10-25,8,4335,3769901,East,2,2,8,31,0,12,0,0,0,0
STR_004,2024,2,8588554.58,1641,4979,Hyderabad,Telangana,Metro,Medium High-Street,5000,2016-10-25,8,4335,3769901,East,0,0,8,29,0,0,0,0,0,0
STR_004,2024,3,9934111.12,1844,5668,Hyderabad,Telangana,Metro,Medium High-Street,5000,2016-10-25,8,4335,3769901,East,1,1,10,31,0,0,0,0,14,0
STR_004,2024,4,10033148.02,1851,5663,Hyderabad,Telangana,Metro,Medium High-Street,5000,2016-10-25,8,4335,3769901,East,1,1,8,30,0,0,0,0,0,0
STR_004,2024,5,8826196.94,1660,5091,Hyderabad,Telangana,Metro,Medium High-Street,5000,2016-10-25,8,4335,3769901,East,0,0,8,31,0,0,6,0,0,0
STR_004,2024,6,9508962.38,1762,5297,Hyderabad,Telangana,Metro,Medium High-Street,5000,2016-10-25,8,4335,3769901,East,0,0,10,30,0,0,0,0,0,0
STR_004,2024,7,8667049.06,1690,5174,Hyderabad,Telangana,Metro,Medium High-Street,5000,2016-10-25,8,4335,3769901,East,0,0,8,31,9,0,0,0,0,0
STR_004,2024,8,9828208.03,1816,5587,Hyderabad,Telangana,Metro,Medium High-Street,5000,2016-10-25,8,4335,3769901,East,1,1,9,31,0,0,0,0,0,0
STR_004,2024,9,8746966.35,1671,5140,Hyderabad,Telangana,Metro,Medium High-Street,5000,2016-10-25,8,4335,3769901,East,0,0,9,30,0,4,0,0,0,0
STR_004,2024,10,9315810.9,1792,5441,Hyderabad,Telangana,Metro,Medium High-Street,5000,2016-10-25,8,4335,3769901,East,2,2,8,31,0,0,0,0,12,0
STR_004,2024,11,8737079.19,1811,5467,Hyderabad,Telangana,Metro,Medium High-Street,5000,2016-10-25,8,4335,3769901,East,0,0,9,30,11,0,0,0,0,0
STR_004,2024,12,10046320.14,1835,5713,Hyderabad,Telangana,Metro,Medium High-Street,5000,2016-10-25,8,4335,3769901,East,1,1,9,31,0,0,0,0,0,0
STR_004,2025,1,10221684.99,1861,5921,Hyderabad,Telangana,Metro,Medium High-Street,5000,2016-10-25,8,4335,3769901,East,2,2,8,31,0,0,0,0,0,0
STR_004,2025,2,8614084.08,1597,4885,Hyderabad,Telangana,Metro,Medium High-Street,5000,2016-10-25,8,4335,3769901,East,0,0,8,28,0,0,0,0,0,0
STR_004,2025,3,9862258.23,1869,5746,Hyderabad,Telangana,Metro,Medium High-Street,5000,2016-10-25,8,4335,3769901,East,2,2,10,31,0,0,0,0,9,0
STR_004,2025,4,8457318.04,1623,4883,Hyderabad,Telangana,Metro,Medium High-Street,5000,2016-10-25,8,4335,3769901,East,0,0,8,30,0,0,0,0,0,9
STR_004,2025,5,8703666.56,1759,5307,Hyderabad,Telangana,Metro,Medium High-Street,5000,2016-10-25,8,4335,3769901,East,0,0,9,31,13,0,0,0,0,0
STR_004,2025,6,9090128.7,1713,5305,Hyderabad,Telangana,Metro,Medium High-Street,5000,2016-10-25,8,4335,3769901,East,0,0,9,30,0,5,0,0,0,0
STR_004,2025,7,8658612.91,1655,5022,Hyderabad,Telangana,Metro,Medium High-Street,5000,2016-10-25,8,4335,3769901,East,0,0,8,31,0,0,0,15,0,0
STR_004,2025,8,9186309.95,1866,5770,Hyderabad,Telangana,Metro,Medium High-Street,5000,2016-10-25,8,4335,3769901,East,1,1,10,31,12,0,0,0,0,0
STR_004,2025,9,8683336.38,1726,5203,Hyderabad,Telangana,Metro,Medium High-Street,5000,2016-10-25,8,4335,3769901,East,0,0,8,30,10,0,0,0,0,0
STR_004,2025,10,9857361.46,1863,5876,Hyderabad,Telangana,Metro,Medium High-Street,5000,2016-10-25,8,4335,3769901,East,2,2,8,31,0,14,0,0,0,0
STR_004,2025,11,9632211.77,1795,5567,Hyderabad,Telangana,Metro,Medium High-Street,5000,2016-10-25,8,4335,3769901,East,0,0,10,30,0,0,0,0,0,0
STR_004,2025,12,9856091.11,1803,5639,Hyderabad,Telangana,Metro,Medium High-Street,5000,2016-10-25,8,4335,3769901,East,1,1,8,31,0,0,0,0,0,0
STR_005,2021,1,9956316.62,1893,5840,Kolkata,West Bengal,Metro,Medium High-Street,5000,2018-05-29,10,3823,2101394,South,2,2,10,31,0,0,0,0,16,0
STR_005,2021,2,8343584.4,1570,4769,Kolkata,West Bengal,Metro,Medium High-Street,5000,2018-05-29,10,3823,2101394,South,0,0,8,28,0,0,0,0,5,0
STR_005,2021,3,8813175.87,1755,5447,Kolkata,West Bengal,Metro,Medium High-Street,5000,2018-05-29,10,3823,2101394,South,1,1,8,31,12,0,0,0,0,0
STR_005,2021,4,8503298.02,1632,4877,Kolkata,West Bengal,Metro,Medium High-Street,5000,2018-05-29,10,3823,2101394,South,0,0,8,30,1,0,0,5,0,0
STR_005,2021,5,9445743.06,1756,5494,Kolkata,West Bengal,Metro,Medium High-Street,5000,2018-05-29,10,3823,2101394,South,1,1,10,31,0,0,0,0,9,0
STR_005,2021,6,8783334.04,1711,5228,Kolkata,West Bengal,Metro,Medium High-Street,5000,2018-05-29,10,3823,2101394,South,0,0,8,30,0,0,0,0,14,0
STR_005,2021,7,9468201.69,1770,5419,Kolkata,West Bengal,Metro,Medium High-Street,5000,2018-05-29,10,3823,2101394,South,0,0,9,31,0,0,0,0,0,0
STR_005,2021,8,9376497.83,1785,5431,Kolkata,West Bengal,Metro,Medium High-Street,5000,2018-05-29,10,3823,2101394,South,1,1,9,31,0,0,0,0,0,0
STR_005,2021,9,8602702.78,1675,5141,Kolkata,West Bengal,Metro,Medium High-Street,5000,2018-05-29,10,3823,2101394,South,0,0,8,30,0,13,0,0,0,0
STR_005,2021,10,8690736.07,1849,5669,Kolkata,West Bengal,Metro,Medium High-Street,5000,2018-05-29,10,3823,2101394,South,1,1,10,31,15,2,0,0,0,0
STR_005,2021,11,9150616.32,1728,5266,Kolkata,West Bengal,Metro,Medium High-Street,5000,2018-05-29,10,3823,2101394,South,1,1,8,30,0,0,0,0,0,0
STR_005,2021,12,9347460.24,1737,5389,Kolkata,West Bengal,Metro,Medium High-Street,5000,2018-05-29,10,3823,2101394,South,1,1,8,31,0,0,0,0,0,0
STR_005,2022,1,9214346.27,1883,5907,Kolkata,West Bengal,Metro,Medium High-Street,5000,2018-05-29,10,3823,2101394,South,2,2,10,31,15,0,0,0,0,0
STR_005,2022,2,8491316.04,1625,4941,Kolkata,West Bengal,Metro,Medium High-Street,5000,2018-05-29,10,3823,2101394,South,0,0,8,28,0,0,0,4,0,0
STR_005,2022,3,9708816.53,1859,5647,Kolkata,West Bengal,Metro,Medium High-Street,5000,2018-05-29,10,3823,2101394,South,1,1,8,31,0,0,13,0,0,0
STR_005,2022,4,8832025.5,1698,5101,Kolkata,West Bengal,Metro,Medium High-Street,5000,2018-05-29,10,3823,2101394,South,0,0,9,30,0,0,0,0,6,0
STR_005,2022,5,9330296.95,1784,5412,Kolkata,West Bengal,Metro,Medium High-Street,5000,2018-05-29,10,3823,2101394,South,1,1,9,31,0,0,0,4,0,0
STR_005,2022,6,8995215.18,1702,5235,Kolkata,West Bengal,Metro,Medium High-Street,5000,2018-05-29,10,3823,2101394,South,0,0,8,30,0,5,0,0,0,0
STR_005,2022,7,9658143.96,1756,5482,Kolkata,West Bengal,Metro,Medium High-Street,5000,2018-05-29,10,3823,2101394,South,0,0,10,31,0,0,0,0,0,0
STR_005,2022,8,9389088.89,1773,5414,Kolkata,West Bengal,Metro,Medium High-Street,5000,2018-05-29,10,3823,2101394,South,1,1,8,31,0,7,0,0,0,0
STR_005,2022,9,8791441.19,1739,5277,Kolkata,West Bengal,Metro,Medium High-Street,5000,2018-05-29,10,3823,2101394,South,0,0,8,30,0,10,0,0,0,0
STR_005,2022,10,10079530.05,1880,5829,Kolkata,West Bengal,Metro,Medium High-Street,5000,2018-05-29,10,3823,2101394,South,2,2,10,31,0,0,11,0,0,0
STR_005,2022,11,9209193.24,1722,5276,Kolkata,West Bengal,Metro,Medium High-Street,5000,2018-05-29,10,3823,2101394,South,0,0,8,30,0,0,0,0,0,0
STR_005,2022,12,10115248.94,1856,5725,Kolkata,West Bengal,Metro,Medium High-Street,5000,2018-05-29,10,3823,2101394,South,1,1,9,31,0,0,0,0,0,0
STR_005,2023,1,9815908.55,1917,6087,Kolkata,West Bengal,Metro,Medium High-Street,5000,2018-05-29,10,3823,2101394,South,2,2,9,31,0,16,0,0,0,0
STR_005,2023,2,8522355.79,1616,4951,Kolkata,West Bengal,Metro,Medium High-Street,5000,2018-05-29,10,3823,2101394,South,0,0,8,28,0,0,0,0,12,0
STR_005,2023,3,9183575.82,1747,5426,Kolkata,West Bengal,Metro,Medium High-Street,5000,2018-05-29,10,3823,2101394,South,1,1,8,31,0,0,0,0,0,15
STR_005,2023,4,9886441.31,1775,5645,Kolkata,West Bengal,Metro,Medium High-Street,5000,2018-05-29,10,3823,2101394,South,1,1,10,30,0,0,7,0,0,0
STR_005,2023,5,8600715.81,1721,5340,Kolkata,West Bengal,Metro,Medium High-Street,5000,2018-05-29,10,3823,2101394,South,0,0,8,31,11,0,0,0,0,0
STR_005,2023,6,8609527.94,1640,5002,Kolkata,West Bengal,Metro,Medium High-Street,5000,2018-05-29,10,3823,2101394,South,0,0,8,30,0,0,13,0,0,0
STR_005,2023,7,9773554.75,1810,5532,Kolkata,West Bengal,Metro,Medium High-Street,5000,2018-05-29,10,3823,2101394,South,0,0,10,31,0,0,1,0,0,0
STR_005,2023,8,9782581.58,1857,5704,Kolkata,West Bengal,Metro,Medium High-Street,5000,2018-05-29,10,3823,2101394,South,1,1,8,31,0,0,0,7,0,0
STR_005,2023,9,8679171.97,1697,5300,Kolkata,West Bengal,Metro,Medium High-Street,5000,2018-05-29,10,3823,2101394,South,0,0,9,30,0,12,0,0,0,0
STR_005,2023,10,9371291.22,1786,5569,Kolkata,West Bengal,Metro,Medium High-Street,5000,2018-05-29,10,3823,2101394,South,1,1,9,31,5,4,0,0,0,0
STR_005,2023,11,8733774.54,1691,5339,Kolkata,West Bengal,Metro,Medium High-Street,5000,2018-05-29,10,3823,2101394,South,1,1,8,30,11,0,0,0,0,0
STR_005,2023,12,9591337.28,1898,5780,Kolkata,West Bengal,Metro,Medium High-Street,5000,2018-05-29,10,3823,2101394,South,1,1,10,31,6,0,0,0,0,0
STR_005,2024,1,10537254.06,1907,6119,Kolkata,West Bengal,Metro,Medium High-Street,5000,2018-05-29,10,3823,2101394,South,2,2,8,31,0,8,0,0,0,0
STR_005,2024,2,8863984.27,1720,5179,Kolkata,West Bengal,Metro,Medium High-Street,5000,2018-05-29,10,3823,2101394,South,0,0,8,29,0,0,0,0,9,0
STR_005,2024,3,9860748.18,1841,5766,Kolkata,West Bengal,Metro,Medium High-Street,5000,2018-05-29,10,3823,2101394,South,1,1,10,31,0,0,14,0,0,0
STR_005,2024,4,10016541.23,1861,5717,Kolkata,West Bengal,Metro,Medium High-Street,5000,2018-05-29,10,3823,2101394,South,1,1,8,30,0,0,0,0,0,0
STR_005,2024,5,8625933.78,1642,4933,Kolkata,West Bengal,Metro,Medium High-Street,5000,2018-05-29,10,3823,2101394,South,0,0,8,31,0,0,0,0,0,0
STR_005,2024,6,9522771.21,1838,5523,Kolkata,West Bengal,Metro,Medium High-Street,5000,2018-05-29,10,3823,2101394,South,0,0,10,30,0,0,0,7,0,0
STR_005,2024,7,9432958.15,1780,5416,Kolkata,West Bengal,Metro,Medium High-Street,5000,2018-05-29,10,3823,2101394,South,0,0,8,31,0,0,0,0,9,0
STR_005,2024,8,9648054.72,1781,5570,Kolkata,West Bengal,Metro,Medium High-Street,5000,2018-05-29,10,3823,2101394,South,1,1,9,31,0,0,0,0,0,0
STR_005,2024,9,8384579.65,1648,4991,Kolkata,West Bengal,Metro,Medium High-Street,5000,2018-05-29,10,3823,2101394,South,0,0,9,30,7,0,0,0,0,0
STR_005,2024,10,10155305.68,1890,5921,Kolkata,West Bengal,Metro,Medium High-Street,5000,2018-05-29,10,3823,2101394,South,2,2,8,31,0,7,0,0,0,0
STR_005,2024,11,9497694.57,1759,5284,Kolkata,West Bengal,Metro,Medium High-Street,5000,2018-05-29,10,3823,2101394,South,0,0,9,30,0,0,0,0,0,0
STR_005,2024,12,9920356.26,1842,5660,Kolkata,West Bengal,Metro,Medium High-Street,5000,2018-05-29,10,3823,2101394,South,1,1,9,31,0,0,0,0,0,0
STR_005,2025,1,9858225.68,1860,5907,Kolkata,West Bengal,Metro,Medium High-Street,5000,2018-05-29,10,3823,2101394,South,2,2,8,31,9,0,0,0,0,0
STR_005,2025,2,8882173.08,1677,5018,Kolkata,West Bengal,Metro,Medium High-Street,5000,2018-05-29,10,3823,2101394,South,0,0,8,28,0,0,0,0,0,0
STR_005,2025,3,10486928.69,1921,6008,Kolkata,West Bengal,Metro,Medium High-Street,5000,2018-05-29,10,3823,2101394,South,2,2,10,31,0,0,0,0,0,15
STR_005,2025,4,8234653.78,1620,4803,Kolkata,West Bengal,Metro,Medium High-Street,5000,2018-05-29,10,3823,2101394,South,0,0,8,30,0,0,0,0,0,0
STR_005,2025,5,9290042.34,1802,5388,Kolkata,West Bengal,Metro,Medium High-Street,5000,2018-05-29,10,3823,2101394,South,0,0,9,31,0,0,0,11,0,0
STR_005,2025,6,9194967.61,1733,5311,Kolkata,West Bengal,Metro,Medium High-Street,5000,2018-05-29,10,3823,2101394,South,0,0,9,30,0,0,0,0,0,0
STR_005,2025,7,9237656.19,1703,5248,Kolkata,West Bengal,Metro,Medium High-Street,5000,2018-05-29,10,3823,2101394,South,0,0,8,31,0,0,15,0,0,0
STR_005,2025,8,9938768.32,1823,5719,Kolkata,West Bengal,Metro,Medium High-Street,5000,2018-05-29,10,3823,2101394,South,1,1,10,31,0,0,16,0,0,0
STR_005,2025,9,8430914.35,1609,4859,Kolkata,West Bengal,Metro,Medium High-Street,5000,2018-05-29,10,3823,2101394,South,0,0,8,30,0,0,0,10,0,0
STR_005,2025,10,9729669.82,1768,5511,Kolkata,West Bengal,Metro,Medium High-Street,5000,2018-05-29,10,3823,2101394,South,2,2,8,31,0,0,0,0,0,0
STR_005,2025,11,9543406.49,1806,5484,Kolkata,West Bengal,Metro,Medium High-Street,5000,2018-05-29,10,3823,2101394,South,0,0,10,30,0,0,0,0,0,0
STR_005,2025,12,8994878.98,1768,5468,Kolkata,West Bengal,Metro,Medium High-Street,5000,2018-05-29,10,3823,2101394,South,1,1,8,31,8,0,0,0,0,0
STR_006,2021,1,26523647.01,3774,15128,Kolkata,West Bengal,Rural,Large Format,10000,2015-03-06,5,7579,5811942,West,2,2,10,31,0,0,0,0,0,0
STR_006,2021,2,21970619.26,3201,12495,Kolkata,West Bengal,Rural,Large Format,10000,2015-03-06,5,7579,5811942,West,0,0,8,28,0,0,0,5,0,0
STR_006,2021,3,24182729.2,3544,14057,Kolkata,West Bengal,Rural,Large Format,10000,2015-03-06,5,7579,5811942,West,1,1,8,31,0,0,16,0,0,0
STR_006,2021,4,23301466.12,3343,13268,Kolkata,West Bengal,Rural,Large Format,10000,2015-03-06,5,7579,5811942,West,0,0,8,30,0,0,0,0,0,0
STR_006,2021,5,26497554.64,3867,15329,Kolkata,West Bengal,Rural,Large Format,10000,2015-03-06,5,7579,5811942,West,1,1,10,31,0,0,0,0,0,8
STR_006,2021,6,21772278.48,3248,12861,Kolkata,West Bengal,Rural,Large Format,10000,2015-03-06,5,7579,5811942,West,0,0,8,30,0,0,0,16,0,0
STR_006,2021,7,23847508.62,3569,13821,Kolkata,West Bengal,Rural,Large Format,10000,2015-03-06,5,7579,5811942,West,0,0,9,31,0,0,0,11,0,0
STR_006,2021,8,25042520.94,3644,14476,Kolkata,West Bengal,Rural,Large Format,10000,2015-03-06,5,7579,5811942,West,1,1,9,31,0,0,0,0,13,0
STR_006,2021,9,24030297.52,3475,13724,Kolkata,West Bengal,Rural,Large Format,10000,2015-03-06,5,7579,5811942,West,0,0,8,30,0,0,0,0,0,0
STR_006,2021,10,24772314.02,3586,14375,Kolkata,West Bengal,Rural,Large Format,10000,2015-03-06,5,7579,5811942,West,1,1,10,31,0,0,0,14,0,0
STR_006,2021,11,23776501.48,3504,13678,Kolkata,West Bengal,Rural,Large Format,10000,2015-03-06,5,7579,5811942,West,1,1,8,30,0,0,0,0,0,0
STR_006,2021,12,24759828.72,3587,14347,Kolkata,West Bengal,Rural,Large Format,10000,2015-03-06,5,7579,5811942,West,1,1,8,31,0,0,0,8,0,0
STR_006,2022,1,24397184.96,3700,14751,Kolkata,West Bengal,Rural,Large Format,10000,2015-03-06,5,7579,5811942,West,2,2,10,31,0,13,0,0,0,0
STR_006,2022,2,22556926.33,3254,12813,Kolkata,West Bengal,Rural,Large Format,10000,2015-03-06,5,7579,5811942,West,0,0,8,28,0,0,0,0,0,0
STR_006,2022,3,23225039.42,3601,14035,Kolkata,West Bengal,Rural,Large Format,10000,2015-03-06,5,7579,5811942,West,1,1,8,31,0,11,0,0,0,0
STR_006,2022,4,23482916.49,3458,13442,Kolkata,West Bengal,Rural,Large Format,10000,2015-03-06,5,7579,5811942,West,0,0,9,30,0,0,0,0,0,0
STR_006,2022,5,25172788.64,3656,14547,Kolkata,West Bengal,Rural,Large Format,10000,2015-03-06,5,7579,5811942,West,1,1,9,31,0,0,0,7,0,0
STR_006,2022,6,22304989.17,3244,12888,Kolkata,West Bengal,Rural,Large Format,10000,2015-03-06,5,7579,5811942,West,0,0,8,30,0,0,0,0,0,7
STR_006,2022,7,25635280.18,3670,14630,Kolkata,West Bengal,Rural,Large Format,10000,2015-03-06,5,7579,5811942,West,0,0,10,31,0,0,0,0,0,0
STR_006,2022,8,24704219.69,3770,14560,Kolkata,West Bengal,Rural,Large Format,10000,2015-03-06,5,7579,5811942,West,1,1,8,31,0,6,0,0,0,0
STR_006,2022,9,21478465.19,3323,12994,Kolkata,West Bengal,Rural,Large Format,10000,2015-03-06,5,7579,5811942,West,0,0,8,30,0,13,0,0,0,0
STR_006,2022,10,26085826.88,3776,15015,Kolkata,West Bengal,Rural,Large Format,10000,2015-03-06,5,7579,5811942,West,2,2,10,31,0,0,0,0,0,0
STR_006,2022,11,23074821.12,3403,13358,Kolkata,West Bengal,Rural,Large Format,10000,2015-03-06,5,7579,5811942,West,0,0,8,30,0,0,4,0,0,0
STR_006,2022,12,24349594.15,3551,14113,Kolkata,West Bengal,Rural,Large Format,10000,2015-03-06,5,7579,5811942,West,1,1,9,31,0,0,5,0,0,0
STR_006,2023,1,26938057.49,3890,15583,Kolkata,West Bengal,Rural,Large Format,10000,2015-03-06,5,7579,5811942,West,2,2,9,31,0,0,0,0,0,0
STR_006,2023,2,20550476.98,3033,11812,Kolkata,West Bengal,Rural,Large Format,10000,2015-03-06,5,7579,5811942,West,0,0,8,28,0,0,0,0,0,0
STR_006,2023,3,23453703.15,3498,13876,Kolkata,West Bengal,Rural,Large Format,10000,2015-03-06,5,7579,5811942,West,1,1,8,31,0,0,12,0,0,0
STR_006,2023,4,24917795.43,3538,14082,Kolkata,West Bengal,Rural,Large Format,10000,2015-03-06,5,7579,5811942,West,1,1,10,30,0,0,0,0,0,0
STR_006,2023,5,23916743.17,3448,13583,Kolkata,West Bengal,Rural,Large Format,10000,2015-03-06,5,7579,5811942,West,0,0,8,31,0,0,0,0,0,0
STR_006,2023,6,23731622.02,3430,13422,Kolkata,West Bengal,Rural,Large Format,10000,2015-03-06,5,7579,5811942,West,0,0,8,30,0,0,0,0,0,0
STR_006,2023,7,23822084.95,3544,14087,Kolkata,West Bengal,Rural,Large Format,10000,2015-03-06,5,7579,5811942,West,0,0,10,31,0,7,0,0,0,0
STR_006,2023,8,23436368.7,3474,13732,Kolkata,West Bengal,Rural,Large Format,10000,2015-03-06,5,7579,5811942,West,1,1,8,31,0,0,14,0,0,0
STR_006,2023,9,23930768.34,3438,13764,Kolkata,West Bengal,Rural,Large Format,10000,2015-03-06,5,7579,5811942,West,0,0,9,30,0,0,0,0,0,0
STR_006,2023,10,24688400.83,3649,14411,Kolkata,West Bengal,Rural,Large Format,10000,2015-03-06,5,7579,5811942,West,1,1,9,31,0,0,11,0,0,0
STR_006,2023,11,23957809.28,3368,13446,Kolkata,West Bengal,Rural,Large Format,10000,2015-03-06,5,7579,5811942,West,1,1,8,30,0,0,0,0,0,0
STR_006,2023,12,26918303.72,3888,15382,Kolkata,West Bengal,Rural,Large Format,10000,2015-03-06,5,7579,5811942,West,1,1,10,31,0,0,0,0,0,8
STR_006,2024,1,26150408.0,3670,14977,Kolkata,West Bengal,Rural,Large Format,10000,2015-03-06,5,7579,5811942,West,2,2,8,31,0,0,0,0,0,0
STR_006,2024,2,22911528.31,3357,13158,Kolkata,West Bengal,Rural,Large Format,10000,2015-03-06,5,7579,5811942,West,0,0,8,29,0,0,0,0,0,11
STR_006,2024,3,25182923.81,3673,14480,Kolkata,West Bengal,Rural,Large Format,10000,2015-03-06,5,7579,5811942,West,1,1,10,31,0,0,0,0,0,12
STR_006,2024,4,22353866.44,3459,13650,Kolkata,West Bengal,Rural,Large Format,10000,2015-03-06,5,7579,5811942,West,1,1,8,30,13,0,0,0,0,0
STR_006,2024,5,23348471.0,3481,13593,Kolkata,West Bengal,Rural,Large Format,10000,2015-03-06,5,7579,5811942,West,0,0,8,31,0,0,0,16,0,0
STR_006,2024,6,24582265.74,3552,14067,Kolkata,West Bengal,Rural,Large Format,10000,2015-03-06,5,7579,5811942,West,0,0,10,30,0,0,0,0,0,0
STR_006,2024,7,23160110.33,3440,13596,Kolkata,West Bengal,Rural,Large Format,10000,2015-03-06,5,7579,5811942,West,0,0,8,31,0,0,0,16,0,0
STR_006,2024,8,25966204.18,3788,15157,Kolkata,West Bengal,Rural,Large Format,10000,2015-03-06,5,7579,5811942,West,1,1,9,31,0,0,0,0,14,0
STR_006,2024,9,21738960.61,3278,12584,Kolkata,West Bengal,Rural,Large Format,10000,2015-03-06,5,7579,5811942,West,0,0,9,30,0,0,0,13,0,0
STR_006,2024,10,24196873.93,3762,15158,Kolkata,West Bengal,Rural,Large Format,10000,2015-03-06,5,7579,5811942,West,2,2,8,31,11,0,0,0,0,0
STR_006,2024,11,21797777.58,3368,13074,Kolkata,West Bengal,Rural,Large Format,10000,2015-03-06,5,7579,5811942,West,0,0,9,30,0,12,0,0,0,0
STR_006,2024,12,24689152.3,3638,14403,Kolkata,West Bengal,Rural,Large Format,10000,2015-03-06,5,7579,5811942,West,1,1,9,31,0,0,6,0,0,0
STR_006,2025,1,25416554.57,3698,14739,Kolkata,West Bengal,Rural,Large Format,10000,2015-03-06,5,7579,5811942,West,2,2,8,31,0,0,0,0,0,13
STR_006,2025,2,21575159.44,3188,12453,Kolkata,West Bengal,Rural,Large Format,10000,2015-03-06,5,7579,5811942,West,0,0,8,28,0,0,0,0,5,0
STR_006,2025,3,26543630.31,3863,15611,Kolkata,West Bengal,Rural,Large Format,10000,2015-03-06,5,7579,5811942,West,2,2,10,31,4,0,0,0,0,0
STR_006,2025,4,22776238.1,3315,13080,Kolkata,West Bengal,Rural,Large Format,10000,2015-03-06,5,7579,5811942,West,0,0,8,30,0,0,4,0,0,0
STR_006,2025,5,24583272.98,3663,14312,Kolkata,West Bengal,Rural,Large Format,10000,2015-03-06,5,7579,5811942,West,0,0,9,31,0,0,0,0,0,14
STR_006,2025,6,21431941.31,3457,13509,Kolkata,West Bengal,Rural,Large Format,10000,2015-03-06,5,7579,5811942,West,0,0,9,30,14,0,0,0,0,0
STR_006,2025,7,25190837.7,3672,14379,Kolkata,West Bengal,Rural,Large Format,10000,2015-03-06,5,7579,5811942,West,0,0,8,31,0,0,0,0,0,0
STR_006,2025,8,25192969.0,3621,14329,Kolkata,West Bengal,Rural,Large Format,10000,2015-03-06,5,7579,5811942,West,1,1,10,31,0,0,0,0,0,0
STR_006,2025,9,22825113.9,3393,13158,Kolkata,West Bengal,Rural,Large Format,10000,2015-03-06,5,7579,5811942,West,0,0,8,30,0,0,0,0,11,0
STR_006,2025,10,25040011.34,3667,14578,Kolkata,West Bengal,Rural,Large Format,10000,2015-03-06,5,7579,5811942,West,2,2,8,31,0,0,0,0,16,0
STR_006,2025,11,23200222.92,3374,13186,Kolkata,West Bengal,Rural,Large Format,10000,2015-03-06,5,7579,5811942,West,0,0,10,30,0,0,0,0,0,0
STR_006,2025,12,25241129.35,3684,14673,Kolkata,West Bengal,Rural,Large Format,10000,2015-03-06,5,7579,5811942,West,1,1,8,31,0,0,0,0,13,0
STR_007,2021,1,10286982.84,1936,5928,Ahmedabad,Gujarat,Metro,Medium High-Street,5000,2019-04-12,7,5671,8074260,East,2,2,10,31,0,0,0,0,7,0
STR_007,2021,2,7432846.53,1543,4633,Ahmedabad,Gujarat,Metro,Medium High-Street,5000,2019-04-12,7,5671,8074260,East,0,0,8,28,13,0,0,0,0,0
STR_007,2021,3,9229483.52,1737,5315,Ahmedabad,Gujarat,Metro,Medium High-Street,5000,2019-04-12,7,5671,8074260,East,1,1,8,31,3,0,0,0,0,0
STR_007,2021,4,8722390.21,1713,5107,Ahmedabad,Gujarat,Metro,Medium High-Street,5000,2019-04-12,7,5671,8074260,East,0,0,8,30,0,0,0,0,0,0
STR_007,2021,5,10394562.97,1852,5852,Ahmedabad,Gujarat,Metro,Medium High-Street,5000,2019-04-12,7,5671,8074260,East,1,1,10,31,0,0,0,0,0,0
STR_007,2021,6,8365871.74,1626,4872,Ahmedabad,Gujarat,Metro,Medium High-Street,5000,2019-04-12,7,5671,8074260,East,0,0,8,30,0,0,5,0,0,0
STR_007,2021,7,8853171.63,1722,5281,Ahmedabad,Gujarat,Metro,Medium High-Street,5000,2019-04-12,7,5671,8074260,East,0,0,9,31,6,0,0,0,0,0
STR_007,2021,8,9330788.16,1742,5444,Ahmedabad,Gujarat,Metro,Medium High-Street,5000,2019-04-12,7,5671,8074260,East,1,1,9,31,0,0,0,9,0,0
STR_007,2021,9,9072587.17,1739,5363,Ahmedabad,Gujarat,Metro,Medium High-Street,5000,2019-04-12,7,5671,8074260,East,0,0,8,30,6,0,0,0,0,0
STR_007,2021,10,9862481.01,1875,5786,Ahmedabad,Gujarat,Metro,Medium High-Street,5000,2019-04-12,7,5671,8074260,East,1,1,10,31,0,0,0,0,5,0
STR_007,2021,11,8847196.69,1695,5160,Ahmedabad,Gujarat,Metro,Medium High-Street,5000,2019-04-12,7,5671,8074260,East,1,1,8,30,0,0,13,0,0,0
STR_007,2021,12,9451696.76,1788,5501,Ahmedabad,Gujarat,Metro,Medium High-Street,5000,2019-04-12,7,5671,8074260,East,1,1,8,31,0,0,0,0,0,10
STR_007,2022,1,9962970.93,1922,5812,Ahmedabad,Gujarat,Metro,Medium High-Street,5000,2019-04-12,7,5671,8074260,East,2,2,10,31,0,6,0,0,0,0
STR_007,2022,2,8461772.89,1601,4873,Ahmedabad,Gujarat,Metro,Medium High-Street,5000,2019-04-12,7,5671,8074260,East,0,0,8,28,0,0,0,0,0,10
STR_007,2022,3,9938131.07,1775,5582,Ahmedabad,Gujarat,Metro,Medium High-Street,5000,2019-04-12,7,5671,8074260,East,1,1,8,31,0,0,0,0,0,0
STR_007,2022,4,9170720.7,1714,5188,Ahmedabad,Gujarat,Metro,Medium High-Street,5000,2019-04-12,7,5671,8074260,East,0,0,9,30,0,0,0,0,0,0
STR_007,2022,5,9894560.52,1841,5684,Ahmedabad,Gujarat,Metro,Medium High-Street,5000,2019-04-12,7,5671,8074260,East,1,1,9,31,0,0,0,0,0,0
STR_007,2022,6,8545452.33,1660,5025,Ahmedabad,Gujarat,Metro,Medium High-Street,5000,2019-04-12,7,5671,8074260,East,0,0,8,30,0,11,0,0,0,0
STR_007,2022,7,9375061.58,1810,5473,Ahmedabad,Gujarat,Metro,Medium High-Street,5000,2019-04-12,7,5671,8074260,East,0,0,10,31,0,0,0,0,0,8
STR_007,2022,8,9051523.03,1774,5269,Ahmedabad,Gujarat,Metro,Medium High-Street,5000,2019-04-12,7,5671,8074260,East,1,1,8,31,0,0,0,0,0,0
STR_007,2022,9,9126138.85,1713,5214,Ahmedabad,Gujarat,Metro,Medium High-Street,5000,2019-04-12,7,5671,8074260,East,0,0,8,30,0,0,0,0,0,0
STR_007,2022,10,10461066.03,1948,6087,Ahmedabad,Gujarat,Metro,Medium High-Street,5000,2019-04-12,7,5671,8074260,East,2,2,10,31,0,0,0,0,0,13
STR_007,2022,11,8559477.36,1661,5107,Ahmedabad,Gujarat,Metro,Medium High-Street,5000,2019-04-12,7,5671,8074260,East,0,0,8,30,0,0,0,15,0,0
STR_007,2022,12,10007735.17,1839,5626,Ahmedabad,Gujarat,Metro,Medium High-Street,5000,2019-04-12,7,5671,8074260,East,1,1,9,31,0,0,0,0,0,0
STR_007,2023,1,10273828.91,1913,6051,Ahmedabad,Gujarat,Metro,Medium High-Street,5000,2019-04-12,7,5671,8074260,East,2,2,9,31,4,0,0,0,0,0
STR_007,2023,2,8434274.15,1542,4802,Ahmedabad,Gujarat,Metro,Medium High-Street,5000,2019-04-12,7,5671,8074260,East,0,0,8,28,0,0,0,0,0,0
STR_007,2023,3,10224580.33,1858,5829,Ahmedabad,Gujarat,Metro,Medium High-Street,5000,2019-04-12,7,5671,8074260,East,1,1,8,31,0,0,0,0,0,0
STR_007,2023,4,9448783.87,1834,5515,Ahmedabad,Gujarat,Metro,Medium High-Street,5000,2019-04-12,7,5671,8074260,East,1,1,10,30,0,0,12,0,0,0
STR_007,2023,5,9050600.74,1730,5282,Ahmedabad,Gujarat,Metro,Medium High-Street,5000,2019-04-12,7,5671,8074260,East,0,0,8,31,0,0,0,0,0,0
STR_007,2023,6,9017083.58,1639,5068,Ahmedabad,Gujarat,Metro,Medium High-Street,5000,2019-04-12,7,5671,8074260,East,0,0,8,30,0,0,0,0,0,0
STR_007,2023,7,9517313.21,1787,5538,Ahmedabad,Gujarat,Metro,Medium High-Street,5000,2019-04-12,7,5671,8074260,East,0,0,10,31,4,0,0,0,0,0
STR_007,2023,8,9645570.03,1753,5577,Ahmedabad,Gujarat,Metro,Medium High-Street,5000,2019-04-12,7,5671,8074260,East,1,1,8,31,0,0,11,0,0,0
STR_007,2023,9,9445360.15,1752,5402,Ahmedabad,Gujarat,Metro,Medium High-Street,5000,2019-04-12,7,5671,8074260,East,0,0,9,30,0,0,0,0,0,0
STR_007,2023,10,9928753.74,1836,5755,Ahmedabad,Gujarat,Metro,Medium High-Street,5000,2019-04-12,7,5671,8074260,East,1,1,9,31,0,0,0,0,0,9
STR_007,2023,11,9011792.17,1765,5540,Ahmedabad,Gujarat,Metro,Medium High-Street,5000,2019-04-12,7,5671,8074260,East,1,1,8,30,0,16,0,0,0,0
STR_007,2023,12,9767420.87,1880,5646,Ahmedabad,Gujarat,Metro,Medium High-Street,5000,2019-04-12,7,5671,8074260,East,1,1,10,31,0,0,0,0,0,15
STR_007,2024,1,10133408.84,1820,5768,Ahmedabad,Gujarat,Metro,Medium High-Street,5000,2019-04-12,7,5671,8074260,East,2,2,8,31,0,0,10,0,0,0
STR_007,2024,2,7754036.64,1590,4724,Ahmedabad,Gujarat,Metro,Medium High-Street,5000,2019-04-12,7,5671,8074260,East,0,0,8,29,9,0,0,0,0,0
STR_007,2024,3,9389331.02,1745,5387,Ahmedabad,Gujarat,Metro,Medium High-Street,5000,2019-04-12,7,5671,8074260,East,1,1,10,31,0,0,0,12,0,0
STR_007,2024,4,9539003.33,1786,5495,Ahmedabad,Gujarat,Metro,Medium High-Street,5000,2019-04-12,7,5671,8074260,East,1,1,8,30,0,0,8,0,0,0
STR_007,2024,5,9255968.78,1803,5457,Ahmedabad,Gujarat,Metro,Medium High-Street,5000,2019-04-12,7,5671,8074260,East,0,0,8,31,0,0,0,16,0,0
STR_007,2024,6,9180484.22,1702,5203,Ahmedabad,Gujarat,Metro,Medium High-Street,5000,2019-04-12,7,5671,8074260,East,0,0,10,30,0,0,4,0,0,0
STR_007,2024,7,8253163.96,1668,4953,Ahmedabad,Gujarat,Metro,Medium High-Street,5000,2019-04-12,7,5671,8074260,East,0,0,8,31,0,16,0,0,0,0
STR_007,2024,8,9854919.32,1821,5698,Ahmedabad,Gujarat,Metro,Medium High-Street,5000,2019-04-12,7,5671,8074260,East,1,1,9,31,0,0,0,0,15,0
STR_007,2024,9,9095932.89,1763,5360,Ahmedabad,Gujarat,Metro,Medium High-Street,5000,2019-04-12,7,5671,8074260,East,0,0,9,30,0,0,0,6,0,0
STR_007,2024,10,9879797.31,1854,5802,Ahmedabad,Gujarat,Metro,Medium High-Street,5000,2019-04-12,7,5671,8074260,East,2,2,8,31,0,0,13,0,0,0
STR_007,2024,11,9766371.29,1829,5577,Ahmedabad,Gujarat,Metro,Medium High-Street,5000,2019-04-12,7,5671,8074260,East,0,0,9,30,0,0,0,12,0,0
STR_007,2024,12,9180290.71,1775,5481,Ahmedabad,Gujarat,Metro,Medium High-Street,5000,2019-04-12,7,5671,8074260,East,1,1,9,31,0,12,0,0,0,0
STR_007,2025,1,10478872.46,1925,6027,Ahmedabad,Gujarat,Metro,Medium High-Street,5000,2019-04-12,7,5671,8074260,East,2,2,8,31,0,0,0,6,0,0
STR_007,2025,2,7932490.86,1578,4845,Ahmedabad,Gujarat,Metro,Medium High-Street,5000,2019-04-12,7,5671,8074260,East,0,0,8,28,0,15,0,0,0,0
STR_007,2025,3,10426777.62,1853,5827,Ahmedabad,Gujarat,Metro,Medium High-Street,5000,2019-04-12,7,5671,8074260,East,2,2,10,31,0,0,0,0,0,0
STR_007,2025,4,8878361.75,1690,5158,Ahmedabad,Gujarat,Metro,Medium High-Street,5000,2019-04-12,7,5671,8074260,East,0,0,8,30,0,0,0,0,0,4
STR_007,2025,5,9442521.85,1775,5348,Ahmedabad,Gujarat,Metro,Medium High-Street,5000,2019-04-12,7,5671,8074260,East,0,0,9,31,0,0,0,0,0,0
STR_007,2025,6,8401146.55,1655,5069,Ahmedabad,Gujarat,Metro,Medium High-Street,5000,2019-04-12,7,5671,8074260,East,0,0,9,30,9,0,0,0,0,0
STR_007,2025,7,9164807.86,1755,5369,Ahmedabad,Gujarat,Metro,Medium High-Street,5000,2019-04-12,7,5671,8074260,East,0,0,8,31,0,0,0,0,0,16
STR_007,2025,8,9558819.4,1887,5704,Ahmedabad,Gujarat,Metro,Medium High-Street,5000,2019-04-12,7,5671,8074260,East,1,1,10,31,8,0,0,0,0,0
STR_007,2025,9,8786161.05,1683,5023,Ahmedabad,Gujarat,Metro,Medium High-Street,5000,2019-04-12,7,5671,8074260,East,0,0,8,30,0,0,0,0,4,0
STR_007,2025,10,10162748.47,1833,5879,Ahmedabad,Gujarat,Metro,Medium High-Street,5000,2019-04-12,7,5671,8074260,East,2,2,8,31,0,0,0,0,0,11
STR_007,2025,11,9191365.09,1751,5240,Ahmedabad,Gujarat,Metro,Medium High-Street,5000,2019-04-12,7,5671,8074260,East,0,0,10,30,0,0,0,14,0,0
STR_007,2025,12,9724367.39,1800,5580,Ahmedabad,Gujarat,Metro,Medium High-Street,5000,2019-04-12,7,5671,8074260,East,1,1,8,31,0,0,0,0,0,0
STR_008,2021,1,5110179.61,734,2898,Pune,Maharashtra,Metro,Mall Store,2000,2015-11-24,8,1858,1692911,North,2,2,10,31,0,0,0,0,0,5
STR_008,2021,2,4353254.87,627,2499,Pune,Maharashtra,Metro,Mall Store,2000,2015-11-24,8,1858,1692911,North,0,0,8,28,0,0,12,0,0,0
STR_008,2021,3,4307199.75,685,2681,Pune,Maharashtra,Metro,Mall Store,2000,2015-11-24,8,1858,1692911,North,1,1,8,31,14,0,2,0,0,0
STR_008,2021,4,4332900.2,666,2665,Pune,Maharashtra,Metro,Mall Store,2000,2015-11-24,8,1858,1692911,North,0,0,8,30,7,0,0,0,0,0
STR_008,2021,5,4929925.0,696,2796,Pune,Maharashtra,Metro,Mall Store,2000,2015-11-24,8,1858,1692911,North,1,1,10,31,0,0,13,0,0,0
STR_008,2021,6,4590898.14,660,2567,Pune,Maharashtra,Metro,Mall Store,2000,2015-11-24,8,1858,1692911,North,0,0,8,30,0,0,0,0,0,0
STR_008,2021,7,4634402.44,687,2729,Pune,Maharashtra,Metro,Mall Store,2000,2015-11-24,8,1858,1692911,North,0,0,9,31,0,0,0,0,0,12
STR_008,2021,8,5066424.6,752,2956,Pune,Maharashtra,Metro,Mall Store,2000,2015-11-24,8,1858,1692911,North,1,1,9,31,0,5,0,0,0,2
STR_008,2021,9,4756357.36,662,2630,Pune,Maharashtra,Metro,Mall Store,2000,2015-11-24,8,1858,1692911,North,0,0,8,30,0,0,0,0,0,0
STR_008,2021,10,4543365.74,697,2647,Pune,Maharashtra,Metro,Mall Store,2000,2015-11-24,8,1858,1692911,North,1,1,10,31,0,0,0,0,0,0
STR_008,2021,11,4884486.26,726,2900,Pune,Maharashtra,Metro,Mall Store,2000,2015-11-24,8,1858,1692911,North,1,1,8,30,0,0,10,0,0,0
STR_008,2021,12,5083758.82,724,2949,Pune,Maharashtra,Metro,Mall Store,2000,2015-11-24,8,1858,1692911,North,1,1,8,31,0,0,0,0,0,0
STR_008,2022,1,5343602.87,766,3114,Pune,Maharashtra,Metro,Mall Store,2000,2015-11-24,8,1858,1692911,North,2,2,10,31,0,0,0,0,0,0
STR_008,2022,2,4060274.5,625,2374,Pune,Maharashtra,Metro,Mall Store,2000,2015-11-24,8,1858,1692911,North,0,0,8,28,0,0,0,0,0,0
STR_008,2022,3,4690083.34,682,2760,Pune,Maharashtra,Metro,Mall Store,2000,2015-11-24,8,1858,1692911,North,1,1,8,31,0,6,0,0,0,0
STR_008,2022,4,4629889.4,699,2750,Pune,Maharashtra,Metro,Mall Store,2000,2015-11-24,8,1858,1692911,North,0,0,9,30,0,0,0,0,0,0
STR_008,2022,5,4638451.88,700,2749,Pune,Maharashtra,Metro,Mall Store,2000,2015-11-24,8,1858,1692911,North,1,1,9,31,0,0,0,10,0,0
STR_008,2022,6,4233736.62,658,2570,Pune,Maharashtra,Metro,Mall Store,2000,2015-11-24,8,1858,1692911,North,0,0,8,30,0,13,0,0,0,0
STR_008,2022,7,4884628.23,716,2814,Pune,Maharashtra,Metro,Mall Store,2000,2015-11-24,8,1858,1692911,North,0,0,10,31,0,0,9,0,0,0
STR_008,2022,8,4776507.59,675,2734,Pune,Maharashtra,Metro,Mall Store,2000,2015-11-24,8,1858,1692911,North,1,1,8,31,0,0,0,0,13,0
STR_008,2022,9,4607295.2,677,2698,Pune,Maharashtra,Metro,Mall Store,2000,2015-11-24,8,1858,1692911,North,0,0,8,30,0,0,0,0,0,0
STR_008,2022,10,5505277.96,757,3090,Pune,Maharashtra,Metro,Mall Store,2000,2015-11-24,8,1858,1692911,North,2,2,10,31,0,0,0,0,0,0
STR_008,2022,11,4725060.83,679,2718,Pune,Maharashtra,Metro,Mall Store,2000,2015-11-24,8,1858,1692911,North,0,0,8,30,0,0,0,0,0,0
STR_008,2022,12,4503619.67,707,2745,Pune,Maharashtra,Metro,Mall Store,2000,2015-11-24,8,1858,1692911,North,1,1,9,31,10,0,0,0,0,0
STR_008,2023,1,4751546.44,746,2966,Pune,Maharashtra,Metro,Mall Store,2000,2015-11-24,8,1858,1692911,North,2,2,9,31,12,0,0,0,0,0
STR_008,2023,2,4261242.0,618,2463,Pune,Maharashtra,Metro,Mall Store,2000,2015-11-24,8,1858,1692911,North,0,0,8,28,3,0,0,0,9,0
STR_008,2023,3,4481833.19,682,2624,Pune,Maharashtra,Metro,Mall Store,2000,2015-11-24,8,1858,1692911,North,1,1,8,31,0,0,0,16,0,0
STR_008,2023,4,4960136.24,732,2878,Pune,Maharashtra,Metro,Mall Store,2000,2015-11-24,8,1858,1692911,North,1,1,10,30,0,0,0,7,0,0
STR_008,2023,5,4722217.29,701,2740,Pune,Maharashtra,Metro,Mall Store,2000,2015-11-24,8,1858,1692911,North,0,0,8,31,0,0,0,0,0,7
STR_008,2023,6,4797941.91,694,2751,Pune,Maharashtra,Metro,Mall Store,2000,2015-11-24,8,1858,1692911,North,0,0,8,30,0,0,0,14,0,0
STR_008,2023,7,4682665.35,698,2711,Pune,Maharashtra,Metro,Mall Store,2000,2015-11-24,8,1858,1692911,North,0,0,10,31,0,0,0,0,0,0
STR_008,2023,8,4761487.01,720,2795,Pune,Maharashtra,Metro,Mall Store,2000,2015-11-24,8,1858,1692911,North,1,1,8,31,0,0,0,0,14,0
STR_008,2023,9,4883431.19,701,2766,Pune,Maharashtra,Metro,Mall Store,2000,2015-11-24,8,1858,1692911,North,0,0,9,30,0,0,4,0,0,0
STR_008,2023,10,5040639.33,718,2869,Pune,Maharashtra,Metro,Mall Store,2000,2015-11-24,8,1858,1692911,North,1,1,9,31,0,0,0,0,9,0
STR_008,2023,11,4728140.47,687,2789,Pune,Maharashtra,Metro,Mall Store,2000,2015-11-24,8,1858,1692911,North,1,1,8,30,0,9,0,0,0,0
STR_008,2023,12,5072013.58,745,2984,Pune,Maharashtra,Metro,Mall Store,2000,2015-11-24,8,1858,1692911,North,1,1,10,31,0,0,16,0,0,0
STR_008,2024,1,4746837.96,705,2703,Pune,Maharashtra,Metro,Mall Store,2000,2015-11-24,8,1858,1692911,North,2,2,8,31,0,0,0,0,0,0
STR_008,2024,2,4325049.05,649,2541,Pune,Maharashtra,Metro,Mall Store,2000,2015-11-24,8,1858,1692911,North,0,0,8,29,0,0,7,0,0,0
STR_008,2024,3,4997795.17,695,2876,Pune,Maharashtra,Metro,Mall Store,2000,2015-11-24,8,1858,1692911,North,1,1,10,31,0,0,0,0,0,0
STR_008,2024,4,4328947.89,674,2647,Pune,Maharashtra,Metro,Mall Store,2000,2015-11-24,8,1858,1692911,North,1,1,8,30,12,0,0,0,0,0
STR_008,2024,5,4806731.72,701,2738,Pune,Maharashtra,Metro,Mall Store,2000,2015-11-24,8,1858,1692911,North,0,0,8,31,0,0,0,0,0,0
STR_008,2024,6,4805562.51,698,2810,Pune,Maharashtra,Metro,Mall Store,2000,2015-11-24,8,1858,1692911,North,0,0,10,30,0,0,13,0,0,0
STR_008,2024,7,4689543.99,689,2658,Pune,Maharashtra,Metro,Mall Store,2000,2015-11-24,8,1858,1692911,North,0,0,8,31,0,0,2,0,0,0
STR_008,2024,8,4684505.75,707,2741,Pune,Maharashtra,Metro,Mall Store,2000,2015-11-24,8,1858,1692911,North,1,1,9,31,0,6,0,0,0,0
STR_008,2024,9,4585417.53,675,2613,Pune,Maharashtra,Metro,Mall Store,2000,2015-11-24,8,1858,1692911,North,0,0,9,30,0,0,0,0,14,0
STR_008,2024,10,5112336.49,723,2893,Pune,Maharashtra,Metro,Mall Store,2000,2015-11-24,8,1858,1692911,North,2,2,8,31,0,0,0,0,0,0
STR_008,2024,11,4389501.08,669,2612,Pune,Maharashtra,Metro,Mall Store,2000,2015-11-24,8,1858,1692911,North,0,0,9,30,0,0,0,0,0,0
STR_008,2024,12,4726507.17,714,2846,Pune,Maharashtra,Metro,Mall Store,2000,2015-11-24,8,1858,1692911,North,1,1,9,31,10,0,0,0,0,0
STR_008,2025,1,5013004.16,739,3011,Pune,Maharashtra,Metro,Mall Store,2000,2015-11-24,8,1858,1692911,North,2,2,8,31,0,0,0,0,0,16
STR_008,2025,2,4417871.99,649,2574,Pune,Maharashtra,Metro,Mall Store,2000,2015-11-24,8,1858,1692911,North,0,0,8,28,0,0,7,0,0,0
STR_008,2025,3,5492306.66,753,3173,Pune,Maharashtra,Metro,Mall Store,2000,2015-11-24,8,1858,1692911,North,2,2,10,31,0,0,0,0,0,0
STR_008,2025,4,4497261.84,683,2619,Pune,Maharashtra,Metro,Mall Store,2000,2015-11-24,8,1858,1692911,North,0,0,8,30,0,0,0,0,0,7
STR_008,2025,5,4969349.68,722,2842,Pune,Maharashtra,Metro,Mall Store,2000,2015-11-24,8,1858,1692911,North,0,0,9,31,0,0,0,0,7,0
STR_008,2025,6,4357985.23,707,2772,Pune,Maharashtra,Metro,Mall Store,2000,2015-11-24,8,1858,1692911,North,0,0,9,30,14,0,0,0,0,0
STR_008,2025,7,4497798.0,724,2850,Pune,Maharashtra,Metro,Mall Store,2000,2015-11-24,8,1858,1692911,North,0,0,8,31,15,0,0,0,0,0
STR_008,2025,8,4569682.52,705,2814,Pune,Maharashtra,Metro,Mall Store,2000,2015-11-24,8,1858,1692911,North,1,1,10,31,11,0,0,0,0,0
STR_008,2025,9,4624670.07,671,2632,Pune,Maharashtra,Metro,Mall Store,2000,2015-11-24,8,1858,1692911,North,0,0,8,30,0,0,0,0,10,0
STR_008,2025,10,4770392.48,700,2748,Pune,Maharashtra,Metro,Mall Store,2000,2015-11-24,8,1858,1692911,North,2,2,8,31,0,0,0,0,0,9
STR_008,2025,11,4320751.64,677,2539,Pune,Maharashtra,Metro,Mall Store,2000,2015-11-24,8,1858,1692911,North,0,0,10,30,0,0,0,0,13,0
STR_008,2025,12,4834462.54,696,2845,Pune,Maharashtra,Metro,Mall Store,2000,2015-11-24,8,1858,1692911,North,1,1,8,31,0,14,0,0,0,0
STR_009,2021,1,5065881.73,756,3039,Ahmedabad,Gujarat,Rural,Mall Store,2000,2016-11-13,5,2279,1967636,East,2,2,10,31,0,0,0,0,0,0
STR_009,2021,2,4389221.96,613,2451,Ahmedabad,Gujarat,Rural,Mall Store,2000,2016-11-13,5,2279,1967636,East,0,0,8,28,0,0,0,0,6,0
STR_009,2021,3,4757735.61,696,2760,Ahmedabad,Gujarat,Rural,Mall Store,2000,2016-11-13,5,2279,1967636,East,1,1,8,31,0,0,4,0,0,0
STR_009,2021,4,4252992.23,635,2519,Ahmedabad,Gujarat,Rural,Mall Store,2000,2016-11-13,5,2279,1967636,East,0,0,8,30,0,0,0,0,0,0
STR_009,2021,5,4917672.53,772,3019,Ahmedabad,Gujarat,Rural,Mall Store,2000,2016-11-13,5,2279,1967636,East,1,1,10,31,14,0,0,0,0,0
STR_009,2021,6,4693880.58,678,2672,Ahmedabad,Gujarat,Rural,Mall Store,2000,2016-11-13,5,2279,1967636,East,0,0,8,30,0,0,0,0,0,0
STR_009,2021,7,4630269.6,706,2730,Ahmedabad,Gujarat,Rural,Mall Store,2000,2016-11-13,5,2279,1967636,East,0,0,9,31,0,0,0,0,0,8
STR_009,2021,8,4869432.78,716,2813,Ahmedabad,Gujarat,Rural,Mall Store,2000,2016-11-13,5,2279,1967636,East,1,1,9,31,0,0,4,0,0,0
STR_009,2021,9,4791322.45,687,2697,Ahmedabad,Gujarat,Rural,Mall Store,2000,2016-11-13,5,2279,1967636,East,0,0,8,30,0,0,0,0,0,0
STR_009,2021,10,5124742.49,747,2995,Ahmedabad,Gujarat,Rural,Mall Store,2000,2016-11-13,5,2279,1967636,East,1,1,10,31,0,0,6,0,0,0
STR_009,2021,11,4772749.21,705,2759,Ahmedabad,Gujarat,Rural,Mall Store,2000,2016-11-13,5,2279,1967636,East,1,1,8,30,0,0,0,0,0,13
STR_009,2021,12,5087111.74,730,2966,Ahmedabad,Gujarat,Rural,Mall Store,2000,2016-11-13,5,2279,1967636,East,1,1,8,31,0,0,0,0,0,0
STR_009,2022,1,5112467.15,725,2877,Ahmedabad,Gujarat,Rural,Mall Store,2000,2016-11-13,5,2279,1967636,East,2,2,10,31,0,0,0,0,12,0
STR_009,2022,2,4026957.43,642,2481,Ahmedabad,Gujarat,Rural,Mall Store,2000,2016-11-13,5,2279,1967636,East,0,0,8,28,9,0,0,0,0,0
STR_009,2022,3,4808318.49,722,2832,Ahmedabad,Gujarat,Rural,Mall Store,2000,2016-11-13,5,2279,1967636,East,1,1,8,31,7,0,0,0,0,0
STR_009,2022,4,4072116.59,655,2555,Ahmedabad,Gujarat,Rural,Mall Store,2000,2016-11-13,5,2279,1967636,East,0,0,9,30,15,0,0,0,0,0
STR_009,2022,5,4735784.92,714,2783,Ahmedabad,Gujarat,Rural,Mall Store,2000,2016-11-13,5,2279,1967636,East,1,1,9,31,5,0,0,0,0,0
STR_009,2022,6,4942467.52,695,2745,Ahmedabad,Gujarat,Rural,Mall Store,2000,2016-11-13,5,2279,1967636,East,0,0,8,30,0,0,0,0,0,0
STR_009,2022,7,4727056.43,701,2772,Ahmedabad,Gujarat,Rural,Mall Store,2000,2016-11-13,5,2279,1967636,East,0,0,10,31,0,0,0,0,0,8
STR_009,2022,8,4957187.37,707,2836,Ahmedabad,Gujarat,Rural,Mall Store,2000,2016-11-13,5,2279,1967636,East,1,1,8,31,0,0,0,0,0,0
STR_009,2022,9,4580866.93,663,2589,Ahmedabad,Gujarat,Rural,Mall Store,2000,2016-11-13,5,2279,1967636,East,0,0,8,30,0,0,0,0,0,0
STR_009,2022,10,5099425.37,761,3019,Ahmedabad,Gujarat,Rural,Mall Store,2000,2016-11-13,5,2279,1967636,East,2,2,10,31,0,0,0,0,8,0
STR_009,2022,11,4653926.24,656,2669,Ahmedabad,Gujarat,Rural,Mall Store,2000,2016-11-13,5,2279,1967636,East,0,0,8,30,0,0,8,0,0,0
STR_009,2022,12,4930705.8,717,2854,Ahmedabad,Gujarat,Rural,Mall Store,2000,2016-11-13,5,2279,1967636,East,1,1,9,31,0,0,0,0,5,0
STR_009,2023,1,5498877.7,772,3163,Ahmedabad,Gujarat,Rural,Mall Store,2000,2016-11-13,5,2279,1967636,East,2,2,9,31,6,0,0,0,0,0
STR_009,2023,2,4460236.98,651,2498,Ahmedabad,Gujarat,Rural,Mall Store,2000,2016-11-13,5,2279,1967636,East,0,0,8,28,0,0,8,0,0,0
STR_009,2023,3,5055623.34,701,2791,Ahmedabad,Gujarat,Rural,Mall Store,2000,2016-11-13,5,2279,1967636,East,1,1,8,31,0,0,0,0,0,0
STR_009,2023,4,4854106.5,712,2816,Ahmedabad,Gujarat,Rural,Mall Store,2000,2016-11-13,5,2279,1967636,East,1,1,10,30,0,0,0,12,0,0
STR_009,2023,5,4579016.29,701,2687,Ahmedabad,Gujarat,Rural,Mall Store,2000,2016-11-13,5,2279,1967636,East,0,0,8,31,7,0,0,0,0,0
STR_009,2023,6,4676612.72,684,2685,Ahmedabad,Gujarat,Rural,Mall Store,2000,2016-11-13,5,2279,1967636,East,0,0,8,30,0,0,0,0,0,0
STR_009,2023,7,4783225.81,707,2787,Ahmedabad,Gujarat,Rural,Mall Store,2000,2016-11-13,5,2279,1967636,East,0,0,10,31,0,0,6,0,0,0
STR_009,2023,8,4767149.25,711,2733,Ahmedabad,Gujarat,Rural,Mall Store,2000,2016-11-13,5,2279,1967636,East,1,1,8,31,0,0,0,0,4,0
STR_009,2023,9,4332641.42,652,2507,Ahmedabad,Gujarat,Rural,Mall Store,2000,2016-11-13,5,2279,1967636,East,0,0,9,30,0,0,11,0,0,0
STR_009,2023,10,4811584.37,722,3009,Ahmedabad,Gujarat,Rural,Mall Store,2000,2016-11-13,5,2279,1967636,East,1,1,9,31,10,0,0,0,0,0
STR_009,2023,11,5089222.7,722,2897,Ahmedabad,Gujarat,Rural,Mall Store,2000,2016-11-13,5,2279,1967636,East,1,1,8,30,0,0,0,0,0,0
STR_009,2023,12,4966602.85,721,2895,Ahmedabad,Gujarat,Rural,Mall Store,2000,2016-11-13,5,2279,1967636,East,1,1,10,31,0,0,0,0,0,0
STR_009,2024,1,4876252.02,727,2958,Ahmedabad,Gujarat,Rural,Mall Store,2000,2016-11-13,5,2279,1967636,East,2,2,8,31,0,14,0,0,0,0
STR_009,2024,2,4367208.03,657,2534,Ahmedabad,Gujarat,Rural,Mall Store,2000,2016-11-13,5,2279,1967636,East,0,0,8,29,0,0,0,0,0,0
STR_009,2024,3,4729490.68,724,2831,Ahmedabad,Gujarat,Rural,Mall Store,2000,2016-11-13,5,2279,1967636,East,1,1,10,31,0,0,0,10,0,0
STR_009,2024,4,4817035.4,677,2785,Ahmedabad,Gujarat,Rural,Mall Store,2000,2016-11-13,5,2279,1967636,East,1,1,8,30,0,0,0,11,0,0
STR_009,2024,5,4729601.27,706,2722,Ahmedabad,Gujarat,Rural,Mall Store,2000,2016-11-13,5,2279,1967636,East,0,0,8,31,0,0,0,3,0,0
STR_009,2024,6,4364270.34,683,2730,Ahmedabad,Gujarat,Rural,Mall Store,2000,2016-11-13,5,2279,1967636,East,0,0,10,30,15,0,0,0,0,0
STR_009,2024,7,4515241.28,657,2595,Ahmedabad,Gujarat,Rural,Mall Store,2000,2016-11-13,5,2279,1967636,East,0,0,8,31,0,0,0,0,14,0
STR_009,2024,8,4553309.84,710,2749,Ahmedabad,Gujarat,Rural,Mall Store,2000,2016-11-13,5,2279,1967636,East,1,1,9,31,0,12,0,0,0,0
STR_009,2024,9,4421296.53,670,2595,Ahmedabad,Gujarat,Rural,Mall Store,2000,2016-11-13,5,2279,1967636,East,0,0,9,30,0,12,0,0,0,0
STR_009,2024,10,4957445.08,735,2932,Ahmedabad,Gujarat,Rural,Mall Store,2000,2016-11-13,5,2279,1967636,East,2,2,8,31,0,0,0,15,0,0
STR_009,2024,11,4648079.91,676,2720,Ahmedabad,Gujarat,Rural,Mall Store,2000,2016-11-13,5,2279,1967636,East,0,0,9,30,0,5,0,0,0,0
STR_009,2024,12,5402946.63,761,3069,Ahmedabad,Gujarat,Rural,Mall Store,2000,2016-11-13,5,2279,1967636,East,1,1,9,31,0,0,0,0,0,0
STR_009,2025,1,5040296.01,738,3005,Ahmedabad,Gujarat,Rural,Mall Store,2000,2016-11-13,5,2279,1967636,East,2,2,8,31,0,15,0,0,0,0
STR_009,2025,2,4203669.57,652,2594,Ahmedabad,Gujarat,Rural,Mall Store,2000,2016-11-13,5,2279,1967636,East,0,0,8,28,7,0,0,0,0,0
STR_009,2025,3,5082613.9,713,2898,Ahmedabad,Gujarat,Rural,Mall Store,2000,2016-11-13,5,2279,1967636,East,2,2,10,31,0,0,0,0,0,10
STR_009,2025,4,4471562.21,665,2588,Ahmedabad,Gujarat,Rural,Mall Store,2000,2016-11-13,5,2279,1967636,East,0,0,8,30,0,0,0,0,0,10
STR_009,2025,5,4665652.64,698,2686,Ahmedabad,Gujarat,Rural,Mall Store,2000,2016-11-13,5,2279,1967636,East,0,0,9,31,0,0,0,0,0,11
STR_009,2025,6,4652482.11,686,2745,Ahmedabad,Gujarat,Rural,Mall Store,2000,2016-11-13,5,2279,1967636,East,0,0,9,30,0,0,15,0,0,0
STR_009,2025,7,4713617.74,684,2696,Ahmedabad,Gujarat,Rural,Mall Store,2000,2016-11-13,5,2279,1967636,East,0,0,8,31,0,0,0,0,0,0
STR_009,2025,8,5082045.48,760,2958,Ahmedabad,Gujarat,Rural,Mall Store,2000,2016-11-13,5,2279,1967636,East,1,1,10,31,0,0,0,0,0,0
STR_009,2025,9,4492848.81,666,2595,Ahmedabad,Gujarat,Rural,Mall Store,2000,2016-11-13,5,2279,1967636,East,0,0,8,30,0,0,0,7,0,0
STR_009,2025,10,5178028.23,748,3020,Ahmedabad,Gujarat,Rural,Mall Store,2000,2016-11-13,5,2279,1967636,East,2,2,8,31,0,0,0,0,0,0
STR_009,2025,11,4353409.01,660,2574,Ahmedabad,Gujarat,Rural,Mall Store,2000,2016-11-13,5,2279,1967636,East,0,0,10,30,0,0,0,0,0,11
STR_009,2025,12,5096039.86,737,2899,Ahmedabad,Gujarat,Rural,Mall Store,2000,2016-11-13,5,2279,1967636,East,1,1,8,31,0,0,0,0,0,5
STR_010,2021,1,4999660.73,718,2905,Chennai,Tamil Nadu,Metro,Mall Store,2000,2016-04-18,1,1400,830505,North,2,2,10,31,0,0,8,0,0,0
STR_010,2021,2,4124887.35,622,2413,Chennai,Tamil Nadu,Metro,Mall Store,2000,2016-04-18,1,1400,830505,North,0,0,8,28,0,0,0,0,12,0
STR_010,2021,3,5016038.83,702,2883,Chennai,Tamil Nadu,Metro,Mall Store,2000,2016-04-18,1,1400,830505,North,1,1,8,31,0,0,0,8,0,0
STR_010,2021,4,4633604.39,685,2657,Chennai,Tamil Nadu,Metro,Mall Store,2000,2016-04-18,1,1400,830505,North,0,0,8,30,0,0,14,0,0,0
STR_010,2021,5,5202412.42,729,2949,Chennai,Tamil Nadu,Metro,Mall Store,2000,2016-04-18,1,1400,830505,North,1,1,10,31,0,0,5,0,0,0
STR_010,2021,6,4275910.0,661,2517,Chennai,Tamil Nadu,Metro,Mall Store,2000,2016-04-18,1,1400,830505,North,0,0,8,30,0,0,12,0,0,0
STR_010,2021,7,4603026.33,715,2739,Chennai,Tamil Nadu,Metro,Mall Store,2000,2016-04-18,1,1400,830505,North,0,0,9,31,0,0,0,0,0,10
STR_010,2021,8,4984670.68,744,2948,Chennai,Tamil Nadu,Metro,Mall Store,2000,2016-04-18,1,1400,830505,North,1,1,9,31,0,0,15,0,0,0
STR_010,2021,9,4560305.67,667,2603,Chennai,Tamil Nadu,Metro,Mall Store,2000,2016-04-18,1,1400,830505,North,0,0,8,30,0,0,10,0,0,0
STR_010,2021,10,5076583.46,733,2913,Chennai,Tamil Nadu,Metro,Mall Store,2000,2016-04-18,1,1400,830505,North,1,1,10,31,0,0,0,0,0,0
STR_010,2021,11,4881918.84,717,2789,Chennai,Tamil Nadu,Metro,Mall Store,2000,2016-04-18,1,1400,830505,North,1,1,8,30,0,0,0,0,0,0
STR_010,2021,12,4489641.39,696,2866,Chennai,Tamil Nadu,Metro,Mall Store,2000,2016-04-18,1,1400,830505,North,1,1,8,31,16,0,0,0,0,0
STR_010,2022,1,5112561.4,739,3023,Chennai,Tamil Nadu,Metro,Mall Store,2000,2016-04-18,1,1400,830505,North,2,2,10,31,0,0,13,0,0,0
STR_010,2022,2,4349065.28,621,2465,Chennai,Tamil Nadu,Metro,Mall Store,2000,2016-04-18,1,1400,830505,North,0,0,8,28,0,0,0,0,0,0
STR_010,2022,3,4668151.49,689,2733,Chennai,Tamil Nadu,Metro,Mall Store,2000,2016-04-18,1,1400,830505,North,1,1,8,31,0,0,4,0,0,0
STR_010,2022,4,4394356.63,655,2524,Chennai,Tamil Nadu,Metro,Mall Store,2000,2016-04-18,1,1400,830505,North,0,0,9,30,0,0,0,0,0,0
STR_010,2022,5,4934000.95,739,2844,Chennai,Tamil Nadu,Metro,Mall Store,2000,2016-04-18,1,1400,830505,North,1,1,9,31,0,0,0,0,0,6
STR_010,2022,6,4444328.59,664,2621,Chennai,Tamil Nadu,Metro,Mall Store,2000,2016-04-18,1,1400,830505,North,0,0,8,30,0,12,0,0,0,0
STR_010,2022,7,4761515.71,713,2868,Chennai,Tamil Nadu,Metro,Mall Store,2000,2016-04-18,1,1400,830505,North,0,0,10,31,0,3,13,0,0,0
STR_010,2022,8,4893410.39,724,2844,Chennai,Tamil Nadu,Metro,Mall Store,2000,2016-04-18,1,1400,830505,North,1,1,8,31,0,0,0,0,11,0
STR_010,2022,9,4529616.69,670,2575,Chennai,Tamil Nadu,Metro,Mall Store,2000,2016-04-18,1,1400,830505,North,0,0,8,30,0,0,0,0,0,0
STR_010,2022,10,5036550.84,750,2966,Chennai,Tamil Nadu,Metro,Mall Store,2000,2016-04-18,1,1400,830505,North,2,2,10,31,0,0,0,5,0,0
STR_010,2022,11,4296705.95,651,2567,Chennai,Tamil Nadu,Metro,Mall Store,2000,2016-04-18,1,1400,830505,North,0,0,8,30,0,0,0,0,14,0
STR_010,2022,12,5242177.29,746,3022,Chennai,Tamil Nadu,Metro,Mall Store,2000,2016-04-18,1,1400,830505,North,1,1,9,31,0,0,14,0,0,0
STR_010,2023,1,5512081.75,762,3151,Chennai,Tamil Nadu,Metro,Mall Store,2000,2016-04-18,1,1400,830505,North,2,2,9,31,0,0,0,0,0,0
STR_010,2023,2,4508254.73,660,2539,Chennai,Tamil Nadu,Metro,Mall Store,2000,2016-04-18,1,1400,830505,North,0,0,8,28,0,0,0,0,0,0
STR_010,2023,3,4687541.55,693,2686,Chennai,Tamil Nadu,Metro,Mall Store,2000,2016-04-18,1,1400,830505,North,1,1,8,31,0,0,0,0,0,14
STR_010,2023,4,4838889.78,713,2876,Chennai,Tamil Nadu,Metro,Mall Store,2000,2016-04-18,1,1400,830505,North,1,1,10,30,5,0,0,0,0,0
STR_010,2023,5,4658231.79,702,2766,Chennai,Tamil Nadu,Metro,Mall Store,2000,2016-04-18,1,1400,830505,North,0,0,8,31,0,0,0,0,0,0
STR_010,2023,6,4364568.43,668,2596,Chennai,Tamil Nadu,Metro,Mall Store,2000,2016-04-18,1,1400,830505,North,0,0,8,30,0,0,13,0,0,0
STR_010,2023,7,4664467.08,732,2901,Chennai,Tamil Nadu,Metro,Mall Store,2000,2016-04-18,1,1400,830505,North,0,0,10,31,16,0,0,0,0,0
STR_010,2023,8,5117560.49,720,2884,Chennai,Tamil Nadu,Metro,Mall Store,2000,2016-04-18,1,1400,830505,North,1,1,8,31,0,0,0,0,0,0
STR_010,2023,9,4377131.79,648,2514,Chennai,Tamil Nadu,Metro,Mall Store,2000,2016-04-18,1,1400,830505,North,0,0,9,30,0,7,0,0,0,0
STR_010,2023,10,4764694.6,715,2776,Chennai,Tamil Nadu,Metro,Mall Store,2000,2016-04-18,1,1400,830505,North,1,1,9,31,0,0,9,0,0,0
STR_010,2023,11,4880876.89,695,2809,Chennai,Tamil Nadu,Metro,Mall Store,2000,2016-04-18,1,1400,830505,North,1,1,8,30,0,0,11,0,0,0
STR_010,2023,12,4869918.16,723,2921,Chennai,Tamil Nadu,Metro,Mall Store,2000,2016-04-18,1,1400,830505,North,1,1,10,31,7,0,0,0,0,0
STR_010,2024,1,5054246.17,723,2857,Chennai,Tamil Nadu,Metro,Mall Store,2000,2016-04-18,1,1400,830505,North,2,2,8,31,0,0,0,6,0,0
STR_010,2024,2,4528895.47,670,2649,Chennai,Tamil Nadu,Metro,Mall Store,2000,2016-04-18,1,1400,830505,North,0,0,8,29,0,0,10,0,0,0
STR_010,2024,3,4856017.19,729,2874,Chennai,Tamil Nadu,Metro,Mall Store,2000,2016-04-18,1,1400,830505,North,1,1,10,31,0,0,7,0,0,0
STR_010,2024,4,4798731.9,661,2662,Chennai,Tamil Nadu,Metro,Mall Store,2000,2016-04-18,1,1400,830505,North,1,1,8,30,0,0,0,0,0,0
STR_010,2024,5,4238873.96,708,2724,Chennai,Tamil Nadu,Metro,Mall Store,2000,2016-04-18,1,1400,830505,North,0,0,8,31,16,0,0,0,0,0
STR_010,2024,6,5153882.19,731,2914,Chennai,Tamil Nadu,Metro,Mall Store,2000,2016-04-18,1,1400,830505,North,0,0,10,30,0,0,0,0,0,0
STR_010,2024,7,4438856.26,653,2524,Chennai,Tamil Nadu,Metro,Mall Store,2000,2016-04-18,1,1400,830505,North,0,0,8,31,0,0,0,0,0,0
STR_010,2024,8,5009466.72,722,2852,Chennai,Tamil Nadu,Metro,Mall Store,2000,2016-04-18,1,1400,830505,North,1,1,9,31,0,0,0,0,0,0
STR_010,2024,9,4456250.22,647,2568,Chennai,Tamil Nadu,Metro,Mall Store,2000,2016-04-18,1,1400,830505,North,0,0,9,30,0,0,0,0,0,0
STR_010,2024,10,4953048.03,728,2935,Chennai,Tamil Nadu,Metro,Mall Store,2000,2016-04-18,1,1400,830505,North,2,2,8,31,0,0,0,0,16,0
STR_010,2024,11,4555373.43,654,2609,Chennai,Tamil Nadu,Metro,Mall Store,2000,2016-04-18,1,1400,830505,North,0,0,9,30,0,0,0,0,4,0
STR_010,2024,12,5068750.2,739,2938,Chennai,Tamil Nadu,Metro,Mall Store,2000,2016-04-18,1,1400,830505,North,1,1,9,31,0,0,0,0,14,0
STR_010,2025,1,5321728.28,761,3042,Chennai,Tamil Nadu,Metro,Mall Store,2000,2016-04-18,1,1400,830505,North,2,2,8,31,0,0,0,0,7,0
STR_010,2025,2,4365860.94,656,2524,Chennai,Tamil Nadu,Metro,Mall Store,2000,2016-04-18,1,1400,830505,North,0,0,8,28,0,0,0,0,0,10
STR_010,2025,3,5200463.97,758,2987,Chennai,Tamil Nadu,Metro,Mall Store,2000,2016-04-18,1,1400,830505,North,2,2,10,31,0,0,0,0,0,0
STR_010,2025,4,4399898.52,678,2590,Chennai,Tamil Nadu,Metro,Mall Store,2000,2016-04-18,1,1400,830505,North,0,0,8,30,0,0,14,0,0,0
STR_010,2025,5,4603390.09,680,2696,Chennai,Tamil Nadu,Metro,Mall Store,2000,2016-04-18,1,1400,830505,North,0,0,9,31,0,0,9,0,0,0
STR_010,2025,6,4628605.77,671,2692,Chennai,Tamil Nadu,Metro,Mall Store,2000,2016-04-18,1,1400,830505,North,0,0,9,30,0,0,0,0,0,12
STR_010,2025,7,4268877.12,703,2759,Chennai,Tamil Nadu,Metro,Mall Store,2000,2016-04-18,1,1400,830505,North,0,0,8,31,12,0,0,0,0,3
STR_010,2025,8,4794603.37,694,2751,Chennai,Tamil Nadu,Metro,Mall Store,2000,2016-04-18,1,1400,830505,North,1,1,10,31,0,0,15,0,0,0
STR_010,2025,9,4368015.53,669,2603,Chennai,Tamil Nadu,Metro,Mall Store,2000,2016-04-18,1,1400,830505,North,0,0,8,30,0,0,0,0,12,0
STR_010,2025,10,4722139.64,712,2833,Chennai,Tamil Nadu,Metro,Mall Store,2000,2016-04-18,1,1400,830505,North,2,2,8,31,0,0,0,0,2,9
STR_010,2025,11,4800612.53,697,2699,Chennai,Tamil Nadu,Metro,Mall Store,2000,2016-04-18,1,1400,830505,North,0,0,10,30,0,0,0,0,0,0
STR_010,2025,12,4613658.02,674,2653,Chennai,Tamil Nadu,Metro,Mall Store,2000,2016-04-18,1,1400,830505,North,1,1,8,31,0,0,0,0,0,0
STR_011,2021,1,5129646.47,748,2994,Pune,Maharashtra,Metro,Mall Store,2000,2019-05-14,2,2010,2813515,West,2,2,10,31,0,0,0,11,0,0
STR_011,2021,2,4332590.9,638,2534,Pune,Maharashtra,Metro,Mall Store,2000,2019-05-14,2,2010,2813515,West,0,0,8,28,0,0,10,0,0,0
STR_011,2021,3,4949265.14,722,2852,Pune,Maharashtra,Metro,Mall Store,2000,2019-05-14,2,2010,2813515,West,1,1,8,31,0,5,4,0,0,0
STR_011,2021,4,4585123.29,679,2600,Pune,Maharashtra,Metro,Mall Store,2000,2019-05-14,2,2010,2813515,West,0,0,8,30,0,6,0,0,0,0
STR_011,2021,5,4909615.94,742,2972,Pune,Maharashtra,Metro,Mall Store,2000,2019-05-14,2,2010,2813515,West,1,1,10,31,7,0,0,0,0,0
STR_011,2021,6,4068920.27,657,2542,Pune,Maharashtra,Metro,Mall Store,2000,2019-05-14,2,2010,2813515,West,0,0,8,30,0,12,0,0,0,0
STR_011,2021,7,4422766.36,698,2743,Pune,Maharashtra,Metro,Mall Store,2000,2019-05-14,2,2010,2813515,West,0,0,9,31,10,3,0,0,0,0
STR_011,2021,8,5015871.45,720,2909,Pune,Maharashtra,Metro,Mall Store,2000,2019-05-14,2,2010,2813515,West,1,1,9,31,0,0,0,0,7,0
STR_011,2021,9,4556417.75,672,2616,Pune,Maharashtra,Metro,Mall Store,2000,2019-05-14,2,2010,2813515,West,0,0,8,30,0,0,0,0,8,0
STR_011,2021,10,5007772.18,697,2837,Pune,Maharashtra,Metro,Mall Store,2000,2019-05-14,2,2010,2813515,West,1,1,10,31,0,0,0,0,0,0
STR_011,2021,11,4653533.63,694,2717,Pune,Maharashtra,Metro,Mall Store,2000,2019-05-14,2,2010,2813515,West,1,1,8,30,0,4,0,0,0,0
STR_011,2021,12,4984091.46,725,2880,Pune,Maharashtra,Metro,Mall Store,2000,2019-05-14,2,2010,2813515,West,1,1,8,31,0,0,0,0,0,0
STR_011,2022,1,5047209.45,732,2886,Pune,Maharashtra,Metro,Mall Store,2000,2019-05-14,2,2010,2813515,West,2,2,10,31,0,0,0,0,0,0
STR_011,2022,2,4413807.1,637,2476,Pune,Maharashtra,Metro,Mall Store,2000,2019-05-14,2,2010,2813515,West,0,0,8,28,0,0,0,0,0,0
STR_011,2022,3,4972487.71,721,2836,Pune,Maharashtra,Metro,Mall Store,2000,2019-05-14,2,2010,2813515,West,1,1,8,31,0,0,0,0,0,0
STR_011,2022,4,4702837.24,698,2812,Pune,Maharashtra,Metro,Mall Store,2000,2019-05-14,2,2010,2813515,West,0,0,9,30,9,0,0,0,0,0
STR_011,2022,5,4966787.83,725,2817,Pune,Maharashtra,Metro,Mall Store,2000,2019-05-14,2,2010,2813515,West,1,1,9,31,0,0,0,0,0,6
STR_011,2022,6,4422138.69,690,2655,Pune,Maharashtra,Metro,Mall Store,2000,2019-05-14,2,2010,2813515,West,0,0,8,30,0,12,0,0,0,0
STR_011,2022,7,4952368.49,735,2873,Pune,Maharashtra,Metro,Mall Store,2000,2019-05-14,2,2010,2813515,West,0,0,10,31,0,0,0,0,0,15
STR_011,2022,8,5015309.19,738,2935,Pune,Maharashtra,Metro,Mall Store,2000,2019-05-14,2,2010,2813515,West,1,1,8,31,0,0,0,10,0,0
STR_011,2022,9,4605251.36,695,2791,Pune,Maharashtra,Metro,Mall Store,2000,2019-05-14,2,2010,2813515,West,0,0,8,30,0,12,0,0,0,0
STR_011,2022,10,4879575.05,759,3016,Pune,Maharashtra,Metro,Mall Store,2000,2019-05-14,2,2010,2813515,West,2,2,10,31,0,19,0,0,0,0
STR_011,2022,11,4108129.69,643,2543,Pune,Maharashtra,Metro,Mall Store,2000,2019-05-14,2,2010,2813515,West,0,0,8,30,0,13,0,0,0,0
STR_011,2022,12,5153220.17,731,2967,Pune,Maharashtra,Metro,Mall Store,2000,2019-05-14,2,2010,2813515,West,1,1,9,31,0,0,0,0,0,0
STR_011,2023,1,4960887.57,721,2858,Pune,Maharashtra,Metro,Mall Store,2000,2019-05-14,2,2010,2813515,West,2,2,9,31,0,0,0,0,0,0
STR_011,2023,2,4086149.66,610,2345,Pune,Maharashtra,Metro,Mall Store,2000,2019-05-14,2,2010,2813515,West,0,0,8,28,0,0,16,0,0,0
STR_011,2023,3,4803592.63,690,2758,Pune,Maharashtra,Metro,Mall Store,2000,2019-05-14,2,2010,2813515,West,1,1,8,31,0,0,15,0,0,0
STR_011,2023,4,5099971.7,742,2976,Pune,Maharashtra,Metro,Mall Store,2000,2019-05-14,2,2010,2813515,West,1,1,10,30,0,11,0,0,0,0
STR_011,2023,5,4477753.29,681,2619,Pune,Maharashtra,Metro,Mall Store,2000,2019-05-14,2,2010,2813515,West,0,0,8,31,0,0,0,11,0,0
STR_011,2023,6,4387030.58,653,2553,Pune,Maharashtra,Metro,Mall Store,2000,2019-05-14,2,2010,2813515,West,0,0,8,30,0,0,0,0,4,0
STR_011,2023,7,4923238.92,701,2806,Pune,Maharashtra,Metro,Mall Store,2000,2019-05-14,2,2010,2813515,West,0,0,10,31,0,0,7,0,0,0
STR_011,2023,8,4831830.7,699,2792,Pune,Maharashtra,Metro,Mall Store,2000,2019-05-14,2,2010,2813515,West,1,1,8,31,0,0,0,0,0,0
STR_011,2023,9,4647024.96,686,2640,Pune,Maharashtra,Metro,Mall Store,2000,2019-05-14,2,2010,2813515,West,0,0,9,30,0,0,0,0,0,4
STR_011,2023,10,4799059.86,726,2749,Pune,Maharashtra,Metro,Mall Store,2000,2019-05-14,2,2010,2813515,West,1,1,9,31,0,0,0,0,0,0
STR_011,2023,11,4822277.98,694,2742,Pune,Maharashtra,Metro,Mall Store,2000,2019-05-14,2,2010,2813515,West,1,1,8,30,0,0,0,0,0,0
STR_011,2023,12,4797316.43,721,2763,Pune,Maharashtra,Metro,Mall Store,2000,2019-05-14,2,2010,2813515,West,1,1,10,31,0,0,0,0,7,0
STR_011,2024,1,5209907.89,766,3038,Pune,Maharashtra,Metro,Mall Store,2000,2019-05-14,2,2010,2813515,West,2,2,8,31,0,0,10,0,0,0
STR_011,2024,2,4483775.97,651,2513,Pune,Maharashtra,Metro,Mall Store,2000,2019-05-14,2,2010,2813515,West,0,0,8,29,0,0,0,0,0,0
STR_011,2024,3,4944994.38,704,2801,Pune,Maharashtra,Metro,Mall Store,2000,2019-05-14,2,2010,2813515,West,1,1,10,31,0,0,0,0,0,0
STR_011,2024,4,5031639.0,726,2920,Pune,Maharashtra,Metro,Mall Store,2000,2019-05-14,2,2010,2813515,West,1,1,8,30,0,0,0,0,9,0
STR_011,2024,5,4511193.35,649,2523,Pune,Maharashtra,Metro,Mall Store,2000,2019-05-14,2,2010,2813515,West,0,0,8,31,0,0,0,0,0,0
STR_011,2024,6,4742420.67,687,2698,Pune,Maharashtra,Metro,Mall Store,2000,2019-05-14,2,2010,2813515,West,0,0,10,30,0,0,0,0,0,0
STR_011,2024,7,4612635.93,670,2594,Pune,Maharashtra,Metro,Mall Store,2000,2019-05-14,2,2010,2813515,West,0,0,8,31,0,0,0,0,0,0
STR_011,2024,8,4761236.95,690,2837,Pune,Maharashtra,Metro,Mall Store,2000,2019-05-14,2,2010,2813515,West,1,1,9,31,7,0,0,0,0,0
STR_011,2024,9,4530679.54,674,2596,Pune,Maharashtra,Metro,Mall Store,2000,2019-05-14,2,2010,2813515,West,0,0,9,30,0,0,0,10,0,0
STR_011,2024,10,5021775.47,740,3019,Pune,Maharashtra,Metro,Mall Store,2000,2019-05-14,2,2010,2813515,West,2,2,8,31,6,0,0,0,0,0
STR_011,2024,11,4770031.05,704,2706,Pune,Maharashtra,Metro,Mall Store,2000,2019-05-14,2,2010,2813515,West,0,0,9,30,0,0,0,0,7,0
STR_011,2024,12,4857490.36,691,2762,Pune,Maharashtra,Metro,Mall Store,2000,2019-05-14,2,2010,2813515,West,1,1,9,31,0,0,0,0,0,7
STR_011,2025,1,5191596.87,744,2961,Pune,Maharashtra,Metro,Mall Store,2000,2019-05-14,2,2010,2813515,West,2,2,8,31,0,5,0,0,0,0
STR_011,2025,2,4185911.58,634,2447,Pune,Maharashtra,Metro,Mall Store,2000,2019-05-14,2,2010,2813515,West,0,0,8,28,0,4,0,0,0,0
STR_011,2025,3,5200449.36,763,3081,Pune,Maharashtra,Metro,Mall Store,2000,2019-05-14,2,2010,2813515,West,2,2,10,31,0,0,0,13,0,0
STR_011,2025,4,4679956.56,678,2712,Pune,Maharashtra,Metro,Mall Store,2000,2019-05-14,2,2010,2813515,West,0,0,8,30,0,4,0,0,0,0
STR_011,2025,5,4459303.31,690,2704,Pune,Maharashtra,Metro,Mall Store,2000,2019-05-14,2,2010,2813515,West,0,0,9,31,0,16,0,0,0,0
STR_011,2025,6,4380843.95,664,2663,Pune,Maharashtra,Metro,Mall Store,2000,2019-05-14,2,2010,2813515,West,0,0,9,30,0,9,0,0,0,0
STR_011,2025,7,4722560.47,685,2650,Pune,Maharashtra,Metro,Mall Store,2000,2019-05-14,2,2010,2813515,West,0,0,8,31,0,0,0,0,0,0
STR_011,2025,8,4918891.22,748,2912,Pune,Maharashtra,Metro,Mall Store,2000,2019-05-14,2,2010,2813515,West,1,1,10,31,0,0,0,0,0,0
STR_011,2025,9,4717719.79,677,2708,Pune,Maharashtra,Metro,Mall Store,2000,2019-05-14,2,2010,2813515,West,0,0,8,30,0,0,0,5,0,0
STR_011,2025,10,4887777.38,728,2875,Pune,Maharashtra,Metro,Mall Store,2000,2019-05-14,2,2010,2813515,West,2,2,8,31,0,0,0,0,0,11
STR_011,2025,11,4621353.5,668,2624,Pune,Maharashtra,Metro,Mall Store,2000,2019-05-14,2,2010,2813515,West,0,0,10,30,0,0,0,0,0,0
STR_011,2025,12,4909478.78,730,2817,Pune,Maharashtra,Metro,Mall Store,2000,2019-05-14,2,2010,2813515,West,1,1,8,31,0,0,11,0,0,0
STR_012,2021,1,5265999.83,749,3034,Kolkata,West Bengal,Rural,Mall Store,2000,2018-04-22,10,2878,2948395,East,2,2,10,31,0,0,0,0,0,0
STR_012,2021,2,4374439.28,640,2547,Kolkata,West Bengal,Rural,Mall Store,2000,2018-04-22,10,2878,2948395,East,0,0,8,28,0,0,0,9,0,0
STR_012,2021,3,4603484.76,675,2681,Kolkata,West Bengal,Rural,Mall Store,2000,2018-04-22,10,2878,2948395,East,1,1,8,31,0,0,0,14,0,0
STR_012,2021,4,4965690.62,704,2819,Kolkata,West Bengal,Rural,Mall Store,2000,2018-04-22,10,2878,2948395,East,0,0,8,30,0,0,0,2,0,0
STR_012,2021,5,5061785.13,724,2850,Kolkata,West Bengal,Rural,Mall Store,2000,2018-04-22,10,2878,2948395,East,1,1,10,31,0,0,0,0,0,0
STR_012,2021,6,4594599.31,665,2577,Kolkata,West Bengal,Rural,Mall Store,2000,2018-04-22,10,2878,2948395,East,0,0,8,30,0,0,0,4,0,0
STR_012,2021,7,4865215.05,714,2808,Kolkata,West Bengal,Rural,Mall Store,2000,2018-04-22,10,2878,2948395,East,0,0,9,31,0,0,5,0,0,0
STR_012,2021,8,4986322.26,724,2876,Kolkata,West Bengal,Rural,Mall Store,2000,2018-04-22,10,2878,2948395,East,1,1,9,31,0,0,0,0,0,0
STR_012,2021,9,4504343.94,669,2648,Kolkata,West Bengal,Rural,Mall Store,2000,2018-04-22,10,2878,2948395,East,0,0,8,30,0,0,0,0,0,0
STR_012,2021,10,4679843.28,701,2747,Kolkata,West Bengal,Rural,Mall Store,2000,2018-04-22,10,2878,2948395,East,1,1,10,31,0,0,0,0,0,11
STR_012,2021,11,4754664.22,680,2688,Kolkata,West Bengal,Rural,Mall Store,2000,2018-04-22,10,2878,2948395,East,1,1,8,30,0,0,0,0,0,0
STR_012,2021,12,4718003.06,704,2780,Kolkata,West Bengal,Rural,Mall Store,2000,2018-04-22,10,2878,2948395,East,1,1,8,31,0,0,0,0,0,0
STR_012,2022,1,5168431.76,732,2960,Kolkata,West Bengal,Rural,Mall Store,2000,2018-04-22,10,2878,2948395,East,2,2,10,31,0,0,0,0,14,0
STR_012,2022,2,4152811.5100000002,636,2429,Kolkata,West Bengal,Rural,Mall Store,2000,2018-04-22,10,2878,2948395,East,0,0,8,28,0,0,0,0,0,0
STR_012,2022,3,5112523.38,714,2900,Kolkata,West Bengal,Rural,Mall Store,2000,2018-04-22,10,2878,2948395,East,1,1,8,31,0,0,7,0,0,0
STR_012,2022,4,4402777.96,679,2618,Kolkata,West Bengal,Rural,Mall Store,2000,2018-04-22,10,2878,2948395,East,0,0,9,30,5,0,0,0,0,0
STR_012,2022,5,4880049.55,726,2834,Kolkata,West Bengal,Rural,Mall Store,2000,2018-04-22,10,2878,2948395,East,1,1,9,31,0,0,5,0,0,0
STR_012,2022,6,4536445.29,669,2633,Kolkata,West Bengal,Rural,Mall Store,2000,2018-04-22,10,2878,2948395,East,0,0,8,30,0,0,0,0,7,0
STR_012,2022,7,4655572.71,701,2672,Kolkata,West Bengal,Rural,Mall Store,2000,2018-04-22,10,2878,2948395,East,0,0,10,31,0,0,0,0,0,0
STR_012,2022,8,4796438.25,697,2718,Kolkata,West Bengal,Rural,Mall Store,2000,2018-04-22,10,2878,2948395,East,1,1,8,31,0,0,0,9,0,0
STR_012,2022,9,4366896.2299999995,639,2535,Kolkata,West Bengal,Rural,Mall Store,2000,2018-04-22,10,2878,2948395,East,0,0,8,30,0,0,0,0,0,0
STR_012,2022,10,4729483.58,707,2792,Kolkata,West Bengal,Rural,Mall Store,2000,2018-04-22,10,2878,2948395,East,2,2,10,31,0,0,0,0,0,14
STR_012,2022,11,4241570.71,641,2503,Kolkata,West Bengal,Rural,Mall Store,2000,2018-04-22,10,2878,2948395,East,0,0,8,30,0,0,0,0,0,2
STR_012,2022,12,5525523.61,772,3130,Kolkata,West Bengal,Rural,Mall Store,2000,2018-04-22,10,2878,2948395,East,1,1,9,31,0,0,0,0,0,0
STR_012,2023,1,5196003.31,719,2905,Kolkata,West Bengal,Rural,Mall Store,2000,2018-04-22,10,2878,2948395,East,2,2,9,31,0,0,0,0,0,0
STR_012,2023,2,4471684.87,634,2509,Kolkata,West Bengal,Rural,Mall Store,2000,2018-04-22,10,2878,2948395,East,0,0,8,28,0,0,0,0,0,8
STR_012,2023,3,4612436.98,667,2628,Kolkata,West Bengal,Rural,Mall Store,2000,2018-04-22,10,2878,2948395,East,1,1,8,31,0,0,0,0,0,0
STR_012,2023,4,4911395.89,703,2777,Kolkata,West Bengal,Rural,Mall Store,2000,2018-04-22,10,2878,2948395,East,1,1,10,30,0,0,0,0,0,0
STR_012,2023,5,4803507.14,682,2696,Kolkata,West Bengal,Rural,Mall Store,2000,2018-04-22,10,2878,2948395,East,0,0,8,31,0,0,0,0,0,0
STR_012,2023,6,4613303.7,660,2659,Kolkata,West Bengal,Rural,Mall Store,2000,2018-04-22,10,2878,2948395,East,0,0,8,30,0,0,0,11,0,0
STR_012,2023,7,4673410.16,712,2732,Kolkata,West Bengal,Rural,Mall Store,2000,2018-04-22,10,2878,2948395,East,0,0,10,31,0,0,0,5,0,0
STR_012,2023,8,4521618.66,679,2675,Kolkata,West Bengal,Rural,Mall Store,2000,2018-04-22,10,2878,2948395,East,1,1,8,31,0,0,16,0,0,0
STR_012,2023,9,4300349.82,656,2515,Kolkata,West Bengal,Rural,Mall Store,2000,2018-04-22,10,2878,2948395,East,0,0,9,30,0,0,0,0,4,0
STR_012,2023,10,4689811.54,698,2805,Kolkata,West Bengal,Rural,Mall Store,2000,2018-04-22,10,2878,2948395,East,1,1,9,31,0,0,0,0,12,0
STR_012,2023,11,5236773.29,695,2857,Kolkata,West Bengal,Rural,Mall Store,2000,2018-04-22,10,2878,2948395,East,1,1,8,30,0,0,0,0,0,0
STR_012,2023,12,5207734.04,778,2992,Kolkata,West Bengal,Rural,Mall Store,2000,2018-04-22,10,2878,2948395,East,1,1,10,31,0,0,0,0,0,0
STR_012,2024,1,4989300.4,752,2984,Kolkata,West Bengal,Rural,Mall Store,2000,2018-04-22,10,2878,2948395,East,2,2,8,31,0,0,0,0,5,0
STR_012,2024,2,4512693.49,659,2574,Kolkata,West Bengal,Rural,Mall Store,2000,2018-04-22,10,2878,2948395,East,0,0,8,29,0,0,0,0,0,0
STR_012,2024,3,5013880.96,768,2971,Kolkata,West Bengal,Rural,Mall Store,2000,2018-04-22,10,2878,2948395,East,1,1,10,31,0,6,0,0,0,0
STR_012,2024,4,4622691.09,658,2671,Kolkata,West Bengal,Rural,Mall Store,2000,2018-04-22,10,2878,2948395,East,1,1,8,30,0,0,0,13,0,0
STR_012,2024,5,4842457.33,674,2699,Kolkata,West Bengal,Rural,Mall Store,2000,2018-04-22,10,2878,2948395,East,0,0,8,31,0,0,0,0,0,0
STR_012,2024,6,4254992.05,697,2701,Kolkata,West Bengal,Rural,Mall Store,2000,2018-04-22,10,2878,2948395,East,0,0,10,30,16,0,0,0,0,0
STR_012,2024,7,4311365.03,683,2678,Kolkata,West Bengal,Rural,Mall Store,2000,2018-04-22,10,2878,2948395,East,0,0,8,31,0,13,0,0,0,0
STR_012,2024,8,4821175.63,733,2793,Kolkata,West Bengal,Rural,Mall Store,2000,2018-04-22,10,2878,2948395,East,1,1,9,31,0,0,0,9,0,0
STR_012,2024,9,3950705.23,665,2525,Kolkata,West Bengal,Rural,Mall Store,2000,2018-04-22,10,2878,2948395,East,0,0,9,30,16,0,0,0,0,0
STR_012,2024,10,5038071.31,737,2966,Kolkata,West Bengal,Rural,Mall Store,2000,2018-04-22,10,2878,2948395,East,2,2,8,31,0,0,14,0,0,0
STR_012,2024,11,4397797.97,646,2532,Kolkata,West Bengal,Rural,Mall Store,2000,2018-04-22,10,2878,2948395,East,0,0,9,30,0,0,0,16,0,0
STR_012,2024,12,4722808.56,669,2692,Kolkata,West Bengal,Rural,Mall Store,2000,2018-04-22,10,2878,2948395,East,1,1,9,31,0,0,0,0,0,0
STR_012,2025,1,5049773.51,744,3052,Kolkata,West Bengal,Rural,Mall Store,2000,2018-04-22,10,2878,2948395,East,2,2,8,31,6,0,0,0,0,0
STR_012,2025,2,4076301.78,645,2429,Kolkata,West Bengal,Rural,Mall Store,2000,2018-04-22,10,2878,2948395,East,0,0,8,28,9,0,0,0,0,0
STR_012,2025,3,5157357.95,739,3018,Kolkata,West Bengal,Rural,Mall Store,2000,2018-04-22,10,2878,2948395,East,2,2,10,31,0,0,0,9,0,0
STR_012,2025,4,4618844.73,685,2644,Kolkata,West Bengal,Rural,Mall Store,2000,2018-04-22,10,2878,2948395,East,0,0,8,30,0,0,7,0,0,0
STR_012,2025,5,4486225.47,666,2581,Kolkata,West Bengal,Rural,Mall Store,2000,2018-04-22,10,2878,2948395,East,0,0,9,31,0,0,0,0,9,0
STR_012,2025,6,4228489.98,643,2488,Kolkata,West Bengal,Rural,Mall Store,2000,2018-04-22,10,2878,2948395,East,0,0,9,30,0,0,0,0,0,8
STR_012,2025,7,4452033.73,659,2505,Kolkata,West Bengal,Rural,Mall Store,2000,2018-04-22,10,2878,2948395,East,0,0,8,31,0,0,0,0,4,0
STR_012,2025,8,5143567.99,740,2952,Kolkata,West Bengal,Rural,Mall Store,2000,2018-04-22,10,2878,2948395,East,1,1,10,31,0,0,0,0,0,0
STR_012,2025,9,4177538.38,633,2466,Kolkata,West Bengal,Rural,Mall Store,2000,2018-04-22,10,2878,2948395,East,0,0,8,30,0,0,0,0,0,0
STR_012,2025,10,5110418.34,728,2869,Kolkata,West Bengal,Rural,Mall Store,2000,2018-04-22,10,2878,2948395,East,2,2,8,31,0,0,0,0,0,0
STR_012,2025,11,4605448.15,686,2688,Kolkata,West Bengal,Rural,Mall Store,2000,2018-04-22,10,2878,2948395,East,0,0,10,30,0,0,10,0,0,0
STR_012,2025,12,5103493.45,730,2887,Kolkata,West Bengal,Rural,Mall Store,2000,2018-04-22,10,2878,2948395,East,1,1,8,31,0,0,14,0,0,0
STR_013,2021,1,5479983.5200000005,738,3075,Kolkata,West Bengal,Tier-2,Mall Store,2000,2019-06-27,7,2914,2934675,North,2,2,10,31,0,0,0,0,0,0
STR_013,2021,2,3653022.09,608,2419,Kolkata,West Bengal,Tier-2,Mall Store,2000,2019-06-27,7,2914,2934675,North,0,0,8,28,14,0,0,0,0,0
STR_013,2021,3,4547197.78,686,2748,Kolkata,West Bengal,Tier-2,Mall Store,2000,2019-06-27,7,2914,2934675,North,1,1,8,31,0,0,0,0,13,0
STR_013,2021,4,4442861.05,671,2676,Kolkata,West Bengal,Tier-2,Mall Store,2000,2019-06-27,7,2914,2934675,North,0,0,8,30,6,0,0,0,0,0
STR_013,2021,5,4592814.62,743,2859,Kolkata,West Bengal,Tier-2,Mall Store,2000,2019-06-27,7,2914,2934675,North,1,1,10,31,7,0,0,0,0,0
STR_013,2021,6,4484896.82,655,2601,Kolkata,West Bengal,Tier-2,Mall Store,2000,2019-06-27,7,2914,2934675,North,0,0,8,30,0,0,0,0,0,0
STR_013,2021,7,4808208.24,686,2714,Kolkata,West Bengal,Tier-2,Mall Store,2000,2019-06-27,7,2914,2934675,North,0,0,9,31,0,0,0,0,0,0
STR_013,2021,8,5123033.8,758,2984,Kolkata,West Bengal,Tier-2,Mall Store,2000,2019-06-27,7,2914,2934675,North,1,1,9,31,0,0,0,0,0,14
STR_013,2021,9,4612794.98,669,2596,Kolkata,West Bengal,Tier-2,Mall Store,2000,2019-06-27,7,2914,2934675,North,0,0,8,30,0,0,0,9,0,0
STR_013,2021,10,4688840.0,711,2802,Kolkata,West Bengal,Tier-2,Mall Store,2000,2019-06-27,7,2914,2934675,North,1,1,10,31,0,0,0,0,15,0
STR_013,2021,11,4734505.82,693,2785,Kolkata,West Bengal,Tier-2,Mall Store,2000,2019-06-27,7,2914,2934675,North,1,1,8,30,0,0,0,0,0,0
STR_013,2021,12,4905552.8,723,2858,Kolkata,West Bengal,Tier-2,Mall Store,2000,2019-06-27,7,2914,2934675,North,1,1,8,31,0,0,0,0,12,0
STR_013,2022,1,4739619.72,714,2843,Kolkata,West Bengal,Tier-2,Mall Store,2000,2019-06-27,7,2914,2934675,North,2,2,10,31,0,0,14,0,0,0
STR_013,2022,2,4621066.33,670,2576,Kolkata,West Bengal,Tier-2,Mall Store,2000,2019-06-27,7,2914,2934675,North,0,0,8,28,0,0,0,0,0,0
STR_013,2022,3,5056908.71,715,2895,Kolkata,West Bengal,Tier-2,Mall Store,2000,2019-06-27,7,2914,2934675,North,1,1,8,31,0,0,0,0,10,0
STR_013,2022,4,4737845.87,697,2724,Kolkata,West Bengal,Tier-2,Mall Store,2000,2019-06-27,7,2914,2934675,North,0,0,9,30,0,0,0,0,0,0
STR_013,2022,5,5006300.59,703,2824,Kolkata,West Bengal,Tier-2,Mall Store,2000,2019-06-27,7,2914,2934675,North,1,1,9,31,0,0,0,7,0,0
STR_013,2022,6,4495923.69,676,2596,Kolkata,West Bengal,Tier-2,Mall Store,2000,2019-06-27,7,2914,2934675,North,0,0,8,30,0,0,0,0,15,0
STR_013,2022,7,4495419.51,689,2682,Kolkata,West Bengal,Tier-2,Mall Store,2000,2019-06-27,7,2914,2934675,North,0,0,10,31,0,15,0,0,0,0
STR_013,2022,8,4632856.9799999995,686,2668,Kolkata,West Bengal,Tier-2,Mall Store,2000,2019-06-27,7,2914,2934675,North,1,1,8,31,0,0,0,0,0,0
STR_013,2022,9,4482393.67,636,2503,Kolkata,West Bengal,Tier-2,Mall Store,2000,2019-06-27,7,2914,2934675,North,0,0,8,30,0,0,0,0,0,0
STR_013,2022,10,5069973.04,780,3051,Kolkata,West Bengal,Tier-2,Mall Store,2000,2019-06-27,7,2914,2934675,North,2,2,10,31,0,15,0,0,0,0
STR_013,2022,11,4359302.94,644,2534,Kolkata,West Bengal,Tier-2,Mall Store,2000,2019-06-27,7,2914,2934675,North,0,0,8,30,0,0,0,11,0,0
STR_013,2022,12,5001610.66,729,2893,Kolkata,West Bengal,Tier-2,Mall Store,2000,2019-06-27,7,2914,2934675,North,1,1,9,31,0,0,0,1,0,0
STR_013,2023,1,4658998.34,733,2890,Kolkata,West Bengal,Tier-2,Mall Store,2000,2019-06-27,7,2914,2934675,North,2,2,9,31,12,0,0,0,0,0
STR_013,2023,2,4443924.89,642,2548,Kolkata,West Bengal,Tier-2,Mall Store,2000,2019-06-27,7,2914,2934675,North,0,0,8,28,0,0,0,0,0,12
STR_013,2023,3,4638003.64,700,2770,Kolkata,West Bengal,Tier-2,Mall Store,2000,2019-06-27,7,2914,2934675,North,1,1,8,31,0,0,16,0,0,0
STR_013,2023,4,5070414.6,729,2902,Kolkata,West Bengal,Tier-2,Mall Store,2000,2019-06-27,7,2914,2934675,North,1,1,10,30,0,0,0,0,0,0
STR_013,2023,5,4769199.0,696,2750,Kolkata,West Bengal,Tier-2,Mall Store,2000,2019-06-27,7,2914,2934675,North,0,0,8,31,0,0,0,13,0,0
STR_013,2023,6,4490885.03,660,2608,Kolkata,West Bengal,Tier-2,Mall Store,2000,2019-06-27,7,2914,2934675,North,0,0,8,30,0,0,5,0,0,0
STR_013,2023,7,4912223.0,747,2953,Kolkata,West Bengal,Tier-2,Mall Store,2000,2019-06-27,7,2914,2934675,North,0,0,10,31,0,0,0,0,16,0
STR_013,2023,8,4769970.64,695,2759,Kolkata,West Bengal,Tier-2,Mall Store,2000,2019-06-27,7,2914,2934675,North,1,1,8,31,0,0,0,0,12,0
STR_013,2023,9,4490216.42,678,2573,Kolkata,West Bengal,Tier-2,Mall Store,2000,2019-06-27,7,2914,2934675,North,0,0,9,30,0,0,0,0,0,0
STR_013,2023,10,4968781.92,741,2874,Kolkata,West Bengal,Tier-2,Mall Store,2000,2019-06-27,7,2914,2934675,North,1,1,9,31,0,0,14,0,0,0
STR_013,2023,11,4866103.67,727,2885,Kolkata,West Bengal,Tier-2,Mall Store,2000,2019-06-27,7,2914,2934675,North,1,1,8,30,0,0,13,0,0,0
STR_013,2023,12,4951221.87,726,2874,Kolkata,West Bengal,Tier-2,Mall Store,2000,2019-06-27,7,2914,2934675,North,1,1,10,31,0,0,0,0,15,0
STR_013,2024,1,4789522.07,707,2770,Kolkata,West Bengal,Tier-2,Mall Store,2000,2019-06-27,7,2914,2934675,North,2,2,8,31,0,0,0,0,0,0
STR_013,2024,2,4427188.04,636,2511,Kolkata,West Bengal,Tier-2,Mall Store,2000,2019-06-27,7,2914,2934675,North,0,0,8,29,0,0,0,0,0,0
STR_013,2024,3,4877560.46,728,2904,Kolkata,West Bengal,Tier-2,Mall Store,2000,2019-06-27,7,2914,2934675,North,1,1,10,31,0,0,0,0,5,0
STR_013,2024,4,4715934.18,707,2765,Kolkata,West Bengal,Tier-2,Mall Store,2000,2019-06-27,7,2914,2934675,North,1,1,8,30,0,0,0,0,10,0
STR_013,2024,5,5280447.82,728,2950,Kolkata,West Bengal,Tier-2,Mall Store,2000,2019-06-27,7,2914,2934675,North,0,0,8,31,0,0,0,0,0,0
STR_013,2024,6,4556377.5,649,2577,Kolkata,West Bengal,Tier-2,Mall Store,2000,2019-06-27,7,2914,2934675,North,0,0,10,30,0,0,0,0,0,0
STR_013,2024,7,4899196.29,693,2747,Kolkata,West Bengal,Tier-2,Mall Store,2000,2019-06-27,7,2914,2934675,North,0,0,8,31,0,0,0,0,0,0
STR_013,2024,8,4599232.38,685,2663,Kolkata,West Bengal,Tier-2,Mall Store,2000,2019-06-27,7,2914,2934675,North,1,1,9,31,0,0,0,0,0,0
STR_013,2024,9,4646197.07,695,2672,Kolkata,West Bengal,Tier-2,Mall Store,2000,2019-06-27,7,2914,2934675,North,0,0,9,30,0,0,10,0,0,0
STR_013,2024,10,5439681.96,764,3093,Kolkata,West Bengal,Tier-2,Mall Store,2000,2019-06-27,7,2914,2934675,North,2,2,8,31,0,0,0,0,0,0
STR_013,2024,11,4511154.14,679,2641,Kolkata,West Bengal,Tier-2,Mall Store,2000,2019-06-27,7,2914,2934675,North,0,0,9,30,0,0,0,5,0,0
STR_013,2024,12,4773240.05,679,2726,Kolkata,West Bengal,Tier-2,Mall Store,2000,2019-06-27,7,2914,2934675,North,1,1,9,31,0,0,0,0,0,0
STR_013,2025,1,5227641.69,774,3107,Kolkata,West Bengal,Tier-2,Mall Store,2000,2019-06-27,7,2914,2934675,North,2,2,8,31,0,13,0,0,0,0
STR_013,2025,2,4036486.15,623,2437,Kolkata,West Bengal,Tier-2,Mall Store,2000,2019-06-27,7,2914,2934675,North,0,0,8,28,0,16,0,0,0,0
STR_013,2025,3,4751314.89,714,2824,Kolkata,West Bengal,Tier-2,Mall Store,2000,2019-06-27,7,2914,2934675,North,2,2,10,31,0,11,0,0,0,0
STR_013,2025,4,4389928.87,651,2521,Kolkata,West Bengal,Tier-2,Mall Store,2000,2019-06-27,7,2914,2934675,North,0,0,8,30,0,0,0,0,0,0
STR_013,2025,5,4800130.08,723,2788,Kolkata,West Bengal,Tier-2,Mall Store,2000,2019-06-27,7,2914,2934675,North,0,0,9,31,0,0,0,0,0,0
STR_013,2025,6,4550461.24,683,2667,Kolkata,West Bengal,Tier-2,Mall Store,2000,2019-06-27,7,2914,2934675,North,0,0,9,30,5,0,0,0,0,0
STR_013,2025,7,4761159.23,677,2653,Kolkata,West Bengal,Tier-2,Mall Store,2000,2019-06-27,7,2914,2934675,North,0,0,8,31,0,0,0,0,0,5
STR_013,2025,8,4853393.7,737,2960,Kolkata,West Bengal,Tier-2,Mall Store,2000,2019-06-27,7,2914,2934675,North,1,1,10,31,0,11,0,0,0,0
STR_013,2025,9,4558194.74,653,2596,Kolkata,West Bengal,Tier-2,Mall Store,2000,2019-06-27,7,2914,2934675,North,0,0,8,30,0,0,5,0,0,0
STR_013,2025,10,4884040.18,713,2784,Kolkata,West Bengal,Tier-2,Mall Store,2000,2019-06-27,7,2914,2934675,North,2,2,8,31,0,6,0,0,0,0
STR_013,2025,11,4532756.41,684,2711,Kolkata,West Bengal,Tier-2,Mall Store,2000,2019-06-27,7,2914,2934675,North,0,0,10,30,6,0,0,0,0,0
STR_013,2025,12,4618472.23,700,2712,Kolkata,West Bengal,Tier-2,Mall Store,2000,2019-06-27,7,2914,2934675,North,1,1,8,31,6,0,0,0,0,0
STR_014,2021,1,4961279.12,729,2853,Bangalore,Karnataka,Suburban,Mall Store,2000,2016-05-31,9,1297,1846900,South,2,2,10,31,0,0,0,0,0,0
STR_014,2021,2,4639765.37,661,2710,Bangalore,Karnataka,Suburban,Mall Store,2000,2016-05-31,9,1297,1846900,South,0,0,8,28,0,0,0,10,0,0
STR_014,2021,3,4770119.92,681,2735,Bangalore,Karnataka,Suburban,Mall Store,2000,2016-05-31,9,1297,1846900,South,1,1,8,31,0,0,0,1,0,0
STR_014,2021,4,4197540.25,636,2430,Bangalore,Karnataka,Suburban,Mall Store,2000,2016-05-31,9,1297,1846900,South,0,0,8,30,0,0,0,0,0,4
STR_014,2021,5,5373906.07,769,3062,Bangalore,Karnataka,Suburban,Mall Store,2000,2016-05-31,9,1297,1846900,South,1,1,10,31,0,0,0,0,7,0
STR_014,2021,6,4410314.6,663,2558,Bangalore,Karnataka,Suburban,Mall Store,2000,2016-05-31,9,1297,1846900,South,0,0,8,30,0,0,6,0,0,0
STR_014,2021,7,4681926.02,711,2702,Bangalore,Karnataka,Suburban,Mall Store,2000,2016-05-31,9,1297,1846900,South,0,0,9,31,0,0,0,0,0,0
STR_014,2021,8,5222912.37,730,2943,Bangalore,Karnataka,Suburban,Mall Store,2000,2016-05-31,9,1297,1846900,South,1,1,9,31,0,0,0,0,0,0
STR_014,2021,9,4720254.96,698,2737,Bangalore,Karnataka,Suburban,Mall Store,2000,2016-05-31,9,1297,1846900,South,0,0,8,30,0,0,0,0,0,0
STR_014,2021,10,5101787.88,726,2879,Bangalore,Karnataka,Suburban,Mall Store,2000,2016-05-31,9,1297,1846900,South,1,1,10,31,0,0,0,0,0,0
STR_014,2021,11,4459016.12,668,2565,Bangalore,Karnataka,Suburban,Mall Store,2000,2016-05-31,9,1297,1846900,South,1,1,8,30,0,0,0,11,0,0
STR_014,2021,12,4754962.67,704,2817,Bangalore,Karnataka,Suburban,Mall Store,2000,2016-05-31,9,1297,1846900,South,1,1,8,31,0,0,0,0,0,11
STR_014,2022,1,5075015.48,745,3020,Bangalore,Karnataka,Suburban,Mall Store,2000,2016-05-31,9,1297,1846900,South,2,2,10,31,10,0,0,0,0,0
STR_014,2022,2,4750604.36,682,2682,Bangalore,Karnataka,Suburban,Mall Store,2000,2016-05-31,9,1297,1846900,South,0,0,8,28,0,0,5,0,0,0
STR_014,2022,3,4855468.93,718,2777,Bangalore,Karnataka,Suburban,Mall Store,2000,2016-05-31,9,1297,1846900,South,1,1,8,31,0,0,0,0,0,0
STR_014,2022,4,4776163.5,684,2670,Bangalore,Karnataka,Suburban,Mall Store,2000,2016-05-31,9,1297,1846900,South,0,0,9,30,0,0,0,0,0,5
STR_014,2022,5,4727432.91,700,2712,Bangalore,Karnataka,Suburban,Mall Store,2000,2016-05-31,9,1297,1846900,South,1,1,9,31,0,0,0,16,0,0
STR_014,2022,6,4548189.31,661,2608,Bangalore,Karnataka,Suburban,Mall Store,2000,2016-05-31,9,1297,1846900,South,0,0,8,30,0,0,0,14,0,0
STR_014,2022,7,4516431.24,701,2764,Bangalore,Karnataka,Suburban,Mall Store,2000,2016-05-31,9,1297,1846900,South,0,0,10,31,0,12,0,0,0,0
STR_014,2022,8,4711823.35,696,2709,Bangalore,Karnataka,Suburban,Mall Store,2000,2016-05-31,9,1297,1846900,South,1,1,8,31,0,0,0,0,0,0
STR_014,2022,9,4753551.86,673,2680,Bangalore,Karnataka,Suburban,Mall Store,2000,2016-05-31,9,1297,1846900,South,0,0,8,30,0,0,12,0,0,0
STR_014,2022,10,5326195.72,763,3086,Bangalore,Karnataka,Suburban,Mall Store,2000,2016-05-31,9,1297,1846900,South,2,2,10,31,0,0,0,0,0,13
STR_014,2022,11,4258525.42,632,2482,Bangalore,Karnataka,Suburban,Mall Store,2000,2016-05-31,9,1297,1846900,South,0,0,8,30,0,0,15,0,0,0
STR_014,2022,12,5072106.35,733,2935,Bangalore,Karnataka,Suburban,Mall Store,2000,2016-05-31,9,1297,1846900,South,1,1,9,31,0,0,0,0,0,0
STR_014,2023,1,5207146.66,742,3019,Bangalore,Karnataka,Suburban,Mall Store,2000,2016-05-31,9,1297,1846900,South,2,2,9,31,0,0,0,7,0,0
STR_014,2023,2,4252306.11,630,2453,Bangalore,Karnataka,Suburban,Mall Store,2000,2016-05-31,9,1297,1846900,South,0,0,8,28,0,0,0,0,0,0
STR_014,2023,3,4939758.4,698,2851,Bangalore,Karnataka,Suburban,Mall Store,2000,2016-05-31,9,1297,1846900,South,1,1,8,31,0,0,0,13,0,0
STR_014,2023,4,5095117.36,699,2861,Bangalore,Karnataka,Suburban,Mall Store,2000,2016-05-31,9,1297,1846900,South,1,1,10,30,0,0,0,0,0,0
STR_014,2023,5,4574462.54,682,2651,Bangalore,Karnataka,Suburban,Mall Store,2000,2016-05-31,9,1297,1846900,South,0,0,8,31,0,0,0,0,15,0
STR_014,2023,6,4380212.29,680,2684,Bangalore,Karnataka,Suburban,Mall Store,2000,2016-05-31,9,1297,1846900,South,0,0,8,30,0,15,0,0,0,0
STR_014,2023,7,4631333.11,701,2752,Bangalore,Karnataka,Suburban,Mall Store,2000,2016-05-31,9,1297,1846900,South,0,0,10,31,0,0,0,0,0,16
STR_014,2023,8,5216125.45,731,2939,Bangalore,Karnataka,Suburban,Mall Store,2000,2016-05-31,9,1297,1846900,South,1,1,8,31,0,0,0,0,0,0
STR_014,2023,9,4337684.59,670,2576,Bangalore,Karnataka,Suburban,Mall Store,2000,2016-05-31,9,1297,1846900,South,0,0,9,30,0,0,11,0,0,0
STR_014,2023,10,5072465.54,719,2884,Bangalore,Karnataka,Suburban,Mall Store,2000,2016-05-31,9,1297,1846900,South,1,1,9,31,0,0,0,0,0,0
STR_014,2023,11,4765840.59,667,2704,Bangalore,Karnataka,Suburban,Mall Store,2000,2016-05-31,9,1297,1846900,South,1,1,8,30,0,0,0,0,0,0
STR_014,2023,12,4977569.59,726,2865,Bangalore,Karnataka,Suburban,Mall Store,2000,2016-05-31,9,1297,1846900,South,1,1,10,31,0,0,0,0,0,0
STR_014,2024,1,4861147.77,734,2912,Bangalore,Karnataka,Suburban,Mall Store,2000,2016-05-31,9,1297,1846900,South,2,2,8,31,0,4,0,0,0,0
STR_014,2024,2,4620017.36,676,2665,Bangalore,Karnataka,Suburban,Mall Store,2000,2016-05-31,9,1297,1846900,South,0,0,8,29,0,0,8,0,0,0
STR_014,2024,3,4683863.48,742,2901,Bangalore,Karnataka,Suburban,Mall Store,2000,2016-05-31,9,1297,1846900,South,1,1,10,31,11,0,0,0,0,0
STR_014,2024,4,5067917.44,726,2911,Bangalore,Karnataka,Suburban,Mall Store,2000,2016-05-31,9,1297,1846900,South,1,1,8,30,0,0,0,0,0,4
STR_014,2024,5,4799716.82,706,2784,Bangalore,Karnataka,Suburban,Mall Store,2000,2016-05-31,9,1297,1846900,South,0,0,8,31,0,11,0,0,0,0
STR_014,2024,6,4771680.03,707,2771,Bangalore,Karnataka,Suburban,Mall Store,2000,2016-05-31,9,1297,1846900,South,0,0,10,30,0,7,0,0,0,0
STR_014,2024,7,4833446.6,717,2824,Bangalore,Karnataka,Suburban,Mall Store,2000,2016-05-31,9,1297,1846900,South,0,0,8,31,0,0,0,0,0,15
STR_014,2024,8,4678623.16,707,2746,Bangalore,Karnataka,Suburban,Mall Store,2000,2016-05-31,9,1297,1846900,South,1,1,9,31,0,0,0,12,0,0
STR_014,2024,9,4979021.02,699,2811,Bangalore,Karnataka,Suburban,Mall Store,2000,2016-05-31,9,1297,1846900,South,0,0,9,30,0,0,0,0,7,0
STR_014,2024,10,4798781.8,732,2979,Bangalore,Karnataka,Suburban,Mall Store,2000,2016-05-31,9,1297,1846900,South,2,2,8,31,0,15,0,0,0,0
STR_014,2024,11,4646426.68,670,2685,Bangalore,Karnataka,Suburban,Mall Store,2000,2016-05-31,9,1297,1846900,South,0,0,9,30,0,7,0,0,0,0
STR_014,2024,12,4907708.39,747,2886,Bangalore,Karnataka,Suburban,Mall Store,2000,2016-05-31,9,1297,1846900,South,1,1,9,31,0,0,0,0,0,12
STR_014,2025,1,5070852.21,741,2965,Bangalore,Karnataka,Suburban,Mall Store,2000,2016-05-31,9,1297,1846900,South,2,2,8,31,0,0,0,0,0,0
STR_014,2025,2,4345915.37,626,2495,Bangalore,Karnataka,Suburban,Mall Store,2000,2016-05-31,9,1297,1846900,South,0,0,8,28,0,0,8,0,0,0
STR_014,2025,3,5099552.93,748,2966,Bangalore,Karnataka,Suburban,Mall Store,2000,2016-05-31,9,1297,1846900,South,2,2,10,31,0,0,0,13,0,0
STR_014,2025,4,4669259.93,669,2675,Bangalore,Karnataka,Suburban,Mall Store,2000,2016-05-31,9,1297,1846900,South,0,0,8,30,0,0,0,0,0,0
STR_014,2025,5,4671856.39,678,2613,Bangalore,Karnataka,Suburban,Mall Store,2000,2016-05-31,9,1297,1846900,South,0,0,9,31,0,0,0,0,0,12
STR_014,2025,6,4445077.95,700,2825,Bangalore,Karnataka,Suburban,Mall Store,2000,2016-05-31,9,1297,1846900,South,0,0,9,30,15,0,0,0,0,0
STR_014,2025,7,4833253.49,700,2734,Bangalore,Karnataka,Suburban,Mall Store,2000,2016-05-31,9,1297,1846900,South,0,0,8,31,0,0,0,0,0,0
STR_014,2025,8,4725966.84,740,2843,Bangalore,Karnataka,Suburban,Mall Store,2000,2016-05-31,9,1297,1846900,South,1,1,10,31,7,0,0,0,0,0
STR_014,2025,9,4536815.42,664,2631,Bangalore,Karnataka,Suburban,Mall Store,2000,2016-05-31,9,1297,1846900,South,0,0,8,30,0,0,0,0,5,0
STR_014,2025,10,4928447.12,737,3029,Bangalore,Karnataka,Suburban,Mall Store,2000,2016-05-31,9,1297,1846900,South,2,2,8,31,10,0,0,0,0,0
STR_014,2025,11,4492619.1,666,2605,Bangalore,Karnataka,Suburban,Mall Store,2000,2016-05-31,9,1297,1846900,South,0,0,10,30,0,0,0,0,12,0
STR_014,2025,12,5040312.82,711,2901,Bangalore,Karnataka,Suburban,Mall Store,2000,2016-05-31,9,1297,1846900,South,1,1,8,31,0,0,0,4,0,0
STR_015,2021,1,10314889.44,1963,6101,Delhi,Delhi,Suburban,Medium High-Street,5000,2019-12-21,3,4665,2551005,West,2,2,10,31,4,0,0,0,0,0
STR_015,2021,2,8866080.09,1630,5139,Delhi,Delhi,Suburban,Medium High-Street,5000,2019-12-21,3,4665,2551005,West,0,0,8,28,0,0,0,9,0,0
STR_015,2021,3,9475297.84,1775,5462,Delhi,Delhi,Suburban,Medium High-Street,5000,2019-12-21,3,4665,2551005,West,1,1,8,31,0,0,0,7,0,0
STR_015,2021,4,8625893.72,1639,5014,Delhi,Delhi,Suburban,Medium High-Street,5000,2019-12-21,3,4665,2551005,West,0,0,8,30,0,0,0,0,6,0
STR_015,2021,5,9797903.96,1825,5698,Delhi,Delhi,Suburban,Medium High-Street,5000,2019-12-21,3,4665,2551005,West,1,1,10,31,0,0,12,0,0,0
STR_015,2021,6,8857378.99,1684,5146,Delhi,Delhi,Suburban,Medium High-Street,5000,2019-12-21,3,4665,2551005,West,0,0,8,30,0,0,2,5,0,0
STR_015,2021,7,9387395.32,1769,5357,Delhi,Delhi,Suburban,Medium High-Street,5000,2019-12-21,3,4665,2551005,West,0,0,9,31,0,0,0,0,0,0
STR_015,2021,8,10082470.57,1874,5738,Delhi,Delhi,Suburban,Medium High-Street,5000,2019-12-21,3,4665,2551005,West,1,1,9,31,0,0,0,0,0,0
STR_015,2021,9,8880933.34,1711,5257,Delhi,Delhi,Suburban,Medium High-Street,5000,2019-12-21,3,4665,2551005,West,0,0,8,30,0,0,0,0,0,16
STR_015,2021,10,10553422.7,1922,6027,Delhi,Delhi,Suburban,Medium High-Street,5000,2019-12-21,3,4665,2551005,West,1,1,10,31,0,0,0,0,16,0
STR_015,2021,11,9176901.89,1736,5283,Delhi,Delhi,Suburban,Medium High-Street,5000,2019-12-21,3,4665,2551005,West,1,1,8,30,0,0,0,0,0,13
STR_015,2021,12,10089630.36,1852,5759,Delhi,Delhi,Suburban,Medium High-Street,5000,2019-12-21,3,4665,2551005,West,1,1,8,31,0,0,0,0,0,0
STR_015,2022,1,10031986.17,1848,5709,Delhi,Delhi,Suburban,Medium High-Street,5000,2019-12-21,3,4665,2551005,West,2,2,10,31,0,0,0,0,0,0
STR_015,2022,2,9001693.28,1681,5163,Delhi,Delhi,Suburban,Medium High-Street,5000,2019-12-21,3,4665,2551005,West,0,0,8,28,0,0,0,0,0,0
STR_015,2022,3,9857281.19,1836,5790,Delhi,Delhi,Suburban,Medium High-Street,5000,2019-12-21,3,4665,2551005,West,1,1,8,31,0,0,0,0,0,5
STR_015,2022,4,9497535.68,1779,5407,Delhi,Delhi,Suburban,Medium High-Street,5000,2019-12-21,3,4665,2551005,West,0,0,9,30,0,0,0,6,0,0
STR_015,2022,5,9442255.39,1858,5710,Delhi,Delhi,Suburban,Medium High-Street,5000,2019-12-21,3,4665,2551005,West,1,1,9,31,8,0,0,0,0,0
STR_015,2022,6,9267527.13,1700,5347,Delhi,Delhi,Suburban,Medium High-Street,5000,2019-12-21,3,4665,2551005,West,0,0,8,30,0,0,0,5,0,0
STR_015,2022,7,9381418.35,1824,5515,Delhi,Delhi,Suburban,Medium High-Street,5000,2019-12-21,3,4665,2551005,West,0,0,10,31,0,0,0,15,0,0
STR_015,2022,8,9559235.55,1801,5590,Delhi,Delhi,Suburban,Medium High-Street,5000,2019-12-21,3,4665,2551005,West,1,1,8,31,0,0,4,0,0,0
STR_015,2022,9,9207822.23,1743,5376,Delhi,Delhi,Suburban,Medium High-Street,5000,2019-12-21,3,4665,2551005,West,0,0,8,30,0,0,0,0,0,0
STR_015,2022,10,10421369.55,1877,5914,Delhi,Delhi,Suburban,Medium High-Street,5000,2019-12-21,3,4665,2551005,West,2,2,10,31,0,0,0,0,0,0
STR_015,2022,11,8626120.94,1669,5127,Delhi,Delhi,Suburban,Medium High-Street,5000,2019-12-21,3,4665,2551005,West,0,0,8,30,0,8,0,0,0,0
STR_015,2022,12,10209859.62,1871,5883,Delhi,Delhi,Suburban,Medium High-Street,5000,2019-12-21,3,4665,2551005,West,1,1,9,31,0,0,0,0,0,0
STR_015,2023,1,10578862.24,1962,6248,Delhi,Delhi,Suburban,Medium High-Street,5000,2019-12-21,3,4665,2551005,West,2,2,9,31,0,10,0,0,0,0
STR_015,2023,2,8661265.6,1609,4937,Delhi,Delhi,Suburban,Medium High-Street,5000,2019-12-21,3,4665,2551005,West,0,0,8,28,0,0,0,0,0,0
STR_015,2023,3,9402758.8,1791,5385,Delhi,Delhi,Suburban,Medium High-Street,5000,2019-12-21,3,4665,2551005,West,1,1,8,31,0,0,9,0,0,0
STR_015,2023,4,9318228.33,1823,5656,Delhi,Delhi,Suburban,Medium High-Street,5000,2019-12-21,3,4665,2551005,West,1,1,10,30,9,0,0,0,0,0
STR_015,2023,5,9215391.96,1820,5548,Delhi,Delhi,Suburban,Medium High-Street,5000,2019-12-21,3,4665,2551005,West,0,0,8,31,0,15,0,0,0,0
STR_015,2023,6,9086605.22,1695,5337,Delhi,Delhi,Suburban,Medium High-Street,5000,2019-12-21,3,4665,2551005,West,0,0,8,30,0,0,0,0,0,0
STR_015,2023,7,9291918.05,1749,5366,Delhi,Delhi,Suburban,Medium High-Street,5000,2019-12-21,3,4665,2551005,West,0,0,10,31,0,0,0,0,0,0
STR_015,2023,8,9145098.42,1783,5371,Delhi,Delhi,Suburban,Medium High-Street,5000,2019-12-21,3,4665,2551005,West,1,1,8,31,0,0,0,0,14,0
STR_015,2023,9,9419191.52,1764,5451,Delhi,Delhi,Suburban,Medium High-Street,5000,2019-12-21,3,4665,2551005,West,0,0,9,30,0,0,0,0,0,0
STR_015,2023,10,10008556.66,1836,5642,Delhi,Delhi,Suburban,Medium High-Street,5000,2019-12-21,3,4665,2551005,West,1,1,9,31,0,0,0,0,0,0
STR_015,2023,11,9449872.11,1798,5545,Delhi,Delhi,Suburban,Medium High-Street,5000,2019-12-21,3,4665,2551005,West,1,1,8,30,0,0,0,0,14,0
STR_015,2023,12,9235229.78,1785,5392,Delhi,Delhi,Suburban,Medium High-Street,5000,2019-12-21,3,4665,2551005,West,1,1,10,31,0,0,5,0,0,0
STR_015,2024,1,10343697.75,1916,5966,Delhi,Delhi,Suburban,Medium High-Street,5000,2019-12-21,3,4665,2551005,West,2,2,8,31,0,0,0,9,0,0
STR_015,2024,2,8756734.58,1647,5027,Delhi,Delhi,Suburban,Medium High-Street,5000,2019-12-21,3,4665,2551005,West,0,0,8,29,0,0,0,0,6,0
STR_015,2024,3,10134136.81,1867,5715,Delhi,Delhi,Suburban,Medium High-Street,5000,2019-12-21,3,4665,2551005,West,1,1,10,31,0,0,0,0,4,0
STR_015,2024,4,8901523.17,1751,5322,Delhi,Delhi,Suburban,Medium High-Street,5000,2019-12-21,3,4665,2551005,West,1,1,8,30,0,8,0,0,0,0
STR_015,2024,5,9036713.89,1741,5357,Delhi,Delhi,Suburban,Medium High-Street,5000,2019-12-21,3,4665,2551005,West,0,0,8,31,7,0,0,0,0,0
STR_015,2024,6,9311413.28,1731,5339,Delhi,Delhi,Suburban,Medium High-Street,5000,2019-12-21,3,4665,2551005,West,0,0,10,30,0,0,0,0,0,0
STR_015,2024,7,8968829.87,1770,5311,Delhi,Delhi,Suburban,Medium High-Street,5000,2019-12-21,3,4665,2551005,West,0,0,8,31,0,8,0,0,0,0
STR_015,2024,8,10062049.8,1852,5780,Delhi,Delhi,Suburban,Medium High-Street,5000,2019-12-21,3,4665,2551005,West,1,1,9,31,0,0,0,0,0,0
STR_015,2024,9,8527448.65,1738,5327,Delhi,Delhi,Suburban,Medium High-Street,5000,2019-12-21,3,4665,2551005,West,0,0,9,30,12,0,0,0,0,0
STR_015,2024,10,10360878.99,1975,6175,Delhi,Delhi,Suburban,Medium High-Street,5000,2019-12-21,3,4665,2551005,West,2,2,8,31,8,0,0,0,0,0
STR_015,2024,11,8951632.68,1717,5326,Delhi,Delhi,Suburban,Medium High-Street,5000,2019-12-21,3,4665,2551005,West,0,0,9,30,0,0,0,0,11,0
STR_015,2024,12,9833047.81,1827,5683,Delhi,Delhi,Suburban,Medium High-Street,5000,2019-12-21,3,4665,2551005,West,1,1,9,31,0,0,13,0,0,0
STR_015,2025,1,9821668.77,1892,5877,Delhi,Delhi,Suburban,Medium High-Street,5000,2019-12-21,3,4665,2551005,West,2,2,8,31,8,0,0,0,0,0
STR_015,2025,2,8459358.66,1580,4891,Delhi,Delhi,Suburban,Medium High-Street,5000,2019-12-21,3,4665,2551005,West,0,0,8,28,0,0,0,0,6,0
STR_015,2025,3,10026112.5,1955,6122,Delhi,Delhi,Suburban,Medium High-Street,5000,2019-12-21,3,4665,2551005,West,2,2,10,31,9,0,0,0,0,0
STR_015,2025,4,8681089.4,1648,4950,Delhi,Delhi,Suburban,Medium High-Street,5000,2019-12-21,3,4665,2551005,West,0,0,8,30,0,0,0,0,0,0
STR_015,2025,5,9846616.16,1878,5737,Delhi,Delhi,Suburban,Medium High-Street,5000,2019-12-21,3,4665,2551005,West,0,0,9,31,0,0,0,0,0,0
STR_015,2025,6,8659379.62,1658,4945,Delhi,Delhi,Suburban,Medium High-Street,5000,2019-12-21,3,4665,2551005,West,0,0,9,30,0,0,0,0,15,0
STR_015,2025,7,9595721.53,1821,5595,Delhi,Delhi,Suburban,Medium High-Street,5000,2019-12-21,3,4665,2551005,West,0,0,8,31,0,0,0,0,0,15
STR_015,2025,8,9262315.31,1794,5461,Delhi,Delhi,Suburban,Medium High-Street,5000,2019-12-21,3,4665,2551005,West,1,1,10,31,0,0,0,0,10,0
STR_015,2025,9,8747904.29,1718,5169,Delhi,Delhi,Suburban,Medium High-Street,5000,2019-12-21,3,4665,2551005,West,0,0,8,30,0,0,11,0,0,0
STR_015,2025,10,9716070.57,1789,5566,Delhi,Delhi,Suburban,Medium High-Street,5000,2019-12-21,3,4665,2551005,West,2,2,8,31,0,0,0,0,0,0
STR_015,2025,11,9075575.97,1752,5266,Delhi,Delhi,Suburban,Medium High-Street,5000,2019-12-21,3,4665,2551005,West,0,0,10,30,0,7,0,0,0,0
STR_015,2025,12,9441976.33,1779,5429,Delhi,Delhi,Suburban,Medium High-Street,5000,2019-12-21,3,4665,2551005,West,1,1,8,31,0,0,11,0,0,0
STR_016,2021,1,10250316.96,1867,5805,Mumbai,Maharashtra,Tier-2,Medium High-Street,5000,2017-05-18,5,6111,4168920,North,2,2,10,31,0,0,0,0,0,0
STR_016,2021,2,8767664.48,1700,5017,Mumbai,Maharashtra,Tier-2,Medium High-Street,5000,2017-05-18,5,6111,4168920,North,0,0,8,28,0,4,0,0,0,0
STR_016,2021,3,9716400.05,1790,5545,Mumbai,Maharashtra,Tier-2,Medium High-Street,5000,2017-05-18,5,6111,4168920,North,1,1,8,31,0,0,0,9,0,0
STR_016,2021,4,8782534.78,1696,5136,Mumbai,Maharashtra,Tier-2,Medium High-Street,5000,2017-05-18,5,6111,4168920,North,0,0,8,30,0,0,0,0,0,4
STR_016,2021,5,9935419.46,1887,5782,Mumbai,Maharashtra,Tier-2,Medium High-Street,5000,2017-05-18,5,6111,4168920,North,1,1,10,31,0,0,0,0,0,0
STR_016,2021,6,9563149.68,1816,5524,Mumbai,Maharashtra,Tier-2,Medium High-Street,5000,2017-05-18,5,6111,4168920,North,0,0,8,30,0,0,0,0,0,0
STR_016,2021,7,8840799.8,1793,5513,Mumbai,Maharashtra,Tier-2,Medium High-Street,5000,2017-05-18,5,6111,4168920,North,0,0,9,31,12,0,0,0,0,0
STR_016,2021,8,9971376.98,1850,5809,Mumbai,Maharashtra,Tier-2,Medium High-Street,5000,2017-05-18,5,6111,4168920,North,1,1,9,31,0,0,0,13,0,0
STR_016,2021,9,9127392.93,1634,5157,Mumbai,Maharashtra,Tier-2,Medium High-Street,5000,2017-05-18,5,6111,4168920,North,0,0,8,30,0,0,0,0,0,0
STR_016,2021,10,9316973.8,1847,5604,Mumbai,Maharashtra,Tier-2,Medium High-Street,5000,2017-05-18,5,6111,4168920,North,1,1,10,31,0,14,0,0,0,0
STR_016,2021,11,9303295.98,1787,5411,Mumbai,Maharashtra,Tier-2,Medium High-Street,5000,2017-05-18,5,6111,4168920,North,1,1,8,30,0,0,0,0,5,0
STR_016,2021,12,10051549.35,1887,5821,Mumbai,Maharashtra,Tier-2,Medium High-Street,5000,2017-05-18,5,6111,4168920,North,1,1,8,31,0,0,0,10,0,0
STR_016,2022,1,10060389.37,1847,5725,Mumbai,Maharashtra,Tier-2,Medium High-Street,5000,2017-05-18,5,6111,4168920,North,2,2,10,31,0,0,0,0,0,5
STR_016,2022,2,8414634.32,1616,4938,Mumbai,Maharashtra,Tier-2,Medium High-Street,5000,2017-05-18,5,6111,4168920,North,0,0,8,28,0,0,0,8,0,0
STR_016,2022,3,9108151.28,1784,5482,Mumbai,Maharashtra,Tier-2,Medium High-Street,5000,2017-05-18,5,6111,4168920,North,1,1,8,31,0,15,0,0,0,0
STR_016,2022,4,9451240.35,1770,5452,Mumbai,Maharashtra,Tier-2,Medium High-Street,5000,2017-05-18,5,6111,4168920,North,0,0,9,30,0,0,0,0,0,6
STR_016,2022,5,9397342.05,1749,5339,Mumbai,Maharashtra,Tier-2,Medium High-Street,5000,2017-05-18,5,6111,4168920,North,1,1,9,31,0,0,0,0,0,0
STR_016,2022,6,8569709.16,1634,5018,Mumbai,Maharashtra,Tier-2,Medium High-Street,5000,2017-05-18,5,6111,4168920,North,0,0,8,30,0,0,0,0,0,0
STR_016,2022,7,9227064.36,1766,5308,Mumbai,Maharashtra,Tier-2,Medium High-Street,5000,2017-05-18,5,6111,4168920,North,0,0,10,31,0,0,0,0,0,6
STR_016,2022,8,9973650.2,1809,5602,Mumbai,Maharashtra,Tier-2,Medium High-Street,5000,2017-05-18,5,6111,4168920,North,1,1,8,31,0,0,0,0,0,0
STR_016,2022,9,8917451.89,1656,5083,Mumbai,Maharashtra,Tier-2,Medium High-Street,5000,2017-05-18,5,6111,4168920,North,0,0,8,30,0,0,9,0,0,0
STR_016,2022,10,10455177.53,1905,5952,Mumbai,Maharashtra,Tier-2,Medium High-Street,5000,2017-05-18,5,6111,4168920,North,2,2,10,31,0,0,0,0,0,0
STR_016,2022,11,8933065.94,1651,5056,Mumbai,Maharashtra,Tier-2,Medium High-Street,5000,2017-05-18,5,6111,4168920,North,0,0,8,30,0,0,0,0,0,0
STR_016,2022,12,9264387.7,1866,5636,Mumbai,Maharashtra,Tier-2,Medium High-Street,5000,2017-05-18,5,6111,4168920,North,1,1,9,31,0,13,0,0,0,0
STR_016,2023,1,10206642.03,1823,5845,Mumbai,Maharashtra,Tier-2,Medium High-Street,5000,2017-05-18,5,6111,4168920,North,2,2,9,31,0,0,0,0,0,14
STR_016,2023,2,8395805.19,1575,4837,Mumbai,Maharashtra,Tier-2,Medium High-Street,5000,2017-05-18,5,6111,4168920,North,0,0,8,28,0,0,0,0,0,0
STR_016,2023,3,9437842.51,1785,5555,Mumbai,Maharashtra,Tier-2,Medium High-Street,5000,2017-05-18,5,6111,4168920,North,1,1,8,31,0,0,0,0,0,9
STR_016,2023,4,9850608.54,1803,5648,Mumbai,Maharashtra,Tier-2,Medium High-Street,5000,2017-05-18,5,6111,4168920,North,1,1,10,30,0,0,0,0,9,0
STR_016,2023,5,8560279.28,1688,5250,Mumbai,Maharashtra,Tier-2,Medium High-Street,5000,2017-05-18,5,6111,4168920,North,0,0,8,31,12,0,0,0,0,0
STR_016,2023,6,8942287.73,1682,5027,Mumbai,Maharashtra,Tier-2,Medium High-Street,5000,2017-05-18,5,6111,4168920,North,0,0,8,30,0,0,0,0,0,0
STR_016,2023,7,9007272.5,1786,5380,Mumbai,Maharashtra,Tier-2,Medium High-Street,5000,2017-05-18,5,6111,4168920,North,0,0,10,31,0,0,0,0,0,14
STR_016,2023,8,9503714.2,1747,5530,Mumbai,Maharashtra,Tier-2,Medium High-Street,5000,2017-05-18,5,6111,4168920,North,1,1,8,31,0,0,0,0,14,0
STR_016,2023,9,9266500.49,1786,5373,Mumbai,Maharashtra,Tier-2,Medium High-Street,5000,2017-05-18,5,6111,4168920,North,0,0,9,30,0,5,0,0,0,0
STR_016,2023,10,9897777.68,1895,5762,Mumbai,Maharashtra,Tier-2,Medium High-Street,5000,2017-05-18,5,6111,4168920,North,1,1,9,31,0,0,0,14,0,0
STR_016,2023,11,9695167.15,1808,5543,Mumbai,Maharashtra,Tier-2,Medium High-Street,5000,2017-05-18,5,6111,4168920,North,1,1,8,30,0,0,0,0,0,0
STR_016,2023,12,9782956.65,1857,5851,Mumbai,Maharashtra,Tier-2,Medium High-Street,5000,2017-05-18,5,6111,4168920,North,1,1,10,31,7,0,0,0,0,0
STR_016,2024,1,9749630.54,1807,5726,Mumbai,Maharashtra,Tier-2,Medium High-Street,5000,2017-05-18,5,6111,4168920,North,2,2,8,31,0,0,0,15,0,0
STR_016,2024,2,8472256.46,1619,4863,Mumbai,Maharashtra,Tier-2,Medium High-Street,5000,2017-05-18,5,6111,4168920,North,0,0,8,29,0,0,0,0,7,0
STR_016,2024,3,10078238.74,1865,5659,Mumbai,Maharashtra,Tier-2,Medium High-Street,5000,2017-05-18,5,6111,4168920,North,1,1,10,31,0,0,0,0,0,0
STR_016,2024,4,9628513.85,1758,5452,Mumbai,Maharashtra,Tier-2,Medium High-Street,5000,2017-05-18,5,6111,4168920,North,1,1,8,30,0,0,0,0,0,6
STR_016,2024,5,9158219.6,1730,5291,Mumbai,Maharashtra,Tier-2,Medium High-Street,5000,2017-05-18,5,6111,4168920,North,0,0,8,31,0,0,0,13,0,0
STR_016,2024,6,9519687.95,1770,5443,Mumbai,Maharashtra,Tier-2,Medium High-Street,5000,2017-05-18,5,6111,4168920,North,0,0,10,30,0,0,0,0,6,0
STR_016,2024,7,8877813.45,1751,5252,Mumbai,Maharashtra,Tier-2,Medium High-Street,5000,2017-05-18,5,6111,4168920,North,0,0,8,31,0,0,0,0,15,0
STR_016,2024,8,10025486.77,1879,5829,Mumbai,Maharashtra,Tier-2,Medium High-Street,5000,2017-05-18,5,6111,4168920,North,1,1,9,31,0,7,0,0,0,0
STR_016,2024,9,8166698.2,1699,5136,Mumbai,Maharashtra,Tier-2,Medium High-Street,5000,2017-05-18,5,6111,4168920,North,0,0,9,30,15,0,0,0,0,0
STR_016,2024,10,9813191.38,1870,5775,Mumbai,Maharashtra,Tier-2,Medium High-Street,5000,2017-05-18,5,6111,4168920,North,2,2,8,31,5,0,0,0,0,0
STR_016,2024,11,8954154.97,1696,5132,Mumbai,Maharashtra,Tier-2,Medium High-Street,5000,2017-05-18,5,6111,4168920,North,0,0,9,30,0,0,0,0,0,0
STR_016,2024,12,10128502.52,1868,5854,Mumbai,Maharashtra,Tier-2,Medium High-Street,5000,2017-05-18,5,6111,4168920,North,1,1,9,31,0,0,7,0,0,0
STR_016,2025,1,9476866.59,1813,5706,Mumbai,Maharashtra,Tier-2,Medium High-Street,5000,2017-05-18,5,6111,4168920,North,2,2,8,31,4,0,0,0,0,0
STR_016,2025,2,8364237.76,1610,4948,Mumbai,Maharashtra,Tier-2,Medium High-Street,5000,2017-05-18,5,6111,4168920,North,0,0,8,28,0,7,0,0,0,0
STR_016,2025,3,9812313.93,1849,5651,Mumbai,Maharashtra,Tier-2,Medium High-Street,5000,2017-05-18,5,6111,4168920,North,2,2,10,31,0,0,0,0,0,0
STR_016,2025,4,9011126.96,1658,5091,Mumbai,Maharashtra,Tier-2,Medium High-Street,5000,2017-05-18,5,6111,4168920,North,0,0,8,30,0,0,0,0,0,0
STR_016,2025,5,9283599.39,1769,5401,Mumbai,Maharashtra,Tier-2,Medium High-Street,5000,2017-05-18,5,6111,4168920,North,0,0,9,31,0,0,0,0,0,0
STR_016,2025,6,9548439.94,1824,5559,Mumbai,Maharashtra,Tier-2,Medium High-Street,5000,2017-05-18,5,6111,4168920,North,0,0,9,30,0,6,0,0,0,0
STR_016,2025,7,9438674.87,1756,5438,Mumbai,Maharashtra,Tier-2,Medium High-Street,5000,2017-05-18,5,6111,4168920,North,0,0,8,31,0,0,0,0,0,0
STR_016,2025,8,10083177.27,1823,5704,Mumbai,Maharashtra,Tier-2,Medium High-Street,5000,2017-05-18,5,6111,4168920,North,1,1,10,31,0,0,0,0,0,0
STR_016,2025,9,8357441.72,1574,4770,Mumbai,Maharashtra,Tier-2,Medium High-Street,5000,2017-05-18,5,6111,4168920,North,0,0,8,30,0,0,0,0,0,0
STR_016,2025,10,9852549.21,1875,5789,Mumbai,Maharashtra,Tier-2,Medium High-Street,5000,2017-05-18,5,6111,4168920,North,2,2,8,31,0,10,0,0,0,0
STR_016,2025,11,8983627.68,1677,5170,Mumbai,Maharashtra,Tier-2,Medium High-Street,5000,2017-05-18,5,6111,4168920,North,0,0,10,30,0,0,0,11,0,0
STR_016,2025,12,9462789.89,1770,5435,Mumbai,Maharashtra,Tier-2,Medium High-Street,5000,2017-05-18,5,6111,4168920,North,1,1,8,31,0,0,0,1,0,6
STR_017,2021,1,5153699.94,727,2910,Bangalore,Karnataka,Tier-2,Mall Store,2000,2018-04-18,9,2193,2782954,West,2,2,10,31,0,0,0,0,0,0
STR_017,2021,2,4297906.32,620,2529,Bangalore,Karnataka,Tier-2,Mall Store,2000,2018-04-18,9,2193,2782954,West,0,0,8,28,0,0,0,0,0,0
STR_017,2021,3,4729200.18,729,2778,Bangalore,Karnataka,Tier-2,Mall Store,2000,2018-04-18,9,2193,2782954,West,1,1,8,31,0,0,0,0,13,0
STR_017,2021,4,4542064.91,687,2736,Bangalore,Karnataka,Tier-2,Mall Store,2000,2018-04-18,9,2193,2782954,West,0,0,8,30,0,0,0,11,2,0
STR_017,2021,5,4919175.21,724,2895,Bangalore,Karnataka,Tier-2,Mall Store,2000,2018-04-18,9,2193,2782954,West,1,1,10,31,0,8,0,0,0,0
STR_017,2021,6,4000789.31,656,2600,Bangalore,Karnataka,Tier-2,Mall Store,2000,2018-04-18,9,2193,2782954,West,0,0,8,30,9,0,0,0,0,0
STR_017,2021,7,4519265.32,673,2634,Bangalore,Karnataka,Tier-2,Mall Store,2000,2018-04-18,9,2193,2782954,West,0,0,9,31,0,0,0,0,0,0
STR_017,2021,8,5237315.72,737,2989,Bangalore,Karnataka,Tier-2,Mall Store,2000,2018-04-18,9,2193,2782954,West,1,1,9,31,0,0,0,0,0,4
STR_017,2021,9,4512362.9,666,2594,Bangalore,Karnataka,Tier-2,Mall Store,2000,2018-04-18,9,2193,2782954,West,0,0,8,30,0,0,0,0,0,0
STR_017,2021,10,4826816.91,714,2775,Bangalore,Karnataka,Tier-2,Mall Store,2000,2018-04-18,9,2193,2782954,West,1,1,10,31,0,0,0,0,4,0
STR_017,2021,11,4552441.51,682,2651,Bangalore,Karnataka,Tier-2,Mall Store,2000,2018-04-18,9,2193,2782954,West,1,1,8,30,0,4,0,0,0,0
STR_017,2021,12,4813128.29,720,2797,Bangalore,Karnataka,Tier-2,Mall Store,2000,2018-04-18,9,2193,2782954,West,1,1,8,31,0,0,12,0,0,0
STR_017,2022,1,4973176.21,727,2858,Bangalore,Karnataka,Tier-2,Mall Store,2000,2018-04-18,9,2193,2782954,West,2,2,10,31,0,0,0,11,0,0
STR_017,2022,2,4252887.35,650,2470,Bangalore,Karnataka,Tier-2,Mall Store,2000,2018-04-18,9,2193,2782954,West,0,0,8,28,0,0,0,0,0,0
STR_017,2022,3,4692199.16,701,2770,Bangalore,Karnataka,Tier-2,Mall Store,2000,2018-04-18,9,2193,2782954,West,1,1,8,31,0,14,0,0,0,0
STR_017,2022,4,4964573.69,714,2753,Bangalore,Karnataka,Tier-2,Mall Store,2000,2018-04-18,9,2193,2782954,West,0,0,9,30,0,0,0,7,0,0
STR_017,2022,5,4537503.99,686,2686,Bangalore,Karnataka,Tier-2,Mall Store,2000,2018-04-18,9,2193,2782954,West,1,1,9,31,0,0,0,0,0,6
STR_017,2022,6,4232889.42,649,2589,Bangalore,Karnataka,Tier-2,Mall Store,2000,2018-04-18,9,2193,2782954,West,0,0,8,30,0,14,0,0,0,0
STR_017,2022,7,4760280.13,694,2784,Bangalore,Karnataka,Tier-2,Mall Store,2000,2018-04-18,9,2193,2782954,West,0,0,10,31,0,0,0,0,0,0
STR_017,2022,8,5084295.22,704,2817,Bangalore,Karnataka,Tier-2,Mall Store,2000,2018-04-18,9,2193,2782954,West,1,1,8,31,0,0,0,0,0,5
STR_017,2022,9,4534995.31,703,2742,Bangalore,Karnataka,Tier-2,Mall Store,2000,2018-04-18,9,2193,2782954,West,0,0,8,30,0,8,0,0,0,0
STR_017,2022,10,5136248.26,735,2879,Bangalore,Karnataka,Tier-2,Mall Store,2000,2018-04-18,9,2193,2782954,West,2,2,10,31,0,0,0,0,0,0
STR_017,2022,11,4701621.47,673,2638,Bangalore,Karnataka,Tier-2,Mall Store,2000,2018-04-18,9,2193,2782954,West,0,0,8,30,0,0,0,0,14,0
STR_017,2022,12,5039173.94,726,2862,Bangalore,Karnataka,Tier-2,Mall Store,2000,2018-04-18,9,2193,2782954,West,1,1,9,31,0,0,0,0,0,0
STR_017,2023,1,4971355.4,775,3122,Bangalore,Karnataka,Tier-2,Mall Store,2000,2018-04-18,9,2193,2782954,West,2,2,9,31,16,0,0,0,0,0
STR_017,2023,2,4346723.01,646,2498,Bangalore,Karnataka,Tier-2,Mall Store,2000,2018-04-18,9,2193,2782954,West,0,0,8,28,0,0,12,0,0,0
STR_017,2023,3,4974756.85,707,2837,Bangalore,Karnataka,Tier-2,Mall Store,2000,2018-04-18,9,2193,2782954,West,1,1,8,31,0,0,0,0,0,0
STR_017,2023,4,4901540.5,729,2844,Bangalore,Karnataka,Tier-2,Mall Store,2000,2018-04-18,9,2193,2782954,West,1,1,10,30,0,0,0,0,0,0
STR_017,2023,5,4794087.21,715,2793,Bangalore,Karnataka,Tier-2,Mall Store,2000,2018-04-18,9,2193,2782954,West,0,0,8,31,0,8,0,0,0,0
STR_017,2023,6,4439494.64,654,2586,Bangalore,Karnataka,Tier-2,Mall Store,2000,2018-04-18,9,2193,2782954,West,0,0,8,30,0,0,0,0,0,0
STR_017,2023,7,4423326.85,695,2813,Bangalore,Karnataka,Tier-2,Mall Store,2000,2018-04-18,9,2193,2782954,West,0,0,10,31,15,0,0,0,0,0
STR_017,2023,8,4415862.15,685,2725,Bangalore,Karnataka,Tier-2,Mall Store,2000,2018-04-18,9,2193,2782954,West,1,1,8,31,0,16,0,0,0,0
STR_017,2023,9,4836852.17,702,2722,Bangalore,Karnataka,Tier-2,Mall Store,2000,2018-04-18,9,2193,2782954,West,0,0,9,30,0,0,0,0,0,0
STR_017,2023,10,5294630.35,744,3045,Bangalore,Karnataka,Tier-2,Mall Store,2000,2018-04-18,9,2193,2782954,West,1,1,9,31,0,0,0,0,0,7
STR_017,2023,11,4712878.72,684,2720,Bangalore,Karnataka,Tier-2,Mall Store,2000,2018-04-18,9,2193,2782954,West,1,1,8,30,0,0,0,10,0,0
STR_017,2023,12,5468660.21,767,3075,Bangalore,Karnataka,Tier-2,Mall Store,2000,2018-04-18,9,2193,2782954,West,1,1,10,31,0,0,0,11,0,0
STR_017,2024,1,5355885.06,745,3048,Bangalore,Karnataka,Tier-2,Mall Store,2000,2018-04-18,9,2193,2782954,West,2,2,8,31,0,0,0,0,0,0
STR_017,2024,2,4672231.22,684,2623,Bangalore,Karnataka,Tier-2,Mall Store,2000,2018-04-18,9,2193,2782954,West,0,0,8,29,0,0,0,0,0,0
STR_017,2024,3,4570560.79,700,2640,Bangalore,Karnataka,Tier-2,Mall Store,2000,2018-04-18,9,2193,2782954,West,1,1,10,31,0,0,0,0,0,0
STR_017,2024,4,4786888.63,698,2737,Bangalore,Karnataka,Tier-2,Mall Store,2000,2018-04-18,9,2193,2782954,West,1,1,8,30,0,0,0,0,7,0
STR_017,2024,5,4425796.16,680,2634,Bangalore,Karnataka,Tier-2,Mall Store,2000,2018-04-18,9,2193,2782954,West,0,0,8,31,0,0,0,13,0,0
STR_017,2024,6,4720456.28,683,2686,Bangalore,Karnataka,Tier-2,Mall Store,2000,2018-04-18,9,2193,2782954,West,0,0,10,30,0,0,7,0,0,0
STR_017,2024,7,4286537.73,671,2627,Bangalore,Karnataka,Tier-2,Mall Store,2000,2018-04-18,9,2193,2782954,West,0,0,8,31,0,11,0,0,0,0
STR_017,2024,8,4685376.29,706,2768,Bangalore,Karnataka,Tier-2,Mall Store,2000,2018-04-18,9,2193,2782954,West,1,1,9,31,0,0,0,0,0,13
STR_017,2024,9,4324815.85,650,2634,Bangalore,Karnataka,Tier-2,Mall Store,2000,2018-04-18,9,2193,2782954,West,0,0,9,30,0,9,0,0,0,0
STR_017,2024,10,4973251.12,740,2880,Bangalore,Karnataka,Tier-2,Mall Store,2000,2018-04-18,9,2193,2782954,West,2,2,8,31,0,0,0,0,7,0
STR_017,2024,11,4706971.0,694,2707,Bangalore,Karnataka,Tier-2,Mall Store,2000,2018-04-18,9,2193,2782954,West,0,0,9,30,0,0,0,0,7,0
STR_017,2024,12,5010693.45,727,2825,Bangalore,Karnataka,Tier-2,Mall Store,2000,2018-04-18,9,2193,2782954,West,1,1,9,31,0,0,0,0,0,0
STR_017,2025,1,5108802.69,734,2960,Bangalore,Karnataka,Tier-2,Mall Store,2000,2018-04-18,9,2193,2782954,West,2,2,8,31,0,0,14,0,0,0
STR_017,2025,2,4293712.66,630,2545,Bangalore,Karnataka,Tier-2,Mall Store,2000,2018-04-18,9,2193,2782954,West,0,0,8,28,0,0,0,15,0,0
STR_017,2025,3,5089931.8,753,2995,Bangalore,Karnataka,Tier-2,Mall Store,2000,2018-04-18,9,2193,2782954,West,2,2,10,31,0,7,0,0,0,0
STR_017,2025,4,4485989.76,658,2601,Bangalore,Karnataka,Tier-2,Mall Store,2000,2018-04-18,9,2193,2782954,West,0,0,8,30,0,0,0,0,0,0
STR_017,2025,5,4771406.71,699,2744,Bangalore,Karnataka,Tier-2,Mall Store,2000,2018-04-18,9,2193,2782954,West,0,0,9,31,0,0,0,0,10,0
STR_017,2025,6,4598725.98,647,2534,Bangalore,Karnataka,Tier-2,Mall Store,2000,2018-04-18,9,2193,2782954,West,0,0,9,30,0,0,0,0,0,0
STR_017,2025,7,4184907.63,670,2567,Bangalore,Karnataka,Tier-2,Mall Store,2000,2018-04-18,9,2193,2782954,West,0,0,8,31,0,16,0,0,0,0
STR_017,2025,8,5244833.51,732,2977,Bangalore,Karnataka,Tier-2,Mall Store,2000,2018-04-18,9,2193,2782954,West,1,1,10,31,0,0,0,0,0,0
STR_017,2025,9,4589601.34,664,2602,Bangalore,Karnataka,Tier-2,Mall Store,2000,2018-04-18,9,2193,2782954,West,0,0,8,30,0,0,0,0,0,0
STR_017,2025,10,4861478.16,709,2890,Bangalore,Karnataka,Tier-2,Mall Store,2000,2018-04-18,9,2193,2782954,West,2,2,8,31,0,0,0,0,0,0
STR_017,2025,11,4563054.73,689,2683,Bangalore,Karnataka,Tier-2,Mall Store,2000,2018-04-18,9,2193,2782954,West,0,0,10,30,0,9,0,0,0,0
STR_017,2025,12,4624959.16,699,2762,Bangalore,Karnataka,Tier-2,Mall Store,2000,2018-04-18,9,2193,2782954,West,1,1,8,31,12,0,0,0,0,0
STR_018,2021,1,10321744.87,1935,6053,Pune,Maharashtra,Tier-2,Medium High-Street,5000,2018-12-07,10,6027,4857316,North,2,2,10,31,0,7,0,0,0,0
STR_018,2021,2,8021493.83,1689,5074,Pune,Maharashtra,Tier-2,Medium High-Street,5000,2018-12-07,10,6027,4857316,North,0,0,8,28,11,0,0,0,0,0
STR_018,2021,3,9918944.29,1818,5687,Pune,Maharashtra,Tier-2,Medium High-Street,5000,2018-12-07,10,6027,4857316,North,1,1,8,31,0,0,0,0,0,13
STR_018,2021,4,9226747.01,1743,5365,Pune,Maharashtra,Tier-2,Medium High-Street,5000,2018-12-07,10,6027,4857316,North,0,0,8,30,0,0,0,0,0,4
STR_018,2021,5,9042734.3,1835,5655,Pune,Maharashtra,Tier-2,Medium High-Street,5000,2018-12-07,10,6027,4857316,North,1,1,10,31,12,0,0,0,0,0
STR_018,2021,6,9008957.12,1690,5245,Pune,Maharashtra,Tier-2,Medium High-Street,5000,2018-12-07,10,6027,4857316,North,0,0,8,30,0,0,15,0,0,0
STR_018,2021,7,9119521.44,1764,5297,Pune,Maharashtra,Tier-2,Medium High-Street,5000,2018-12-07,10,6027,4857316,North,0,0,9,31,0,0,0,0,0,0
STR_018,2021,8,10247431.86,1861,5804,Pune,Maharashtra,Tier-2,Medium High-Street,5000,2018-12-07,10,6027,4857316,North,1,1,9,31,0,0,0,0,0,0
STR_018,2021,9,8951667.44,1685,5074,Pune,Maharashtra,Tier-2,Medium High-Street,5000,2018-12-07,10,6027,4857316,North,0,0,8,30,0,0,0,0,0,4
STR_018,2021,10,10567199.31,1893,6080,Pune,Maharashtra,Tier-2,Medium High-Street,5000,2018-12-07,10,6027,4857316,North,1,1,10,31,0,0,6,0,0,0
STR_018,2021,11,9000292.03,1739,5265,Pune,Maharashtra,Tier-2,Medium High-Street,5000,2018-12-07,10,6027,4857316,North,1,1,8,30,0,0,0,0,0,0
STR_018,2021,12,9465134.64,1823,5562,Pune,Maharashtra,Tier-2,Medium High-Street,5000,2018-12-07,10,6027,4857316,North,1,1,8,31,0,0,13,0,0,0
STR_018,2022,1,10411500.37,1921,5989,Pune,Maharashtra,Tier-2,Medium High-Street,5000,2018-12-07,10,6027,4857316,North,2,2,10,31,0,0,0,0,0,0
STR_018,2022,2,8745401.93,1606,4890,Pune,Maharashtra,Tier-2,Medium High-Street,5000,2018-12-07,10,6027,4857316,North,0,0,8,28,0,0,0,0,0,0
STR_018,2022,3,9834552.44,1861,5669,Pune,Maharashtra,Tier-2,Medium High-Street,5000,2018-12-07,10,6027,4857316,North,1,1,8,31,0,6,0,0,0,0
STR_018,2022,4,9280374.23,1785,5526,Pune,Maharashtra,Tier-2,Medium High-Street,5000,2018-12-07,10,6027,4857316,North,0,0,9,30,0,9,0,0,0,0
STR_018,2022,5,9749803.98,1840,5685,Pune,Maharashtra,Tier-2,Medium High-Street,5000,2018-12-07,10,6027,4857316,North,1,1,9,31,0,0,13,0,0,0
STR_018,2022,6,9047396.75,1703,5361,Pune,Maharashtra,Tier-2,Medium High-Street,5000,2018-12-07,10,6027,4857316,North,0,0,8,30,0,14,0,0,0,0
STR_018,2022,7,9786491.25,1843,5563,Pune,Maharashtra,Tier-2,Medium High-Street,5000,2018-12-07,10,6027,4857316,North,0,0,10,31,0,0,0,0,5,0
STR_018,2022,8,9346654.83,1754,5477,Pune,Maharashtra,Tier-2,Medium High-Street,5000,2018-12-07,10,6027,4857316,North,1,1,8,31,0,0,0,11,0,0
STR_018,2022,9,8402516.2,1709,5115,Pune,Maharashtra,Tier-2,Medium High-Street,5000,2018-12-07,10,6027,4857316,North,0,0,8,30,0,11,0,0,0,0
STR_018,2022,10,10382463.83,1897,5913,Pune,Maharashtra,Tier-2,Medium High-Street,5000,2018-12-07,10,6027,4857316,North,2,2,10,31,0,0,0,13,0,0
STR_018,2022,11,8840754.22,1700,5167,Pune,Maharashtra,Tier-2,Medium High-Street,5000,2018-12-07,10,6027,4857316,North,0,0,8,30,0,0,0,15,0,0
STR_018,2022,12,9776414.23,1851,5727,Pune,Maharashtra,Tier-2,Medium High-Street,5000,2018-12-07,10,6027,4857316,North,1,1,9,31,0,0,11,1,0,0
STR_018,2023,1,10615698.44,1925,6081,Pune,Maharashtra,Tier-2,Medium High-Street,5000,2018-12-07,10,6027,4857316,North,2,2,9,31,0,0,0,0,12,0
STR_018,2023,2,8299736.99,1570,4832,Pune,Maharashtra,Tier-2,Medium High-Street,5000,2018-12-07,10,6027,4857316,North,0,0,8,28,0,4,0,0,3,0
STR_018,2023,3,9588433.19,1727,5407,Pune,Maharashtra,Tier-2,Medium High-Street,5000,2018-12-07,10,6027,4857316,North,1,1,8,31,0,0,0,0,0,0
STR_018,2023,4,9987738.18,1878,5802,Pune,Maharashtra,Tier-2,Medium High-Street,5000,2018-12-07,10,6027,4857316,North,1,1,10,30,0,7,0,0,0,0
STR_018,2023,5,9369290.68,1765,5346,Pune,Maharashtra,Tier-2,Medium High-Street,5000,2018-12-07,10,6027,4857316,North,0,0,8,31,0,0,0,0,0,0
STR_018,2023,6,9008355.82,1689,5152,Pune,Maharashtra,Tier-2,Medium High-Street,5000,2018-12-07,10,6027,4857316,North,0,0,8,30,0,0,0,0,0,11
STR_018,2023,7,9718505.61,1786,5466,Pune,Maharashtra,Tier-2,Medium High-Street,5000,2018-12-07,10,6027,4857316,North,0,0,10,31,0,0,0,0,0,0
STR_018,2023,8,9119967.21,1827,5498,Pune,Maharashtra,Tier-2,Medium High-Street,5000,2018-12-07,10,6027,4857316,North,1,1,8,31,0,6,0,0,0,0
STR_018,2023,9,8931074.04,1683,5132,Pune,Maharashtra,Tier-2,Medium High-Street,5000,2018-12-07,10,6027,4857316,North,0,0,9,30,0,0,0,0,0,0
STR_018,2023,10,9203916.99,1811,5644,Pune,Maharashtra,Tier-2,Medium High-Street,5000,2018-12-07,10,6027,4857316,North,1,1,9,31,10,0,0,0,0,0
STR_018,2023,11,9687598.52,1772,5628,Pune,Maharashtra,Tier-2,Medium High-Street,5000,2018-12-07,10,6027,4857316,North,1,1,8,30,0,0,0,9,0,0
STR_018,2023,12,8646411.11,1734,5329,Pune,Maharashtra,Tier-2,Medium High-Street,5000,2018-12-07,10,6027,4857316,North,1,1,10,31,0,16,0,0,0,0
STR_018,2024,1,10220623.9,1845,5770,Pune,Maharashtra,Tier-2,Medium High-Street,5000,2018-12-07,10,6027,4857316,North,2,2,8,31,0,0,0,0,0,0
STR_018,2024,2,9115163.3,1747,5388,Pune,Maharashtra,Tier-2,Medium High-Street,5000,2018-12-07,10,6027,4857316,North,0,0,8,29,0,0,16,0,0,0
STR_018,2024,3,10411028.02,1873,5867,Pune,Maharashtra,Tier-2,Medium High-Street,5000,2018-12-07,10,6027,4857316,North,1,1,10,31,0,0,0,0,0,0
STR_018,2024,4,9567279.09,1834,5503,Pune,Maharashtra,Tier-2,Medium High-Street,5000,2018-12-07,10,6027,4857316,North,1,1,8,30,0,0,0,0,0,0
STR_018,2024,5,9298575.65,1824,5642,Pune,Maharashtra,Tier-2,Medium High-Street,5000,2018-12-07,10,6027,4857316,North,0,0,8,31,0,12,0,0,0,0
STR_018,2024,6,8360793.89,1712,5207,Pune,Maharashtra,Tier-2,Medium High-Street,5000,2018-12-07,10,6027,4857316,North,0,0,10,30,12,0,0,0,0,0
STR_018,2024,7,9166918.35,1740,5324,Pune,Maharashtra,Tier-2,Medium High-Street,5000,2018-12-07,10,6027,4857316,North,0,0,8,31,0,7,0,0,0,0
STR_018,2024,8,9982235.11,1912,5859,Pune,Maharashtra,Tier-2,Medium High-Street,5000,2018-12-07,10,6027,4857316,North,1,1,9,31,0,0,0,0,15,0
STR_018,2024,9,8144530.34,1741,5233,Pune,Maharashtra,Tier-2,Medium High-Street,5000,2018-12-07,10,6027,4857316,North,0,0,9,30,14,0,0,0,0,0
STR_018,2024,10,10112775.69,1817,5783,Pune,Maharashtra,Tier-2,Medium High-Street,5000,2018-12-07,10,6027,4857316,North,2,2,8,31,0,0,0,0,0,0
STR_018,2024,11,9083175.17,1730,5284,Pune,Maharashtra,Tier-2,Medium High-Street,5000,2018-12-07,10,6027,4857316,North,0,0,9,30,0,0,13,0,0,0
STR_018,2024,12,9456697.36,1804,5488,Pune,Maharashtra,Tier-2,Medium High-Street,5000,2018-12-07,10,6027,4857316,North,1,1,9,31,0,0,0,0,14,0
STR_018,2025,1,9894481.9,1899,5887,Pune,Maharashtra,Tier-2,Medium High-Street,5000,2018-12-07,10,6027,4857316,North,2,2,8,31,4,0,0,0,0,0
STR_018,2025,2,8808302.1,1655,5012,Pune,Maharashtra,Tier-2,Medium High-Street,5000,2018-12-07,10,6027,4857316,North,0,0,8,28,0,0,0,0,0,0
STR_018,2025,3,10300952.71,1878,5926,Pune,Maharashtra,Tier-2,Medium High-Street,5000,2018-12-07,10,6027,4857316,North,2,2,10,31,0,0,9,0,0,0
STR_018,2025,4,9526581.62,1767,5410,Pune,Maharashtra,Tier-2,Medium High-Street,5000,2018-12-07,10,6027,4857316,North,0,0,8,30,0,0,0,0,0,0
STR_018,2025,5,9664930.12,1833,5591,Pune,Maharashtra,Tier-2,Medium High-Street,5000,2018-12-07,10,6027,4857316,North,0,0,9,31,0,0,13,0,0,0
STR_018,2025,6,8753876.5,1772,5505,Pune,Maharashtra,Tier-2,Medium High-Street,5000,2018-12-07,10,6027,4857316,North,0,0,9,30,15,0,0,0,0,0
STR_018,2025,7,9043677.99,1728,5280,Pune,Maharashtra,Tier-2,Medium High-Street,5000,2018-12-07,10,6027,4857316,North,0,0,8,31,0,0,5,0,0,0
STR_018,2025,8,9615299.1,1799,5477,Pune,Maharashtra,Tier-2,Medium High-Street,5000,2018-12-07,10,6027,4857316,North,1,1,10,31,0,0,0,0,0,0
STR_018,2025,9,8972925.53,1626,5190,Pune,Maharashtra,Tier-2,Medium High-Street,5000,2018-12-07,10,6027,4857316,North,0,0,8,30,0,0,0,0,0,0
STR_018,2025,10,10289300.14,1899,5972,Pune,Maharashtra,Tier-2,Medium High-Street,5000,2018-12-07,10,6027,4857316,North,2,2,8,31,0,0,9,0,0,0
STR_018,2025,11,8973649.13,1712,5311,Pune,Maharashtra,Tier-2,Medium High-Street,5000,2018-12-07,10,6027,4857316,North,0,0,10,30,0,10,0,0,0,0
STR_018,2025,12,9545499.52,1802,5467,Pune,Maharashtra,Tier-2,Medium High-Street,5000,2018-12-07,10,6027,4857316,North,1,1,8,31,0,0,0,0,0,0
STR_019,2021,1,26581760.22,3843,15259,Mumbai,Maharashtra,Metro,Large Format,10000,2018-11-19,4,5021,2926448,North,2,2,10,31,0,0,0,0,0,6
STR_019,2021,2,20517530.58,3126,12316,Mumbai,Maharashtra,Metro,Large Format,10000,2018-11-19,4,5021,2926448,North,0,0,8,28,0,13,0,0,0,0
STR_019,2021,3,24242209.21,3526,13767,Mumbai,Maharashtra,Metro,Large Format,10000,2018-11-19,4,5021,2926448,North,1,1,8,31,0,0,0,0,0,0
STR_019,2021,4,23580981.88,3471,13670,Mumbai,Maharashtra,Metro,Large Format,10000,2018-11-19,4,5021,2926448,North,0,0,8,30,0,0,0,9,0,0
STR_019,2021,5,23854825.55,3585,14267,Mumbai,Maharashtra,Metro,Large Format,10000,2018-11-19,4,5021,2926448,North,1,1,10,31,7,0,0,0,0,0
STR_019,2021,6,22881724.27,3496,13723,Mumbai,Maharashtra,Metro,Large Format,10000,2018-11-19,4,5021,2926448,North,0,0,8,30,0,11,0,0,0,0
STR_019,2021,7,23652423.19,3386,13549,Mumbai,Maharashtra,Metro,Large Format,10000,2018-11-19,4,5021,2926448,North,0,0,9,31,0,0,0,14,0,0
STR_019,2021,8,25282262.59,3698,14480,Mumbai,Maharashtra,Metro,Large Format,10000,2018-11-19,4,5021,2926448,North,1,1,9,31,0,0,0,0,0,0
STR_019,2021,9,23003129.77,3458,13478,Mumbai,Maharashtra,Metro,Large Format,10000,2018-11-19,4,5021,2926448,North,0,0,8,30,0,0,0,0,13,0
STR_019,2021,10,24186691.33,3693,14661,Mumbai,Maharashtra,Metro,Large Format,10000,2018-11-19,4,5021,2926448,North,1,1,10,31,0,13,0,0,0,0
STR_019,2021,11,23548397.38,3442,13636,Mumbai,Maharashtra,Metro,Large Format,10000,2018-11-19,4,5021,2926448,North,1,1,8,30,0,0,0,0,13,0
STR_019,2021,12,23436677.23,3478,13838,Mumbai,Maharashtra,Metro,Large Format,10000,2018-11-19,4,5021,2926448,North,1,1,8,31,0,8,0,0,0,0
STR_019,2022,1,25994761.72,3759,14933,Mumbai,Maharashtra,Metro,Large Format,10000,2018-11-19,4,5021,2926448,North,2,2,10,31,0,0,0,0,0,0
STR_019,2022,2,19532266.29,3177,12434,Mumbai,Maharashtra,Metro,Large Format,10000,2018-11-19,4,5021,2926448,North,0,0,8,28,16,0,0,0,0,0
STR_019,2022,3,26009400.47,3765,14908,Mumbai,Maharashtra,Metro,Large Format,10000,2018-11-19,4,5021,2926448,North,1,1,8,31,0,0,4,0,0,0
STR_019,2022,4,23978452.76,3494,13884,Mumbai,Maharashtra,Metro,Large Format,10000,2018-11-19,4,5021,2926448,North,0,0,9,30,0,0,0,8,0,0
STR_019,2022,5,24917210.42,3796,15152,Mumbai,Maharashtra,Metro,Large Format,10000,2018-11-19,4,5021,2926448,North,1,1,9,31,7,0,0,0,0,0
STR_019,2022,6,22375859.45,3288,12763,Mumbai,Maharashtra,Metro,Large Format,10000,2018-11-19,4,5021,2926448,North,0,0,8,30,0,0,7,0,0,0
STR_019,2022,7,25160994.02,3624,14419,Mumbai,Maharashtra,Metro,Large Format,10000,2018-11-19,4,5021,2926448,North,0,0,10,31,0,0,0,0,0,0
STR_019,2022,8,23577654.48,3450,13703,Mumbai,Maharashtra,Metro,Large Format,10000,2018-11-19,4,5021,2926448,North,1,1,8,31,0,0,4,0,0,0
STR_019,2022,9,22226397.12,3370,13343,Mumbai,Maharashtra,Metro,Large Format,10000,2018-11-19,4,5021,2926448,North,0,0,8,30,0,10,0,0,0,0
STR_019,2022,10,25886245.13,3789,15061,Mumbai,Maharashtra,Metro,Large Format,10000,2018-11-19,4,5021,2926448,North,2,2,10,31,0,0,8,0,0,0
STR_019,2022,11,21969644.6,3334,13028,Mumbai,Maharashtra,Metro,Large Format,10000,2018-11-19,4,5021,2926448,North,0,0,8,30,6,0,0,0,0,0
STR_019,2022,12,26151094.92,3785,15250,Mumbai,Maharashtra,Metro,Large Format,10000,2018-11-19,4,5021,2926448,North,1,1,9,31,0,0,0,0,13,0
STR_019,2023,1,26744804.6,3734,15163,Mumbai,Maharashtra,Metro,Large Format,10000,2018-11-19,4,5021,2926448,North,2,2,9,31,0,0,0,0,0,0
STR_019,2023,2,21155358.77,3153,12343,Mumbai,Maharashtra,Metro,Large Format,10000,2018-11-19,4,5021,2926448,North,0,0,8,28,0,0,0,7,0,0
STR_019,2023,3,24878202.23,3578,14313,Mumbai,Maharashtra,Metro,Large Format,10000,2018-11-19,4,5021,2926448,North,1,1,8,31,0,0,0,0,0,9
STR_019,2023,4,26009879.29,3767,15152,Mumbai,Maharashtra,Metro,Large Format,10000,2018-11-19,4,5021,2926448,North,1,1,10,30,0,0,10,0,0,0
STR_019,2023,5,24811335.02,3635,14260,Mumbai,Maharashtra,Metro,Large Format,10000,2018-11-19,4,5021,2926448,North,0,0,8,31,0,0,0,0,0,0
STR_019,2023,6,22978883.15,3401,13295,Mumbai,Maharashtra,Metro,Large Format,10000,2018-11-19,4,5021,2926448,North,0,0,8,30,0,0,10,0,0,0
STR_019,2023,7,24706895.39,3633,14135,Mumbai,Maharashtra,Metro,Large Format,10000,2018-11-19,4,5021,2926448,North,0,0,10,31,0,0,0,0,0,0
STR_019,2023,8,24702224.96,3623,14302,Mumbai,Maharashtra,Metro,Large Format,10000,2018-11-19,4,5021,2926448,North,1,1,8,31,0,0,0,0,0,0
STR_019,2023,9,22998745.72,3431,13294,Mumbai,Maharashtra,Metro,Large Format,10000,2018-11-19,4,5021,2926448,North,0,0,9,30,0,0,0,0,13,0
STR_019,2023,10,24574187.28,3674,14780,Mumbai,Maharashtra,Metro,Large Format,10000,2018-11-19,4,5021,2926448,North,1,1,9,31,10,0,0,0,0,0
STR_019,2023,11,23093702.32,3561,14142,Mumbai,Maharashtra,Metro,Large Format,10000,2018-11-19,4,5021,2926448,North,1,1,8,30,9,0,0,0,0,0
STR_019,2023,12,24418456.33,3657,14388,Mumbai,Maharashtra,Metro,Large Format,10000,2018-11-19,4,5021,2926448,North,1,1,10,31,0,0,0,16,0,0
STR_019,2024,1,26029683.59,3667,14908,Mumbai,Maharashtra,Metro,Large Format,10000,2018-11-19,4,5021,2926448,North,2,2,8,31,0,0,0,5,0,0
STR_019,2024,2,21164551.17,3279,12682,Mumbai,Maharashtra,Metro,Large Format,10000,2018-11-19,4,5021,2926448,North,0,0,8,29,7,0,0,0,0,0
STR_019,2024,3,24723293.52,3644,14386,Mumbai,Maharashtra,Metro,Large Format,10000,2018-11-19,4,5021,2926448,North,1,1,10,31,0,0,0,0,8,0
STR_019,2024,4,23609585.91,3422,13628,Mumbai,Maharashtra,Metro,Large Format,10000,2018-11-19,4,5021,2926448,North,1,1,8,30,0,0,0,0,0,0
STR_019,2024,5,24297283.35,3502,13783,Mumbai,Maharashtra,Metro,Large Format,10000,2018-11-19,4,5021,2926448,North,0,0,8,31,0,0,0,0,0,0
STR_019,2024,6,24268166.91,3553,13955,Mumbai,Maharashtra,Metro,Large Format,10000,2018-11-19,4,5021,2926448,North,0,0,10,30,0,0,0,0,0,0
STR_019,2024,7,23451973.21,3422,13245,Mumbai,Maharashtra,Metro,Large Format,10000,2018-11-19,4,5021,2926448,North,0,0,8,31,0,0,0,0,0,0
STR_019,2024,8,24617957.54,3620,14303,Mumbai,Maharashtra,Metro,Large Format,10000,2018-11-19,4,5021,2926448,North,1,1,9,31,0,0,0,4,0,0
STR_019,2024,9,23841117.76,3524,13771,Mumbai,Maharashtra,Metro,Large Format,10000,2018-11-19,4,5021,2926448,North,0,0,9,30,0,0,0,4,0,0
STR_019,2024,10,26182141.78,3741,15116,Mumbai,Maharashtra,Metro,Large Format,10000,2018-11-19,4,5021,2926448,North,2,2,8,31,0,0,0,0,5,0
STR_019,2024,11,22971560.85,3580,13995,Mumbai,Maharashtra,Metro,Large Format,10000,2018-11-19,4,5021,2926448,North,0,0,9,30,0,12,0,0,0,0
STR_019,2024,12,24944975.41,3614,14328,Mumbai,Maharashtra,Metro,Large Format,10000,2018-11-19,4,5021,2926448,North,1,1,9,31,0,0,0,0,0,0
STR_019,2025,1,26637377.77,3795,15282,Mumbai,Maharashtra,Metro,Large Format,10000,2018-11-19,4,5021,2926448,North,2,2,8,31,0,0,0,0,0,0
STR_019,2025,2,21461248.59,3168,12309,Mumbai,Maharashtra,Metro,Large Format,10000,2018-11-19,4,5021,2926448,North,0,0,8,28,0,0,0,0,5,0
STR_019,2025,3,24584476.51,3654,14530,Mumbai,Maharashtra,Metro,Large Format,10000,2018-11-19,4,5021,2926448,North,2,2,10,31,0,0,0,0,13,0
STR_019,2025,4,22545610.18,3258,12696,Mumbai,Maharashtra,Metro,Large Format,10000,2018-11-19,4,5021,2926448,North,0,0,8,30,0,0,0,0,0,0
STR_019,2025,5,24223557.55,3630,14133,Mumbai,Maharashtra,Metro,Large Format,10000,2018-11-19,4,5021,2926448,North,0,0,9,31,0,0,0,9,0,0
STR_019,2025,6,24388076.01,3603,14049,Mumbai,Maharashtra,Metro,Large Format,10000,2018-11-19,4,5021,2926448,North,0,0,9,30,0,0,0,0,0,8
STR_019,2025,7,22307742.92,3317,12907,Mumbai,Maharashtra,Metro,Large Format,10000,2018-11-19,4,5021,2926448,North,0,0,8,31,0,0,0,0,0,11
STR_019,2025,8,24908752.87,3585,14252,Mumbai,Maharashtra,Metro,Large Format,10000,2018-11-19,4,5021,2926448,North,1,1,10,31,0,0,0,0,0,0
STR_019,2025,9,22992039.54,3411,13450,Mumbai,Maharashtra,Metro,Large Format,10000,2018-11-19,4,5021,2926448,North,0,0,8,30,0,0,0,0,0,10
STR_019,2025,10,26353157.26,3743,15128,Mumbai,Maharashtra,Metro,Large Format,10000,2018-11-19,4,5021,2926448,North,2,2,8,31,0,0,9,0,0,0
STR_019,2025,11,24938007.11,3567,14146,Mumbai,Maharashtra,Metro,Large Format,10000,2018-11-19,4,5021,2926448,North,0,0,10,30,0,0,0,0,0,0
STR_019,2025,12,24200755.39,3478,13815,Mumbai,Maharashtra,Metro,Large Format,10000,2018-11-19,4,5021,2926448,North,1,1,8,31,0,0,0,0,0,0
STR_020,2021,1,24839791.61,3653,14461,Bangalore,Karnataka,Tier-2,Large Format,10000,2017-01-06,7,13623,17011107,East,2,2,10,31,0,0,0,0,0,15
STR_020,2021,2,20924864.11,3106,12219,Bangalore,Karnataka,Tier-2,Large Format,10000,2017-01-06,7,13623,17011107,East,0,0,8,28,0,0,0,0,15,0
STR_020,2021,3,25164721.74,3660,14790,Bangalore,Karnataka,Tier-2,Large Format,10000,2017-01-06,7,13623,17011107,East,1,1,8,31,0,0,0,16,0,0
STR_020,2021,4,23423649.75,3443,13511,Bangalore,Karnataka,Tier-2,Large Format,10000,2017-01-06,7,13623,17011107,East,0,0,8,30,0,0,6,0,0,0
STR_020,2021,5,24224493.04,3588,14213,Bangalore,Karnataka,Tier-2,Large Format,10000,2017-01-06,7,13623,17011107,East,1,1,10,31,0,0,0,15,0,0
STR_020,2021,6,23536417.97,3448,13552,Bangalore,Karnataka,Tier-2,Large Format,10000,2017-01-06,7,13623,17011107,East,0,0,8,30,0,0,0,0,0,0
STR_020,2021,7,23123243.81,3482,13664,Bangalore,Karnataka,Tier-2,Large Format,10000,2017-01-06,7,13623,17011107,East,0,0,9,31,0,0,0,0,10,0
STR_020,2021,8,23973274.36,3577,14191,Bangalore,Karnataka,Tier-2,Large Format,10000,2017-01-06,7,13623,17011107,East,1,1,9,31,6,0,0,0,0,0
STR_020,2021,9,23683679.9,3492,13469,Bangalore,Karnataka,Tier-2,Large Format,10000,2017-01-06,7,13623,17011107,East,0,0,8,30,0,0,0,0,0,0
STR_020,2021,10,25760904.0,3774,14813,Bangalore,Karnataka,Tier-2,Large Format,10000,2017-01-06,7,13623,17011107,East,1,1,10,31,0,0,0,0,0,5
STR_020,2021,11,22295767.42,3368,13354,Bangalore,Karnataka,Tier-2,Large Format,10000,2017-01-06,7,13623,17011107,East,1,1,8,30,0,8,0,0,0,0
STR_020,2021,12,25036914.48,3671,14683,Bangalore,Karnataka,Tier-2,Large Format,10000,2017-01-06,7,13623,17011107,East,1,1,8,31,0,0,0,0,0,10
STR_020,2022,1,26711114.41,3849,15465,Bangalore,Karnataka,Tier-2,Large Format,10000,2017-01-06,7,13623,17011107,East,2,2,10,31,0,0,0,12,0,0
STR_020,2022,2,20805478.44,3022,11857,Bangalore,Karnataka,Tier-2,Large Format,10000,2017-01-06,7,13623,17011107,East,0,0,8,28,0,0,0,0,0,0
STR_020,2022,3,25467710.01,3626,14400,Bangalore,Karnataka,Tier-2,Large Format,10000,2017-01-06,7,13623,17011107,East,1,1,8,31,0,0,0,0,0,0
STR_020,2022,4,23392522.34,3398,13509,Bangalore,Karnataka,Tier-2,Large Format,10000,2017-01-06,7,13623,17011107,East,0,0,9,30,0,0,0,6,0,0
STR_020,2022,5,24894520.49,3743,14863,Bangalore,Karnataka,Tier-2,Large Format,10000,2017-01-06,7,13623,17011107,East,1,1,9,31,0,8,0,0,0,0
STR_020,2022,6,21859340.01,3365,13164,Bangalore,Karnataka,Tier-2,Large Format,10000,2017-01-06,7,13623,17011107,East,0,0,8,30,7,0,0,0,0,0
STR_020,2022,7,23786082.64,3568,13905,Bangalore,Karnataka,Tier-2,Large Format,10000,2017-01-06,7,13623,17011107,East,0,0,10,31,0,0,11,0,0,0
STR_020,2022,8,26454381.59,3753,15152,Bangalore,Karnataka,Tier-2,Large Format,10000,2017-01-06,7,13623,17011107,East,1,1,8,31,0,4,0,0,0,0
STR_020,2022,9,23093979.0,3423,13492,Bangalore,Karnataka,Tier-2,Large Format,10000,2017-01-06,7,13623,17011107,East,0,0,8,30,0,0,0,16,0,0
STR_020,2022,10,25456308.46,3903,15390,Bangalore,Karnataka,Tier-2,Large Format,10000,2017-01-06,7,13623,17011107,East,2,2,10,31,11,0,0,0,0,0
STR_020,2022,11,22904145.94,3357,13137,Bangalore,Karnataka,Tier-2,Large Format,10000,2017-01-06,7,13623,17011107,East,0,0,8,30,0,0,0,0,0,0
STR_020,2022,12,25270544.54,3670,14622,Bangalore,Karnataka,Tier-2,Large Format,10000,2017-01-06,7,13623,17011107,East,1,1,9,31,0,0,0,11,0,0
STR_020,2023,1,25594597.64,3723,14997,Bangalore,Karnataka,Tier-2,Large Format,10000,2017-01-06,7,13623,17011107,East,2,2,9,31,0,0,0,0,10,0
STR_020,2023,2,21223815.13,3124,12197,Bangalore,Karnataka,Tier-2,Large Format,10000,2017-01-06,7,13623,17011107,East,0,0,8,28,0,0,7,0,0,0
STR_020,2023,3,24413751.79,3514,14085,Bangalore,Karnataka,Tier-2,Large Format,10000,2017-01-06,7,13623,17011107,East,1,1,8,31,0,0,0,0,12,0
STR_020,2023,4,24669037.68,3589,14234,Bangalore,Karnataka,Tier-2,Large Format,10000,2017-01-06,7,13623,17011107,East,1,1,10,30,0,0,0,0,0,0
STR_020,2023,5,23383472.16,3501,13666,Bangalore,Karnataka,Tier-2,Large Format,10000,2017-01-06,7,13623,17011107,East,0,0,8,31,0,0,0,0,8,0
STR_020,2023,6,22085372.06,3252,12735,Bangalore,Karnataka,Tier-2,Large Format,10000,2017-01-06,7,13623,17011107,East,0,0,8,30,0,0,0,7,0,0
STR_020,2023,7,23466006.27,3500,13730,Bangalore,Karnataka,Tier-2,Large Format,10000,2017-01-06,7,13623,17011107,East,0,0,10,31,0,8,0,0,0,0
STR_020,2023,8,22336574.1,3525,14083,Bangalore,Karnataka,Tier-2,Large Format,10000,2017-01-06,7,13623,17011107,East,1,1,8,31,13,0,0,0,0,0
STR_020,2023,9,23193901.19,3432,13517,Bangalore,Karnataka,Tier-2,Large Format,10000,2017-01-06,7,13623,17011107,East,0,0,9,30,2,0,0,0,7,0
STR_020,2023,10,25566269.48,3631,14580,Bangalore,Karnataka,Tier-2,Large Format,10000,2017-01-06,7,13623,17011107,East,1,1,9,31,0,0,0,0,0,0
STR_020,2023,11,24286231.65,3459,13986,Bangalore,Karnataka,Tier-2,Large Format,10000,2017-01-06,7,13623,17011107,East,1,1,8,30,0,0,0,0,0,0
STR_020,2023,12,23609054.43,3664,14664,Bangalore,Karnataka,Tier-2,Large Format,10000,2017-01-06,7,13623,17011107,East,1,1,10,31,13,0,0,0,0,0
STR_020,2024,1,25900683.14,3740,14874,Bangalore,Karnataka,Tier-2,Large Format,10000,2017-01-06,7,13623,17011107,East,2,2,8,31,0,0,4,0,0,0
STR_020,2024,2,21351158.1,3244,12566,Bangalore,Karnataka,Tier-2,Large Format,10000,2017-01-06,7,13623,17011107,East,0,0,8,29,0,0,0,0,0,11
STR_020,2024,3,25989811.24,3745,14902,Bangalore,Karnataka,Tier-2,Large Format,10000,2017-01-06,7,13623,17011107,East,1,1,10,31,0,0,0,0,0,0
STR_020,2024,4,24361211.17,3557,13947,Bangalore,Karnataka,Tier-2,Large Format,10000,2017-01-06,7,13623,17011107,East,1,1,8,30,0,0,0,0,0,5
STR_020,2024,5,23883682.34,3485,13748,Bangalore,Karnataka,Tier-2,Large Format,10000,2017-01-06,7,13623,17011107,East,0,0,8,31,0,0,0,0,0,0
STR_020,2024,6,23076418.45,3473,13475,Bangalore,Karnataka,Tier-2,Large Format,10000,2017-01-06,7,13623,17011107,East,0,0,10,30,0,0,12,0,0,0
STR_020,2024,7,24293424.67,3517,13913,Bangalore,Karnataka,Tier-2,Large Format,10000,2017-01-06,7,13623,17011107,East,0,0,8,31,0,0,0,0,0,0
STR_020,2024,8,25324937.06,3643,14425,Bangalore,Karnataka,Tier-2,Large Format,10000,2017-01-06,7,13623,17011107,East,1,1,9,31,0,0,0,15,0,0
STR_020,2024,9,23834006.0,3433,13537,Bangalore,Karnataka,Tier-2,Large Format,10000,2017-01-06,7,13623,17011107,East,0,0,9,30,0,0,0,0,0,0
STR_020,2024,10,25137214.85,3600,14393,Bangalore,Karnataka,Tier-2,Large Format,10000,2017-01-06,7,13623,17011107,East,2,2,8,31,0,0,0,0,0,0
STR_020,2024,11,23552422.7,3468,13571,Bangalore,Karnataka,Tier-2,Large Format,10000,2017-01-06,7,13623,17011107,East,0,0,9,30,0,0,10,0,0,0
STR_020,2024,12,24453974.74,3612,14433,Bangalore,Karnataka,Tier-2,Large Format,10000,2017-01-06,7,13623,17011107,East,1,1,9,31,0,0,0,0,0,16
STR_020,2025,1,25519665.89,3647,14774,Bangalore,Karnataka,Tier-2,Large Format,10000,2017-01-06,7,13623,17011107,East,2,2,8,31,0,0,0,12,0,0
STR_020,2025,2,22544016.23,3224,12776,Bangalore,Karnataka,Tier-2,Large Format,10000,2017-01-06,7,13623,17011107,East,0,0,8,28,0,0,0,0,0,0
STR_020,2025,3,27459734.84,3891,15536,Bangalore,Karnataka,Tier-2,Large Format,10000,2017-01-06,7,13623,17011107,East,2,2,10,31,0,0,0,0,0,0
STR_020,2025,4,23058750.57,3389,13139,Bangalore,Karnataka,Tier-2,Large Format,10000,2017-01-06,7,13623,17011107,East,0,0,8,30,0,0,0,0,0,0
STR_020,2025,5,24995239.28,3578,14321,Bangalore,Karnataka,Tier-2,Large Format,10000,2017-01-06,7,13623,17011107,East,0,0,9,31,0,0,0,0,0,0
STR_020,2025,6,24216133.77,3556,13882,Bangalore,Karnataka,Tier-2,Large Format,10000,2017-01-06,7,13623,17011107,East,0,0,9,30,0,0,0,0,0,0
STR_020,2025,7,23282406.86,3441,13549,Bangalore,Karnataka,Tier-2,Large Format,10000,2017-01-06,7,13623,17011107,East,0,0,8,31,0,6,0,0,0,0
STR_020,2025,8,24421705.46,3619,14214,Bangalore,Karnataka,Tier-2,Large Format,10000,2017-01-06,7,13623,17011107,East,1,1,10,31,0,0,9,0,0,0
STR_020,2025,9,22320463.94,3273,12788,Bangalore,Karnataka,Tier-2,Large Format,10000,2017-01-06,7,13623,17011107,East,0,0,8,30,0,0,0,6,0,0
STR_020,2025,10,25168599.49,3753,15062,Bangalore,Karnataka,Tier-2,Large Format,10000,2017-01-06,7,13623,17011107,East,2,2,8,31,0,11,0,0,0,0
STR_020,2025,11,23769310.78,3484,13539,Bangalore,Karnataka,Tier-2,Large Format,10000,2017-01-06,7,13623,17011107,East,0,0,10,30,0,0,0,0,0,0
STR_020,2025,12,24469303.28,3605,14411,Bangalore,Karnataka,Tier-2,Large Format,10000,2017-01-06,7,13623,17011107,East,1,1,8,31,0,5,0,0,0,0
STR_021,2021,1,26540449.65,3920,15563,Kolkata,West Bengal,Metro,Large Format,10000,2018-03-24,10,12245,7629629,North,2,2,10,31,0,0,0,0,0,15
STR_021,2021,2,21606469.79,3189,12803,Kolkata,West Bengal,Metro,Large Format,10000,2018-03-24,10,12245,7629629,North,0,0,8,28,0,0,0,15,0,0
STR_021,2021,3,25432332.57,3655,14450,Kolkata,West Bengal,Metro,Large Format,10000,2018-03-24,10,12245,7629629,North,1,1,8,31,0,0,0,1,0,0
STR_021,2021,4,23067937.38,3345,13159,Kolkata,West Bengal,Metro,Large Format,10000,2018-03-24,10,12245,7629629,North,0,0,8,30,0,0,0,0,0,0
STR_021,2021,5,27700729.43,3975,15818,Kolkata,West Bengal,Metro,Large Format,10000,2018-03-24,10,12245,7629629,North,1,1,10,31,0,0,0,0,0,0
STR_021,2021,6,22108964.91,3328,13138,Kolkata,West Bengal,Metro,Large Format,10000,2018-03-24,10,12245,7629629,North,0,0,8,30,0,12,0,0,0,0
STR_021,2021,7,22359156.16,3376,13289,Kolkata,West Bengal,Metro,Large Format,10000,2018-03-24,10,12245,7629629,North,0,0,9,31,0,4,0,0,0,7
STR_021,2021,8,24871429.59,3732,14894,Kolkata,West Bengal,Metro,Large Format,10000,2018-03-24,10,12245,7629629,North,1,1,9,31,0,10,0,0,0,0
STR_021,2021,9,22926231.04,3421,13262,Kolkata,West Bengal,Metro,Large Format,10000,2018-03-24,10,12245,7629629,North,0,0,8,30,0,0,0,0,11,0
STR_021,2021,10,25394165.01,3696,14546,Kolkata,West Bengal,Metro,Large Format,10000,2018-03-24,10,12245,7629629,North,1,1,10,31,0,0,0,0,0,0
STR_021,2021,11,22959841.25,3379,13464,Kolkata,West Bengal,Metro,Large Format,10000,2018-03-24,10,12245,7629629,North,1,1,8,30,0,0,14,0,0,0
STR_021,2021,12,23566393.49,3595,14268,Kolkata,West Bengal,Metro,Large Format,10000,2018-03-24,10,12245,7629629,North,1,1,8,31,0,16,0,0,0,0
STR_021,2022,1,27283027.4,3954,15803,Kolkata,West Bengal,Metro,Large Format,10000,2018-03-24,10,12245,7629629,North,2,2,10,31,0,0,0,7,0,0
STR_021,2022,2,20963417.53,3098,12224,Kolkata,West Bengal,Metro,Large Format,10000,2018-03-24,10,12245,7629629,North,0,0,8,28,0,0,0,12,0,0
STR_021,2022,3,25532043.53,3717,14886,Kolkata,West Bengal,Metro,Large Format,10000,2018-03-24,10,12245,7629629,North,1,1,8,31,0,0,14,0,0,0
STR_021,2022,4,23882368.81,3562,13876,Kolkata,West Bengal,Metro,Large Format,10000,2018-03-24,10,12245,7629629,North,0,0,9,30,0,0,11,0,0,0
STR_021,2022,5,26317289.61,3734,14994,Kolkata,West Bengal,Metro,Large Format,10000,2018-03-24,10,12245,7629629,North,1,1,9,31,0,0,0,0,0,0
STR_021,2022,6,22317191.54,3362,13134,Kolkata,West Bengal,Metro,Large Format,10000,2018-03-24,10,12245,7629629,North,0,0,8,30,0,0,0,12,0,0
STR_021,2022,7,24583208.06,3586,14146,Kolkata,West Bengal,Metro,Large Format,10000,2018-03-24,10,12245,7629629,North,0,0,10,31,0,0,0,10,0,0
STR_021,2022,8,25997152.16,3727,15038,Kolkata,West Bengal,Metro,Large Format,10000,2018-03-24,10,12245,7629629,North,1,1,8,31,0,0,0,0,0,0
STR_021,2022,9,22478005.79,3301,12908,Kolkata,West Bengal,Metro,Large Format,10000,2018-03-24,10,12245,7629629,North,0,0,8,30,0,0,0,0,0,0
STR_021,2022,10,25307264.38,3678,14663,Kolkata,West Bengal,Metro,Large Format,10000,2018-03-24,10,12245,7629629,North,2,2,10,31,0,0,0,0,0,6
STR_021,2022,11,23320859.72,3456,13747,Kolkata,West Bengal,Metro,Large Format,10000,2018-03-24,10,12245,7629629,North,0,0,8,30,6,0,0,0,0,0
STR_021,2022,12,24767437.6,3597,14334,Kolkata,West Bengal,Metro,Large Format,10000,2018-03-24,10,12245,7629629,North,1,1,9,31,0,0,0,0,0,12
STR_021,2023,1,25849969.65,3770,14918,Kolkata,West Bengal,Metro,Large Format,10000,2018-03-24,10,12245,7629629,North,2,2,9,31,0,0,9,0,0,0
STR_021,2023,2,22725389.03,3269,13155,Kolkata,West Bengal,Metro,Large Format,10000,2018-03-24,10,12245,7629629,North,0,0,8,28,0,0,13,0,0,0
STR_021,2023,3,25325218.17,3627,14319,Kolkata,West Bengal,Metro,Large Format,10000,2018-03-24,10,12245,7629629,North,1,1,8,31,0,0,0,0,0,0
STR_021,2023,4,23332153.94,3624,14504,Kolkata,West Bengal,Metro,Large Format,10000,2018-03-24,10,12245,7629629,North,1,1,10,30,13,0,0,0,0,0
STR_021,2023,5,23265662.7,3512,13784,Kolkata,West Bengal,Metro,Large Format,10000,2018-03-24,10,12245,7629629,North,0,0,8,31,0,9,0,0,0,0
STR_021,2023,6,23571672.24,3419,13587,Kolkata,West Bengal,Metro,Large Format,10000,2018-03-24,10,12245,7629629,North,0,0,8,30,0,0,0,0,0,0
STR_021,2023,7,24788792.86,3639,14427,Kolkata,West Bengal,Metro,Large Format,10000,2018-03-24,10,12245,7629629,North,0,0,10,31,0,0,0,0,0,12
STR_021,2023,8,25136698.05,3595,14408,Kolkata,West Bengal,Metro,Large Format,10000,2018-03-24,10,12245,7629629,North,1,1,8,31,0,0,0,0,12,0
STR_021,2023,9,23268580.26,3366,13300,Kolkata,West Bengal,Metro,Large Format,10000,2018-03-24,10,12245,7629629,North,0,0,9,30,0,0,15,0,0,0
STR_021,2023,10,24346076.83,3583,14130,Kolkata,West Bengal,Metro,Large Format,10000,2018-03-24,10,12245,7629629,North,1,1,9,31,0,0,0,0,9,0
STR_021,2023,11,23602122.32,3425,13739,Kolkata,West Bengal,Metro,Large Format,10000,2018-03-24,10,12245,7629629,North,1,1,8,30,0,0,0,8,0,0
STR_021,2023,12,25657874.67,3660,14592,Kolkata,West Bengal,Metro,Large Format,10000,2018-03-24,10,12245,7629629,North,1,1,10,31,0,0,0,0,0,0
STR_021,2024,1,26283743.12,3873,15205,Kolkata,West Bengal,Metro,Large Format,10000,2018-03-24,10,12245,7629629,North,2,2,8,31,0,0,0,0,14,0
STR_021,2024,2,22622988.9,3265,12966,Kolkata,West Bengal,Metro,Large Format,10000,2018-03-24,10,12245,7629629,North,0,0,8,29,0,0,0,0,0,0
STR_021,2024,3,25910492.4,3751,14941,Kolkata,West Bengal,Metro,Large Format,10000,2018-03-24,10,12245,7629629,North,1,1,10,31,0,0,0,15,0,0
STR_021,2024,4,23879926.34,3516,13738,Kolkata,West Bengal,Metro,Large Format,10000,2018-03-24,10,12245,7629629,North,1,1,8,30,0,0,0,0,14,0
STR_021,2024,5,23593303.65,3485,13560,Kolkata,West Bengal,Metro,Large Format,10000,2018-03-24,10,12245,7629629,North,0,0,8,31,0,0,0,0,0,0
STR_021,2024,6,24127578.48,3536,13961,Kolkata,West Bengal,Metro,Large Format,10000,2018-03-24,10,12245,7629629,North,0,0,10,30,0,0,0,0,12,0
STR_021,2024,7,24236835.04,3507,13732,Kolkata,West Bengal,Metro,Large Format,10000,2018-03-24,10,12245,7629629,North,0,0,8,31,0,0,0,0,4,0
STR_021,2024,8,24893192.65,3649,14348,Kolkata,West Bengal,Metro,Large Format,10000,2018-03-24,10,12245,7629629,North,1,1,9,31,0,0,0,0,0,5
STR_021,2024,9,23375782.03,3491,13569,Kolkata,West Bengal,Metro,Large Format,10000,2018-03-24,10,12245,7629629,North,0,0,9,30,0,0,0,0,0,13
STR_021,2024,10,26734296.96,3769,15358,Kolkata,West Bengal,Metro,Large Format,10000,2018-03-24,10,12245,7629629,North,2,2,8,31,0,0,0,0,0,0
STR_021,2024,11,22564206.19,3517,13813,Kolkata,West Bengal,Metro,Large Format,10000,2018-03-24,10,12245,7629629,North,0,0,9,30,8,0,0,0,0,0
STR_021,2024,12,24368148.67,3517,13906,Kolkata,West Bengal,Metro,Large Format,10000,2018-03-24,10,12245,7629629,North,1,1,9,31,0,0,0,0,14,0
STR_021,2025,1,26505690.22,3753,15115,Kolkata,West Bengal,Metro,Large Format,10000,2018-03-24,10,12245,7629629,North,2,2,8,31,0,0,4,0,0,0
STR_021,2025,2,21285256.15,3123,12355,Kolkata,West Bengal,Metro,Large Format,10000,2018-03-24,10,12245,7629629,North,0,0,8,28,0,0,11,0,0,0
STR_021,2025,3,24270846.34,3828,15160,Kolkata,West Bengal,Metro,Large Format,10000,2018-03-24,10,12245,7629629,North,2,2,10,31,15,0,0,0,0,0
STR_021,2025,4,23059662.54,3471,13725,Kolkata,West Bengal,Metro,Large Format,10000,2018-03-24,10,12245,7629629,North,0,0,8,30,0,7,0,0,0,0
STR_021,2025,5,23585173.52,3518,13733,Kolkata,West Bengal,Metro,Large Format,10000,2018-03-24,10,12245,7629629,North,0,0,9,31,0,0,0,0,0,9
STR_021,2025,6,23741593.11,3529,13738,Kolkata,West Bengal,Metro,Large Format,10000,2018-03-24,10,12245,7629629,North,0,0,9,30,0,0,0,9,0,0
STR_021,2025,7,23165927.72,3386,13319,Kolkata,West Bengal,Metro,Large Format,10000,2018-03-24,10,12245,7629629,North,0,0,8,31,0,0,0,0,0,9
STR_021,2025,8,25984639.07,3766,14861,Kolkata,West Bengal,Metro,Large Format,10000,2018-03-24,10,12245,7629629,North,1,1,10,31,0,0,0,0,0,0
STR_021,2025,9,22983085.34,3422,13413,Kolkata,West Bengal,Metro,Large Format,10000,2018-03-24,10,12245,7629629,North,0,0,8,30,0,5,0,0,0,0
STR_021,2025,10,27197197.69,3840,15505,Kolkata,West Bengal,Metro,Large Format,10000,2018-03-24,10,12245,7629629,North,2,2,8,31,0,0,0,0,0,0
STR_021,2025,11,25255593.82,3723,14737,Kolkata,West Bengal,Metro,Large Format,10000,2018-03-24,10,12245,7629629,North,0,0,10,30,0,7,0,0,0,0
STR_021,2025,12,24240199.1,3658,14273,Kolkata,West Bengal,Metro,Large Format,10000,2018-03-24,10,12245,7629629,North,1,1,8,31,0,11,0,0,0,0
STR_022,2021,1,4801677.1,729,2936,Ahmedabad,Gujarat,Rural,Mall Store,2000,2018-06-08,6,2310,2837427,East,2,2,10,31,10,0,0,0,0,0
STR_022,2021,2,4149725.04,637,2453,Ahmedabad,Gujarat,Rural,Mall Store,2000,2018-06-08,6,2310,2837427,East,0,0,8,28,0,0,0,0,0,0
STR_022,2021,3,4670032.7,708,2734,Ahmedabad,Gujarat,Rural,Mall Store,2000,2018-06-08,6,2310,2837427,East,1,1,8,31,0,0,9,0,0,0
STR_022,2021,4,4679415.66,675,2663,Ahmedabad,Gujarat,Rural,Mall Store,2000,2018-06-08,6,2310,2837427,East,0,0,8,30,0,0,0,0,0,0
STR_022,2021,5,5273191.74,764,3097,Ahmedabad,Gujarat,Rural,Mall Store,2000,2018-06-08,6,2310,2837427,East,1,1,10,31,0,0,0,8,0,0
STR_022,2021,6,4342343.39,647,2458,Ahmedabad,Gujarat,Rural,Mall Store,2000,2018-06-08,6,2310,2837427,East,0,0,8,30,0,0,0,0,0,0
STR_022,2021,7,4810604.53,698,2756,Ahmedabad,Gujarat,Rural,Mall Store,2000,2018-06-08,6,2310,2837427,East,0,0,9,31,0,0,7,0,0,0
STR_022,2021,8,4918802.44,732,2836,Ahmedabad,Gujarat,Rural,Mall Store,2000,2018-06-08,6,2310,2837427,East,1,1,9,31,0,9,0,0,0,0
STR_022,2021,9,3866991.45,637,2452,Ahmedabad,Gujarat,Rural,Mall Store,2000,2018-06-08,6,2310,2837427,East,0,0,8,30,13,0,0,0,0,0
STR_022,2021,10,5320433.32,728,2932,Ahmedabad,Gujarat,Rural,Mall Store,2000,2018-06-08,6,2310,2837427,East,1,1,10,31,0,0,0,0,0,0
STR_022,2021,11,5074716.81,718,2902,Ahmedabad,Gujarat,Rural,Mall Store,2000,2018-06-08,6,2310,2837427,East,1,1,8,30,0,0,0,0,0,0
STR_022,2021,12,4846878.56,694,2769,Ahmedabad,Gujarat,Rural,Mall Store,2000,2018-06-08,6,2310,2837427,East,1,1,8,31,0,0,0,5,0,0
STR_022,2022,1,5089896.23,709,2869,Ahmedabad,Gujarat,Rural,Mall Store,2000,2018-06-08,6,2310,2837427,East,2,2,10,31,0,0,0,0,0,0
STR_022,2022,2,4422595.87,622,2443,Ahmedabad,Gujarat,Rural,Mall Store,2000,2018-06-08,6,2310,2837427,East,0,0,8,28,0,0,0,0,0,0
STR_022,2022,3,4837037.54,718,2790,Ahmedabad,Gujarat,Rural,Mall Store,2000,2018-06-08,6,2310,2837427,East,1,1,8,31,0,0,0,0,0,0
STR_022,2022,4,4162412.37,662,2644,Ahmedabad,Gujarat,Rural,Mall Store,2000,2018-06-08,6,2310,2837427,East,0,0,9,30,13,0,0,0,0,0
STR_022,2022,5,4990875.13,706,2819,Ahmedabad,Gujarat,Rural,Mall Store,2000,2018-06-08,6,2310,2837427,East,1,1,9,31,0,0,0,0,0,0
STR_022,2022,6,4409068.33,640,2532,Ahmedabad,Gujarat,Rural,Mall Store,2000,2018-06-08,6,2310,2837427,East,0,0,8,30,0,0,0,0,0,13
STR_022,2022,7,4877545.02,712,2830,Ahmedabad,Gujarat,Rural,Mall Store,2000,2018-06-08,6,2310,2837427,East,0,0,10,31,0,0,14,0,0,2
STR_022,2022,8,4873798.66,684,2706,Ahmedabad,Gujarat,Rural,Mall Store,2000,2018-06-08,6,2310,2837427,East,1,1,8,31,0,0,0,0,0,0
STR_022,2022,9,4623092.84,668,2679,Ahmedabad,Gujarat,Rural,Mall Store,2000,2018-06-08,6,2310,2837427,East,0,0,8,30,0,0,0,0,13,0
STR_022,2022,10,5288517.95,752,2996,Ahmedabad,Gujarat,Rural,Mall Store,2000,2018-06-08,6,2310,2837427,East,2,2,10,31,0,0,0,0,0,0
STR_022,2022,11,4835618.57,692,2748,Ahmedabad,Gujarat,Rural,Mall Store,2000,2018-06-08,6,2310,2837427,East,0,0,8,30,0,0,13,0,0,0
STR_022,2022,12,4451219.98,713,2845,Ahmedabad,Gujarat,Rural,Mall Store,2000,2018-06-08,6,2310,2837427,East,1,1,9,31,13,0,0,0,0,0
STR_022,2023,1,5464231.21,764,3142,Ahmedabad,Gujarat,Rural,Mall Store,2000,2018-06-08,6,2310,2837427,East,2,2,9,31,0,0,0,0,0,0
STR_022,2023,2,4130436.3,616,2452,Ahmedabad,Gujarat,Rural,Mall Store,2000,2018-06-08,6,2310,2837427,East,0,0,8,28,0,0,0,0,0,14
STR_022,2023,3,4995027.19,727,2900,Ahmedabad,Gujarat,Rural,Mall Store,2000,2018-06-08,6,2310,2837427,East,1,1,8,31,0,0,0,12,0,0
STR_022,2023,4,5069446.87,718,2910,Ahmedabad,Gujarat,Rural,Mall Store,2000,2018-06-08,6,2310,2837427,East,1,1,10,30,0,0,0,12,0,0
STR_022,2023,5,4196534.68,686,2602,Ahmedabad,Gujarat,Rural,Mall Store,2000,2018-06-08,6,2310,2837427,East,0,0,8,31,8,0,0,0,0,0
STR_022,2023,6,4565847.17,650,2518,Ahmedabad,Gujarat,Rural,Mall Store,2000,2018-06-08,6,2310,2837427,East,0,0,8,30,0,0,0,0,0,0
STR_022,2023,7,4705441.15,697,2788,Ahmedabad,Gujarat,Rural,Mall Store,2000,2018-06-08,6,2310,2837427,East,0,0,10,31,0,0,0,0,16,0
STR_022,2023,8,4905154.34,680,2767,Ahmedabad,Gujarat,Rural,Mall Store,2000,2018-06-08,6,2310,2837427,East,1,1,8,31,0,0,0,0,0,0
STR_022,2023,9,4770272.7299999995,667,2670,Ahmedabad,Gujarat,Rural,Mall Store,2000,2018-06-08,6,2310,2837427,East,0,0,9,30,0,0,0,0,0,0
STR_022,2023,10,4676090.25,699,2729,Ahmedabad,Gujarat,Rural,Mall Store,2000,2018-06-08,6,2310,2837427,East,1,1,9,31,0,0,10,0,0,0
STR_022,2023,11,5192165.38,719,2948,Ahmedabad,Gujarat,Rural,Mall Store,2000,2018-06-08,6,2310,2837427,East,1,1,8,30,0,0,7,0,0,0
STR_022,2023,12,4949179.89,710,2792,Ahmedabad,Gujarat,Rural,Mall Store,2000,2018-06-08,6,2310,2837427,East,1,1,10,31,0,0,0,0,0,0
STR_022,2024,1,5133677.06,744,2925,Ahmedabad,Gujarat,Rural,Mall Store,2000,2018-06-08,6,2310,2837427,East,2,2,8,31,0,0,0,0,0,0
STR_022,2024,2,4323778.83,640,2507,Ahmedabad,Gujarat,Rural,Mall Store,2000,2018-06-08,6,2310,2837427,East,0,0,8,29,0,0,0,12,0,0
STR_022,2024,3,4973894.87,734,2930,Ahmedabad,Gujarat,Rural,Mall Store,2000,2018-06-08,6,2310,2837427,East,1,1,10,31,0,0,9,0,0,0
STR_022,2024,4,4364853.2,666,2572,Ahmedabad,Gujarat,Rural,Mall Store,2000,2018-06-08,6,2310,2837427,East,1,1,8,30,0,0,0,0,16,0
STR_022,2024,5,4510129.88,650,2534,Ahmedabad,Gujarat,Rural,Mall Store,2000,2018-06-08,6,2310,2837427,East,0,0,8,31,0,0,0,0,0,0
STR_022,2024,6,4709136.48,686,2779,Ahmedabad,Gujarat,Rural,Mall Store,2000,2018-06-08,6,2310,2837427,East,0,0,10,30,4,0,0,0,0,0
STR_022,2024,7,4710801.12,706,2777,Ahmedabad,Gujarat,Rural,Mall Store,2000,2018-06-08,6,2310,2837427,East,0,0,8,31,0,10,0,0,0,0
STR_022,2024,8,4669855.86,698,2694,Ahmedabad,Gujarat,Rural,Mall Store,2000,2018-06-08,6,2310,2837427,East,1,1,9,31,0,0,0,0,0,0
STR_022,2024,9,4434368.97,659,2571,Ahmedabad,Gujarat,Rural,Mall Store,2000,2018-06-08,6,2310,2837427,East,0,0,9,30,0,0,0,12,0,0
STR_022,2024,10,5078315.0,749,3039,Ahmedabad,Gujarat,Rural,Mall Store,2000,2018-06-08,6,2310,2837427,East,2,2,8,31,0,0,0,2,0,14
STR_022,2024,11,4718472.66,701,2737,Ahmedabad,Gujarat,Rural,Mall Store,2000,2018-06-08,6,2310,2837427,East,0,0,9,30,0,0,0,0,0,0
STR_022,2024,12,4969703.88,726,2868,Ahmedabad,Gujarat,Rural,Mall Store,2000,2018-06-08,6,2310,2837427,East,1,1,9,31,0,4,0,0,0,0
STR_022,2025,1,5369886.47,728,2978,Ahmedabad,Gujarat,Rural,Mall Store,2000,2018-06-08,6,2310,2837427,East,2,2,8,31,0,0,0,0,0,0
STR_022,2025,2,4320028.85,627,2471,Ahmedabad,Gujarat,Rural,Mall Store,2000,2018-06-08,6,2310,2837427,East,0,0,8,28,0,0,7,0,0,0
STR_022,2025,3,5235163.45,749,3047,Ahmedabad,Gujarat,Rural,Mall Store,2000,2018-06-08,6,2310,2837427,East,2,2,10,31,0,0,0,0,0,0
STR_022,2025,4,4776838.12,701,2748,Ahmedabad,Gujarat,Rural,Mall Store,2000,2018-06-08,6,2310,2837427,East,0,0,8,30,0,0,0,0,0,0
STR_022,2025,5,5053795.67,723,2881,Ahmedabad,Gujarat,Rural,Mall Store,2000,2018-06-08,6,2310,2837427,East,0,0,9,31,0,0,0,0,13,0
STR_022,2025,6,4678002.39,669,2711,Ahmedabad,Gujarat,Rural,Mall Store,2000,2018-06-08,6,2310,2837427,East,0,0,9,30,0,14,0,0,0,0
STR_022,2025,7,4915807.94,712,2851,Ahmedabad,Gujarat,Rural,Mall Store,2000,2018-06-08,6,2310,2837427,East,0,0,8,31,0,0,0,0,0,0
STR_022,2025,8,4712921.82,733,2745,Ahmedabad,Gujarat,Rural,Mall Store,2000,2018-06-08,6,2310,2837427,East,1,1,10,31,0,0,0,15,0,0
STR_022,2025,9,4509876.82,675,2632,Ahmedabad,Gujarat,Rural,Mall Store,2000,2018-06-08,6,2310,2837427,East,0,0,8,30,0,0,0,14,0,0
STR_022,2025,10,5030579.58,711,2846,Ahmedabad,Gujarat,Rural,Mall Store,2000,2018-06-08,6,2310,2837427,East,2,2,8,31,0,0,0,0,0,5
STR_022,2025,11,4752521.93,677,2708,Ahmedabad,Gujarat,Rural,Mall Store,2000,2018-06-08,6,2310,2837427,East,0,0,10,30,0,5,0,0,0,0
STR_022,2025,12,4893149.26,695,2854,Ahmedabad,Gujarat,Rural,Mall Store,2000,2018-06-08,6,2310,2837427,East,1,1,8,31,0,0,0,0,0,0
STR_023,2021,1,10060087.74,1875,5867,Hyderabad,Telangana,Tier-2,Medium High-Street,5000,2015-03-29,5,3889,4260387,West,2,2,10,31,0,0,0,9,0,0
STR_023,2021,2,8841314.18,1700,5089,Hyderabad,Telangana,Tier-2,Medium High-Street,5000,2015-03-29,5,3889,4260387,West,0,0,8,28,0,0,11,0,0,0
STR_023,2021,3,9231467.94,1780,5388,Hyderabad,Telangana,Tier-2,Medium High-Street,5000,2015-03-29,5,3889,4260387,West,1,1,8,31,0,8,0,0,0,0
STR_023,2021,4,8605428.57,1759,5390,Hyderabad,Telangana,Tier-2,Medium High-Street,5000,2015-03-29,5,3889,4260387,West,0,0,8,30,14,0,0,0,0,0
STR_023,2021,5,9883475.92,1844,5742,Hyderabad,Telangana,Tier-2,Medium High-Street,5000,2015-03-29,5,3889,4260387,West,1,1,10,31,0,0,0,11,0,0
STR_023,2021,6,8700036.03,1673,5138,Hyderabad,Telangana,Tier-2,Medium High-Street,5000,2015-03-29,5,3889,4260387,West,0,0,8,30,0,0,0,0,0,9
STR_023,2021,7,9238065.05,1783,5500,Hyderabad,Telangana,Tier-2,Medium High-Street,5000,2015-03-29,5,3889,4260387,West,0,0,9,31,0,12,0,0,0,0
STR_023,2021,8,9738500.98,1876,5773,Hyderabad,Telangana,Tier-2,Medium High-Street,5000,2015-03-29,5,3889,4260387,West,1,1,9,31,0,10,0,0,0,0
STR_023,2021,9,8831146.81,1723,5253,Hyderabad,Telangana,Tier-2,Medium High-Street,5000,2015-03-29,5,3889,4260387,West,0,0,8,30,0,11,0,0,0,0
STR_023,2021,10,10565421.89,1931,6081,Hyderabad,Telangana,Tier-2,Medium High-Street,5000,2015-03-29,5,3889,4260387,West,1,1,10,31,0,0,15,0,0,0
STR_023,2021,11,9368386.22,1797,5422,Hyderabad,Telangana,Tier-2,Medium High-Street,5000,2015-03-29,5,3889,4260387,West,1,1,8,30,0,0,8,0,0,0
STR_023,2021,12,9253319.55,1827,5740,Hyderabad,Telangana,Tier-2,Medium High-Street,5000,2015-03-29,5,3889,4260387,West,1,1,8,31,12,0,0,0,0,0
STR_023,2022,1,9921183.76,1892,5932,Hyderabad,Telangana,Tier-2,Medium High-Street,5000,2015-03-29,5,3889,4260387,West,2,2,10,31,0,0,0,0,8,0
STR_023,2022,2,8840606.3,1628,5031,Hyderabad,Telangana,Tier-2,Medium High-Street,5000,2015-03-29,5,3889,4260387,West,0,0,8,28,0,0,0,0,6,0
STR_023,2022,3,9670988.22,1798,5582,Hyderabad,Telangana,Tier-2,Medium High-Street,5000,2015-03-29,5,3889,4260387,West,1,1,8,31,0,0,0,0,5,0
STR_023,2022,4,8773866.84,1658,5114,Hyderabad,Telangana,Tier-2,Medium High-Street,5000,2015-03-29,5,3889,4260387,West,0,0,9,30,0,0,0,11,0,0
STR_023,2022,5,9928460.02,1795,5663,Hyderabad,Telangana,Tier-2,Medium High-Street,5000,2015-03-29,5,3889,4260387,West,1,1,9,31,0,0,0,0,0,0
STR_023,2022,6,8776967.22,1653,5009,Hyderabad,Telangana,Tier-2,Medium High-Street,5000,2015-03-29,5,3889,4260387,West,0,0,8,30,0,0,0,0,0,0
STR_023,2022,7,9758219.4,1839,5553,Hyderabad,Telangana,Tier-2,Medium High-Street,5000,2015-03-29,5,3889,4260387,West,0,0,10,31,0,0,0,0,0,0
STR_023,2022,8,9296709.9,1790,5548,Hyderabad,Telangana,Tier-2,Medium High-Street,5000,2015-03-29,5,3889,4260387,West,1,1,8,31,0,6,0,0,0,0
STR_023,2022,9,8649878.99,1663,4987,Hyderabad,Telangana,Tier-2,Medium High-Street,5000,2015-03-29,5,3889,4260387,West,0,0,8,30,0,0,0,0,0,0
STR_023,2022,10,9999890.03,1870,5833,Hyderabad,Telangana,Tier-2,Medium High-Street,5000,2015-03-29,5,3889,4260387,West,2,2,10,31,0,0,0,0,0,0
STR_023,2022,11,9120530.03,1749,5288,Hyderabad,Telangana,Tier-2,Medium High-Street,5000,2015-03-29,5,3889,4260387,West,0,0,8,30,0,0,10,0,0,0
STR_023,2022,12,9203603.25,1758,5485,Hyderabad,Telangana,Tier-2,Medium High-Street,5000,2015-03-29,5,3889,4260387,West,1,1,9,31,0,13,0,0,0,0
STR_023,2023,1,10080014.36,1877,5838,Hyderabad,Telangana,Tier-2,Medium High-Street,5000,2015-03-29,5,3889,4260387,West,2,2,9,31,0,0,12,0,0,0
STR_023,2023,2,8172169.83,1561,4763,Hyderabad,Telangana,Tier-2,Medium High-Street,5000,2015-03-29,5,3889,4260387,West,0,0,8,28,0,0,0,0,0,0
STR_023,2023,3,9975878.9,1846,5728,Hyderabad,Telangana,Tier-2,Medium High-Street,5000,2015-03-29,5,3889,4260387,West,1,1,8,31,0,0,0,0,0,0
STR_023,2023,4,9901374.52,1839,5738,Hyderabad,Telangana,Tier-2,Medium High-Street,5000,2015-03-29,5,3889,4260387,West,1,1,10,30,0,0,0,0,0,0
STR_023,2023,5,9187609.56,1761,5348,Hyderabad,Telangana,Tier-2,Medium High-Street,5000,2015-03-29,5,3889,4260387,West,0,0,8,31,0,0,0,6,0,0
STR_023,2023,6,9193764.09,1730,5230,Hyderabad,Telangana,Tier-2,Medium High-Street,5000,2015-03-29,5,3889,4260387,West,0,0,8,30,0,0,0,0,0,0
STR_023,2023,7,9567648.63,1804,5572,Hyderabad,Telangana,Tier-2,Medium High-Street,5000,2015-03-29,5,3889,4260387,West,0,0,10,31,0,0,0,0,0,5
STR_023,2023,8,9377739.74,1768,5489,Hyderabad,Telangana,Tier-2,Medium High-Street,5000,2015-03-29,5,3889,4260387,West,1,1,8,31,0,4,0,0,0,0
STR_023,2023,9,9184894.92,1767,5477,Hyderabad,Telangana,Tier-2,Medium High-Street,5000,2015-03-29,5,3889,4260387,West,0,0,9,30,0,8,0,0,0,0
STR_023,2023,10,9994125.49,1851,5763,Hyderabad,Telangana,Tier-2,Medium High-Street,5000,2015-03-29,5,3889,4260387,West,1,1,9,31,0,0,9,0,0,0
STR_023,2023,11,9229404.21,1785,5516,Hyderabad,Telangana,Tier-2,Medium High-Street,5000,2015-03-29,5,3889,4260387,West,1,1,8,30,6,0,0,0,0,0
STR_023,2023,12,9892060.64,1832,5706,Hyderabad,Telangana,Tier-2,Medium High-Street,5000,2015-03-29,5,3889,4260387,West,1,1,10,31,0,0,0,0,0,0
STR_023,2024,1,10088091.39,1894,6033,Hyderabad,Telangana,Tier-2,Medium High-Street,5000,2015-03-29,5,3889,4260387,West,2,2,8,31,0,6,0,0,0,0
STR_023,2024,2,8355685.78,1647,4951,Hyderabad,Telangana,Tier-2,Medium High-Street,5000,2015-03-29,5,3889,4260387,West,0,0,8,29,0,0,7,0,0,0
STR_023,2024,3,10294976.26,1929,5985,Hyderabad,Telangana,Tier-2,Medium High-Street,5000,2015-03-29,5,3889,4260387,West,1,1,10,31,0,0,0,0,0,0
STR_023,2024,4,9038701.94,1720,5273,Hyderabad,Telangana,Tier-2,Medium High-Street,5000,2015-03-29,5,3889,4260387,West,1,1,8,30,0,0,0,0,0,10
STR_023,2024,5,9136003.83,1719,5193,Hyderabad,Telangana,Tier-2,Medium High-Street,5000,2015-03-29,5,3889,4260387,West,0,0,8,31,0,0,12,0,0,0
STR_023,2024,6,9085303.48,1732,5293,Hyderabad,Telangana,Tier-2,Medium High-Street,5000,2015-03-29,5,3889,4260387,West,0,0,10,30,0,0,0,0,0,0
STR_023,2024,7,9397684.34,1748,5310,Hyderabad,Telangana,Tier-2,Medium High-Street,5000,2015-03-29,5,3889,4260387,West,0,0,8,31,0,0,0,0,0,0
STR_023,2024,8,8786607.79,1781,5501,Hyderabad,Telangana,Tier-2,Medium High-Street,5000,2015-03-29,5,3889,4260387,West,1,1,9,31,12,0,0,0,0,0
STR_023,2024,9,9349254.3,1767,5366,Hyderabad,Telangana,Tier-2,Medium High-Street,5000,2015-03-29,5,3889,4260387,West,0,0,9,30,0,0,0,0,0,0
STR_023,2024,10,9677579.59,1802,5640,Hyderabad,Telangana,Tier-2,Medium High-Street,5000,2015-03-29,5,3889,4260387,West,2,2,8,31,0,0,0,12,0,0
STR_023,2024,11,9019342.34,1690,5198,Hyderabad,Telangana,Tier-2,Medium High-Street,5000,2015-03-29,5,3889,4260387,West,0,0,9,30,0,0,0,1,14,0
STR_023,2024,12,9683888.4,1806,5578,Hyderabad,Telangana,Tier-2,Medium High-Street,5000,2015-03-29,5,3889,4260387,West,1,1,9,31,0,0,4,0,0,0
STR_023,2025,1,10521970.97,1938,6053,Hyderabad,Telangana,Tier-2,Medium High-Street,5000,2015-03-29,5,3889,4260387,West,2,2,8,31,0,0,0,0,0,10
STR_023,2025,2,7711286.39,1551,4716,Hyderabad,Telangana,Tier-2,Medium High-Street,5000,2015-03-29,5,3889,4260387,West,0,0,8,28,0,13,0,0,0,0
STR_023,2025,3,10169942.01,1902,5888,Hyderabad,Telangana,Tier-2,Medium High-Street,5000,2015-03-29,5,3889,4260387,West,2,2,10,31,0,2,15,0,0,0
STR_023,2025,4,8673771.8,1672,5067,Hyderabad,Telangana,Tier-2,Medium High-Street,5000,2015-03-29,5,3889,4260387,West,0,0,8,30,0,0,0,0,15,0
STR_023,2025,5,9779199.51,1831,5594,Hyderabad,Telangana,Tier-2,Medium High-Street,5000,2015-03-29,5,3889,4260387,West,0,0,9,31,0,0,0,0,0,8
STR_023,2025,6,8487800.79,1690,5227,Hyderabad,Telangana,Tier-2,Medium High-Street,5000,2015-03-29,5,3889,4260387,West,0,0,9,30,13,0,0,0,0,0
STR_023,2025,7,9890370.96,1764,5532,Hyderabad,Telangana,Tier-2,Medium High-Street,5000,2015-03-29,5,3889,4260387,West,0,0,8,31,0,0,0,0,0,0
STR_023,2025,8,9477591.19,1877,5730,Hyderabad,Telangana,Tier-2,Medium High-Street,5000,2015-03-29,5,3889,4260387,West,1,1,10,31,9,0,0,0,0,0
STR_023,2025,9,9010376.9,1719,5281,Hyderabad,Telangana,Tier-2,Medium High-Street,5000,2015-03-29,5,3889,4260387,West,0,0,8,30,0,0,9,0,0,0
STR_023,2025,10,9559426.24,1838,5703,Hyderabad,Telangana,Tier-2,Medium High-Street,5000,2015-03-29,5,3889,4260387,West,2,2,8,31,7,0,0,0,0,0
STR_023,2025,11,8735966.33,1753,5331,Hyderabad,Telangana,Tier-2,Medium High-Street,5000,2015-03-29,5,3889,4260387,West,0,0,10,30,10,0,0,0,0,0
STR_023,2025,12,10374101.42,1835,5732,Hyderabad,Telangana,Tier-2,Medium High-Street,5000,2015-03-29,5,3889,4260387,West,1,1,8,31,0,0,0,0,0,0
STR_024,2021,1,26834710.26,3799,15316,Bangalore,Karnataka,Rural,Large Format,10000,2018-03-30,2,11944,12230158,East,2,2,10,31,0,0,0,0,0,0
STR_024,2021,2,21980245.6,3319,13026,Bangalore,Karnataka,Rural,Large Format,10000,2018-03-30,2,11944,12230158,East,0,0,8,28,0,9,0,0,0,0
STR_024,2021,3,23300733.98,3577,13973,Bangalore,Karnataka,Rural,Large Format,10000,2018-03-30,2,11944,12230158,East,1,1,8,31,0,5,0,0,0,11
STR_024,2021,4,23588367.2,3402,13431,Bangalore,Karnataka,Rural,Large Format,10000,2018-03-30,2,11944,12230158,East,0,0,8,30,0,0,0,0,0,0
STR_024,2021,5,25829603.96,3718,14674,Bangalore,Karnataka,Rural,Large Format,10000,2018-03-30,2,11944,12230158,East,1,1,10,31,0,0,0,0,0,0
STR_024,2021,6,22813490.38,3432,13423,Bangalore,Karnataka,Rural,Large Format,10000,2018-03-30,2,11944,12230158,East,0,0,8,30,5,0,0,0,0,0
STR_024,2021,7,24101238.31,3557,13860,Bangalore,Karnataka,Rural,Large Format,10000,2018-03-30,2,11944,12230158,East,0,0,9,31,0,6,0,0,0,0
STR_024,2021,8,24553261.25,3657,14639,Bangalore,Karnataka,Rural,Large Format,10000,2018-03-30,2,11944,12230158,East,1,1,9,31,5,0,0,0,0,0
STR_024,2021,9,24445931.38,3559,13822,Bangalore,Karnataka,Rural,Large Format,10000,2018-03-30,2,11944,12230158,East,0,0,8,30,0,0,0,0,4,0
STR_024,2021,10,24642806.03,3686,14575,Bangalore,Karnataka,Rural,Large Format,10000,2018-03-30,2,11944,12230158,East,1,1,10,31,0,8,0,0,0,0
STR_024,2021,11,21706461.79,3418,13512,Bangalore,Karnataka,Rural,Large Format,10000,2018-03-30,2,11944,12230158,East,1,1,8,30,12,0,0,0,0,0
STR_024,2021,12,24760838.2,3464,13921,Bangalore,Karnataka,Rural,Large Format,10000,2018-03-30,2,11944,12230158,East,1,1,8,31,0,0,0,0,0,0
STR_024,2022,1,25479917.18,3736,14772,Bangalore,Karnataka,Rural,Large Format,10000,2018-03-30,2,11944,12230158,East,2,2,10,31,0,0,0,0,0,5
STR_024,2022,2,20987178.08,3089,12129,Bangalore,Karnataka,Rural,Large Format,10000,2018-03-30,2,11944,12230158,East,0,0,8,28,0,0,0,0,0,0
STR_024,2022,3,24368033.92,3642,14223,Bangalore,Karnataka,Rural,Large Format,10000,2018-03-30,2,11944,12230158,East,1,1,8,31,0,0,0,0,9,0
STR_024,2022,4,23125664.33,3412,13193,Bangalore,Karnataka,Rural,Large Format,10000,2018-03-30,2,11944,12230158,East,0,0,9,30,0,0,12,0,0,0
STR_024,2022,5,24515878.82,3761,14914,Bangalore,Karnataka,Rural,Large Format,10000,2018-03-30,2,11944,12230158,East,1,1,9,31,0,14,0,0,0,0
STR_024,2022,6,22079148.81,3278,12876,Bangalore,Karnataka,Rural,Large Format,10000,2018-03-30,2,11944,12230158,East,0,0,8,30,0,0,0,0,0,0
STR_024,2022,7,23623918.47,3520,13939,Bangalore,Karnataka,Rural,Large Format,10000,2018-03-30,2,11944,12230158,East,0,0,10,31,0,0,0,0,12,0
STR_024,2022,8,24159569.52,3488,13915,Bangalore,Karnataka,Rural,Large Format,10000,2018-03-30,2,11944,12230158,East,1,1,8,31,0,0,0,0,0,0
STR_024,2022,9,22507672.29,3360,13389,Bangalore,Karnataka,Rural,Large Format,10000,2018-03-30,2,11944,12230158,East,0,0,8,30,0,11,0,0,0,0
STR_024,2022,10,24458573.18,3523,14208,Bangalore,Karnataka,Rural,Large Format,10000,2018-03-30,2,11944,12230158,East,2,2,10,31,0,0,0,0,10,0
STR_024,2022,11,23338004.4,3418,13402,Bangalore,Karnataka,Rural,Large Format,10000,2018-03-30,2,11944,12230158,East,0,0,8,30,0,0,0,0,0,0
STR_024,2022,12,27025620.28,3834,15476,Bangalore,Karnataka,Rural,Large Format,10000,2018-03-30,2,11944,12230158,East,1,1,9,31,0,0,0,0,0,4
STR_024,2023,1,26418539.09,3751,15299,Bangalore,Karnataka,Rural,Large Format,10000,2018-03-30,2,11944,12230158,East,2,2,9,31,0,4,0,0,0,0
STR_024,2023,2,23492636.84,3419,13478,Bangalore,Karnataka,Rural,Large Format,10000,2018-03-30,2,11944,12230158,East,0,0,8,28,0,0,0,0,0,0
STR_024,2023,3,26050684.62,3745,14949,Bangalore,Karnataka,Rural,Large Format,10000,2018-03-30,2,11944,12230158,East,1,1,8,31,0,0,0,0,5,0
STR_024,2023,4,25872647.77,3677,14717,Bangalore,Karnataka,Rural,Large Format,10000,2018-03-30,2,11944,12230158,East,1,1,10,30,0,0,0,0,0,0
STR_024,2023,5,20633863.34,3428,13214,Bangalore,Karnataka,Rural,Large Format,10000,2018-03-30,2,11944,12230158,East,0,0,8,31,16,0,0,0,0,0
STR_024,2023,6,21610285.17,3278,12736,Bangalore,Karnataka,Rural,Large Format,10000,2018-03-30,2,11944,12230158,East,0,0,8,30,5,0,0,0,0,0
STR_024,2023,7,24001449.53,3657,14359,Bangalore,Karnataka,Rural,Large Format,10000,2018-03-30,2,11944,12230158,East,0,0,10,31,0,14,0,0,0,0
STR_024,2023,8,24829320.06,3617,14271,Bangalore,Karnataka,Rural,Large Format,10000,2018-03-30,2,11944,12230158,East,1,1,8,31,0,0,5,0,0,0
STR_024,2023,9,21246856.99,3514,13585,Bangalore,Karnataka,Rural,Large Format,10000,2018-03-30,2,11944,12230158,East,0,0,9,30,16,0,0,0,0,0
STR_024,2023,10,25858243.73,3736,14961,Bangalore,Karnataka,Rural,Large Format,10000,2018-03-30,2,11944,12230158,East,1,1,9,31,0,0,6,0,0,0
STR_024,2023,11,25993535.62,3691,14850,Bangalore,Karnataka,Rural,Large Format,10000,2018-03-30,2,11944,12230158,East,1,1,8,30,0,0,0,0,0,0
STR_024,2023,12,22987380.74,3666,14298,Bangalore,Karnataka,Rural,Large Format,10000,2018-03-30,2,11944,12230158,East,1,1,10,31,11,0,0,0,0,0
STR_024,2024,1,25385630.86,3710,14867,Bangalore,Karnataka,Rural,Large Format,10000,2018-03-30,2,11944,12230158,East,2,2,8,31,0,0,0,0,13,0
STR_024,2024,2,23477068.12,3418,13522,Bangalore,Karnataka,Rural,Large Format,10000,2018-03-30,2,11944,12230158,East,0,0,8,29,0,0,0,0,2,0
STR_024,2024,3,26135002.96,3775,14902,Bangalore,Karnataka,Rural,Large Format,10000,2018-03-30,2,11944,12230158,East,1,1,10,31,0,0,0,0,0,0
STR_024,2024,4,22812499.88,3358,13279,Bangalore,Karnataka,Rural,Large Format,10000,2018-03-30,2,11944,12230158,East,1,1,8,30,0,5,0,0,0,0
STR_024,2024,5,25813568.82,3764,14812,Bangalore,Karnataka,Rural,Large Format,10000,2018-03-30,2,11944,12230158,East,0,0,8,31,0,0,0,6,0,0
STR_024,2024,6,23404435.9,3444,13477,Bangalore,Karnataka,Rural,Large Format,10000,2018-03-30,2,11944,12230158,East,0,0,10,30,0,0,0,0,16,0
STR_024,2024,7,23440915.96,3472,13568,Bangalore,Karnataka,Rural,Large Format,10000,2018-03-30,2,11944,12230158,East,0,0,8,31,0,0,0,12,0,0
STR_024,2024,8,25047598.78,3809,15164,Bangalore,Karnataka,Rural,Large Format,10000,2018-03-30,2,11944,12230158,East,1,1,9,31,0,16,0,0,0,0
STR_024,2024,9,21559982.47,3402,13287,Bangalore,Karnataka,Rural,Large Format,10000,2018-03-30,2,11944,12230158,East,0,0,9,30,13,0,0,0,0,0
STR_024,2024,10,23856393.71,3777,14961,Bangalore,Karnataka,Rural,Large Format,10000,2018-03-30,2,11944,12230158,East,2,2,8,31,14,0,0,0,0,0
STR_024,2024,11,24104788.48,3610,13943,Bangalore,Karnataka,Rural,Large Format,10000,2018-03-30,2,11944,12230158,East,0,0,9,30,0,0,0,13,0,0
STR_024,2024,12,25172386.15,3650,14510,Bangalore,Karnataka,Rural,Large Format,10000,2018-03-30,2,11944,12230158,East,1,1,9,31,0,0,0,11,0,0
STR_024,2025,1,25496657.76,3663,14624,Bangalore,Karnataka,Rural,Large Format,10000,2018-03-30,2,11944,12230158,East,2,2,8,31,0,0,0,0,0,0
STR_024,2025,2,23326739.27,3405,13332,Bangalore,Karnataka,Rural,Large Format,10000,2018-03-30,2,11944,12230158,East,0,0,8,28,0,0,0,0,0,0
STR_024,2025,3,24594256.72,3868,15532,Bangalore,Karnataka,Rural,Large Format,10000,2018-03-30,2,11944,12230158,East,2,2,10,31,16,0,0,0,0,0
STR_024,2025,4,21845022.1,3309,12888,Bangalore,Karnataka,Rural,Large Format,10000,2018-03-30,2,11944,12230158,East,0,0,8,30,4,0,0,0,0,0
STR_024,2025,5,24690144.32,3643,14223,Bangalore,Karnataka,Rural,Large Format,10000,2018-03-30,2,11944,12230158,East,0,0,9,31,0,0,9,0,0,0
STR_024,2025,6,23089063.09,3400,13222,Bangalore,Karnataka,Rural,Large Format,10000,2018-03-30,2,11944,12230158,East,0,0,9,30,0,0,0,0,0,0
STR_024,2025,7,23675066.05,3531,13930,Bangalore,Karnataka,Rural,Large Format,10000,2018-03-30,2,11944,12230158,East,0,0,8,31,0,0,14,0,0,0
STR_024,2025,8,24882598.38,3598,14263,Bangalore,Karnataka,Rural,Large Format,10000,2018-03-30,2,11944,12230158,East,1,1,10,31,0,0,0,0,0,0
STR_024,2025,9,22664582.5,3298,13007,Bangalore,Karnataka,Rural,Large Format,10000,2018-03-30,2,11944,12230158,East,0,0,8,30,0,0,0,0,10,0
STR_024,2025,10,25664586.8,3667,14803,Bangalore,Karnataka,Rural,Large Format,10000,2018-03-30,2,11944,12230158,East,2,2,8,31,0,0,0,0,0,13
STR_024,2025,11,23759333.17,3482,13536,Bangalore,Karnataka,Rural,Large Format,10000,2018-03-30,2,11944,12230158,East,0,0,10,30,0,0,0,0,0,0
STR_024,2025,12,24066175.47,3561,14056,Bangalore,Karnataka,Rural,Large Format,10000,2018-03-30,2,11944,12230158,East,1,1,8,31,0,0,0,13,0,0
STR_025,2021,1,28000074.55,3981,15937,Kolkata,West Bengal,Rural,Large Format,10000,2018-06-27,2,11499,13616822,South,2,2,10,31,0,0,0,0,0,0
STR_025,2021,2,19186146.69,3192,12436,Kolkata,West Bengal,Rural,Large Format,10000,2018-06-27,2,11499,13616822,South,0,0,8,28,14,0,0,0,0,0
STR_025,2021,3,24858475.11,3647,14520,Kolkata,West Bengal,Rural,Large Format,10000,2018-06-27,2,11499,13616822,South,1,1,8,31,0,5,0,0,0,0
STR_025,2021,4,23220348.84,3363,13296,Kolkata,West Bengal,Rural,Large Format,10000,2018-06-27,2,11499,13616822,South,0,0,8,30,0,0,0,4,0,0
STR_025,2021,5,25105781.66,3668,14384,Kolkata,West Bengal,Rural,Large Format,10000,2018-06-27,2,11499,13616822,South,1,1,10,31,0,0,0,0,0,0
STR_025,2021,6,22028570.96,3348,13240,Kolkata,West Bengal,Rural,Large Format,10000,2018-06-27,2,11499,13616822,South,0,0,8,30,6,0,0,0,0,0
STR_025,2021,7,24053054.38,3501,13606,Kolkata,West Bengal,Rural,Large Format,10000,2018-06-27,2,11499,13616822,South,0,0,9,31,0,0,0,0,0,0
STR_025,2021,8,25822744.05,3706,14647,Kolkata,West Bengal,Rural,Large Format,10000,2018-06-27,2,11499,13616822,South,1,1,9,31,0,0,0,0,0,0
STR_025,2021,9,23124154.19,3404,13536,Kolkata,West Bengal,Rural,Large Format,10000,2018-06-27,2,11499,13616822,South,0,0,8,30,0,0,0,0,0,14
STR_025,2021,10,24510233.22,3619,14182,Kolkata,West Bengal,Rural,Large Format,10000,2018-06-27,2,11499,13616822,South,1,1,10,31,0,0,12,0,0,0
STR_025,2021,11,23654477.18,3522,13837,Kolkata,West Bengal,Rural,Large Format,10000,2018-06-27,2,11499,13616822,South,1,1,8,30,0,0,4,16,0,0
STR_025,2021,12,25168021.69,3639,14522,Kolkata,West Bengal,Rural,Large Format,10000,2018-06-27,2,11499,13616822,South,1,1,8,31,0,0,0,0,0,12
STR_025,2022,1,26849665.89,3747,15122,Kolkata,West Bengal,Rural,Large Format,10000,2018-06-27,2,11499,13616822,South,2,2,10,31,0,0,0,0,0,0
STR_025,2022,2,20977013.4,3140,12339,Kolkata,West Bengal,Rural,Large Format,10000,2018-06-27,2,11499,13616822,South,0,0,8,28,0,7,0,0,0,0
STR_025,2022,3,23992580.49,3469,13808,Kolkata,West Bengal,Rural,Large Format,10000,2018-06-27,2,11499,13616822,South,1,1,8,31,0,0,0,0,0,0
STR_025,2022,4,22801130.47,3406,13199,Kolkata,West Bengal,Rural,Large Format,10000,2018-06-27,2,11499,13616822,South,0,0,9,30,0,0,0,0,0,13
STR_025,2022,5,23062479.69,3540,13940,Kolkata,West Bengal,Rural,Large Format,10000,2018-06-27,2,11499,13616822,South,1,1,9,31,10,0,0,0,0,0
STR_025,2022,6,23326845.24,3429,13334,Kolkata,West Bengal,Rural,Large Format,10000,2018-06-27,2,11499,13616822,South,0,0,8,30,0,0,0,0,0,0
STR_025,2022,7,24556504.12,3581,14015,Kolkata,West Bengal,Rural,Large Format,10000,2018-06-27,2,11499,13616822,South,0,0,10,31,0,0,0,0,0,0
STR_025,2022,8,24089569.35,3533,13778,Kolkata,West Bengal,Rural,Large Format,10000,2018-06-27,2,11499,13616822,South,1,1,8,31,0,0,0,6,0,0
STR_025,2022,9,23261549.02,3493,13767,Kolkata,West Bengal,Rural,Large Format,10000,2018-06-27,2,11499,13616822,South,0,0,8,30,0,0,12,0,0,0
STR_025,2022,10,26089460.53,3762,15071,Kolkata,West Bengal,Rural,Large Format,10000,2018-06-27,2,11499,13616822,South,2,2,10,31,0,0,0,0,5,0
STR_025,2022,11,22365648.76,3302,12989,Kolkata,West Bengal,Rural,Large Format,10000,2018-06-27,2,11499,13616822,South,0,0,8,30,0,0,0,10,0,0
STR_025,2022,12,26261190.64,3741,14855,Kolkata,West Bengal,Rural,Large Format,10000,2018-06-27,2,11499,13616822,South,1,1,9,31,0,0,0,0,0,0
STR_025,2023,1,27607935.29,3867,15817,Kolkata,West Bengal,Rural,Large Format,10000,2018-06-27,2,11499,13616822,South,2,2,9,31,0,0,0,0,0,4
STR_025,2023,2,21881391.6,3223,12647,Kolkata,West Bengal,Rural,Large Format,10000,2018-06-27,2,11499,13616822,South,0,0,8,28,0,0,0,13,0,0
STR_025,2023,3,22940541.1,3516,13941,Kolkata,West Bengal,Rural,Large Format,10000,2018-06-27,2,11499,13616822,South,1,1,8,31,6,0,0,2,0,0
STR_025,2023,4,24137300.61,3495,13859,Kolkata,West Bengal,Rural,Large Format,10000,2018-06-27,2,11499,13616822,South,1,1,10,30,0,0,0,4,0,0
STR_025,2023,5,23390947.48,3428,13281,Kolkata,West Bengal,Rural,Large Format,10000,2018-06-27,2,11499,13616822,South,0,0,8,31,0,0,0,0,0,0
STR_025,2023,6,23578586.41,3470,13412,Kolkata,West Bengal,Rural,Large Format,10000,2018-06-27,2,11499,13616822,South,0,0,8,30,0,0,0,0,0,0
STR_025,2023,7,23779140.87,3444,13654,Kolkata,West Bengal,Rural,Large Format,10000,2018-06-27,2,11499,13616822,South,0,0,10,31,0,0,0,0,0,0
STR_025,2023,8,22892312.55,3427,13769,Kolkata,West Bengal,Rural,Large Format,10000,2018-06-27,2,11499,13616822,South,1,1,8,31,7,0,0,0,0,0
STR_025,2023,9,22399968.0,3360,13349,Kolkata,West Bengal,Rural,Large Format,10000,2018-06-27,2,11499,13616822,South,0,0,9,30,7,0,0,0,0,0
STR_025,2023,10,25230442.37,3676,14404,Kolkata,West Bengal,Rural,Large Format,10000,2018-06-27,2,11499,13616822,South,1,1,9,31,0,0,8,0,0,0
STR_025,2023,11,25393483.51,3616,14576,Kolkata,West Bengal,Rural,Large Format,10000,2018-06-27,2,11499,13616822,South,1,1,8,30,0,0,0,0,0,0
STR_025,2023,12,25499791.56,3699,14722,Kolkata,West Bengal,Rural,Large Format,10000,2018-06-27,2,11499,13616822,South,1,1,10,31,0,0,0,0,0,14
STR_025,2024,1,24475025.14,3815,14876,Kolkata,West Bengal,Rural,Large Format,10000,2018-06-27,2,11499,13616822,South,2,2,8,31,0,16,0,0,0,0
STR_025,2024,2,22320712.11,3283,12974,Kolkata,West Bengal,Rural,Large Format,10000,2018-06-27,2,11499,13616822,South,0,0,8,29,0,0,13,0,0,0
STR_025,2024,3,24278748.45,3509,14103,Kolkata,West Bengal,Rural,Large Format,10000,2018-06-27,2,11499,13616822,South,1,1,10,31,0,0,0,0,4,0
STR_025,2024,4,24397992.47,3540,13868,Kolkata,West Bengal,Rural,Large Format,10000,2018-06-27,2,11499,13616822,South,1,1,8,30,0,0,0,0,0,0
STR_025,2024,5,23973961.18,3600,14096,Kolkata,West Bengal,Rural,Large Format,10000,2018-06-27,2,11499,13616822,South,0,0,8,31,0,8,0,0,0,0
STR_025,2024,6,23791581.38,3470,13673,Kolkata,West Bengal,Rural,Large Format,10000,2018-06-27,2,11499,13616822,South,0,0,10,30,0,0,0,0,0,0
STR_025,2024,7,23988032.64,3586,14286,Kolkata,West Bengal,Rural,Large Format,10000,2018-06-27,2,11499,13616822,South,0,0,8,31,6,0,0,0,0,0
STR_025,2024,8,24767008.96,3552,14351,Kolkata,West Bengal,Rural,Large Format,10000,2018-06-27,2,11499,13616822,South,1,1,9,31,0,0,0,0,0,0
STR_025,2024,9,22553504.95,3314,13025,Kolkata,West Bengal,Rural,Large Format,10000,2018-06-27,2,11499,13616822,South,0,0,9,30,0,0,8,0,0,0
STR_025,2024,10,25084804.46,3620,14470,Kolkata,West Bengal,Rural,Large Format,10000,2018-06-27,2,11499,13616822,South,2,2,8,31,0,0,0,0,0,0
STR_025,2024,11,23997937.5,3544,13911,Kolkata,West Bengal,Rural,Large Format,10000,2018-06-27,2,11499,13616822,South,0,0,9,30,0,0,0,5,0,0
STR_025,2024,12,24448000.47,3591,14096,Kolkata,West Bengal,Rural,Large Format,10000,2018-06-27,2,11499,13616822,South,1,1,9,31,0,0,0,0,4,0
STR_025,2025,1,25844929.3,3830,15178,Kolkata,West Bengal,Rural,Large Format,10000,2018-06-27,2,11499,13616822,South,2,2,8,31,0,0,0,16,0,0
STR_025,2025,2,22401407.0,3272,12861,Kolkata,West Bengal,Rural,Large Format,10000,2018-06-27,2,11499,13616822,South,0,0,8,28,0,0,0,0,0,0
STR_025,2025,3,27072037.48,3878,15520,Kolkata,West Bengal,Rural,Large Format,10000,2018-06-27,2,11499,13616822,South,2,2,10,31,0,0,0,0,6,0
STR_025,2025,4,22016732.77,3212,12594,Kolkata,West Bengal,Rural,Large Format,10000,2018-06-27,2,11499,13616822,South,0,0,8,30,0,0,0,12,0,0
STR_025,2025,5,24304655.93,3508,13849,Kolkata,West Bengal,Rural,Large Format,10000,2018-06-27,2,11499,13616822,South,0,0,9,31,0,0,0,7,0,0
STR_025,2025,6,23119312.02,3441,13421,Kolkata,West Bengal,Rural,Large Format,10000,2018-06-27,2,11499,13616822,South,0,0,9,30,0,0,0,9,0,0
STR_025,2025,7,22903055.46,3388,13139,Kolkata,West Bengal,Rural,Large Format,10000,2018-06-27,2,11499,13616822,South,0,0,8,31,0,0,0,9,0,0
STR_025,2025,8,25287564.98,3689,14542,Kolkata,West Bengal,Rural,Large Format,10000,2018-06-27,2,11499,13616822,South,1,1,10,31,0,0,0,0,0,0
STR_025,2025,9,23099253.51,3359,13234,Kolkata,West Bengal,Rural,Large Format,10000,2018-06-27,2,11499,13616822,South,0,0,8,30,0,5,0,0,0,0
STR_025,2025,10,24656389.47,3786,15062,Kolkata,West Bengal,Rural,Large Format,10000,2018-06-27,2,11499,13616822,South,2,2,8,31,11,0,0,0,0,0
STR_025,2025,11,23245359.54,3544,13744,Kolkata,West Bengal,Rural,Large Format,10000,2018-06-27,2,11499,13616822,South,0,0,10,30,0,0,0,0,14,0
STR_025,2025,12,23727258.14,3482,13869,Kolkata,West Bengal,Rural,Large Format,10000,2018-06-27,2,11499,13616822,South,1,1,8,31,0,0,0,14,0,0
STR_026,2021,1,10491816.2,1940,6083,Chennai,Tamil Nadu,Rural,Medium High-Street,5000,2019-06-17,6,3368,2352403,South,2,2,10,31,0,0,0,10,0,0
STR_026,2021,2,8778437.77,1676,5176,Chennai,Tamil Nadu,Rural,Medium High-Street,5000,2019-06-17,6,3368,2352403,South,0,0,8,28,0,0,0,0,0,13
STR_026,2021,3,9616335.96,1843,5804,Chennai,Tamil Nadu,Rural,Medium High-Street,5000,2019-06-17,6,3368,2352403,South,1,1,8,31,0,12,0,0,0,0
STR_026,2021,4,9261376.52,1732,5288,Chennai,Tamil Nadu,Rural,Medium High-Street,5000,2019-06-17,6,3368,2352403,South,0,0,8,30,0,2,0,0,0,0
STR_026,2021,5,9659528.49,1820,5502,Chennai,Tamil Nadu,Rural,Medium High-Street,5000,2019-06-17,6,3368,2352403,South,1,1,10,31,0,0,8,0,0,0
STR_026,2021,6,8710020.15,1740,5309,Chennai,Tamil Nadu,Rural,Medium High-Street,5000,2019-06-17,6,3368,2352403,South,0,0,8,30,0,13,0,0,0,0
STR_026,2021,7,9188683.44,1749,5263,Chennai,Tamil Nadu,Rural,Medium High-Street,5000,2019-06-17,6,3368,2352403,South,0,0,9,31,0,0,5,0,0,0
STR_026,2021,8,10312851.37,1860,5823,Chennai,Tamil Nadu,Rural,Medium High-Street,5000,2019-06-17,6,3368,2352403,South,1,1,9,31,0,0,0,0,8,0
STR_026,2021,9,9052473.26,1696,5237,Chennai,Tamil Nadu,Rural,Medium High-Street,5000,2019-06-17,6,3368,2352403,South,0,0,8,30,0,0,0,0,0,0
STR_026,2021,10,9898954.58,1816,5698,Chennai,Tamil Nadu,Rural,Medium High-Street,5000,2019-06-17,6,3368,2352403,South,1,1,10,31,0,0,0,0,0,0
STR_026,2021,11,9682794.79,1753,5514,Chennai,Tamil Nadu,Rural,Medium High-Street,5000,2019-06-17,6,3368,2352403,South,1,1,8,30,0,0,0,0,4,0
STR_026,2021,12,9149321.66,1740,5351,Chennai,Tamil Nadu,Rural,Medium High-Street,5000,2019-06-17,6,3368,2352403,South,1,1,8,31,0,6,0,0,0,0
STR_026,2022,1,10526648.2,1930,5996,Chennai,Tamil Nadu,Rural,Medium High-Street,5000,2019-06-17,6,3368,2352403,South,2,2,10,31,0,0,0,0,0,0
STR_026,2022,2,8667015.99,1638,4948,Chennai,Tamil Nadu,Rural,Medium High-Street,5000,2019-06-17,6,3368,2352403,South,0,0,8,28,0,0,0,12,0,0
STR_026,2022,3,9846721.44,1874,5749,Chennai,Tamil Nadu,Rural,Medium High-Street,5000,2019-06-17,6,3368,2352403,South,1,1,8,31,0,0,12,1,0,0
STR_026,2022,4,8902408.98,1738,5267,Chennai,Tamil Nadu,Rural,Medium High-Street,5000,2019-06-17,6,3368,2352403,South,0,0,9,30,0,0,0,0,15,0
STR_026,2022,5,9362588.05,1800,5492,Chennai,Tamil Nadu,Rural,Medium High-Street,5000,2019-06-17,6,3368,2352403,South,1,1,9,31,0,5,0,0,0,0
STR_026,2022,6,9352665.14,1731,5290,Chennai,Tamil Nadu,Rural,Medium High-Street,5000,2019-06-17,6,3368,2352403,South,0,0,8,30,0,0,0,0,0,0
STR_026,2022,7,9395869.07,1824,5461,Chennai,Tamil Nadu,Rural,Medium High-Street,5000,2019-06-17,6,3368,2352403,South,0,0,10,31,0,0,0,0,0,0
STR_026,2022,8,9136098.24,1775,5381,Chennai,Tamil Nadu,Rural,Medium High-Street,5000,2019-06-17,6,3368,2352403,South,1,1,8,31,0,0,0,16,0,0
STR_026,2022,9,9217906.86,1718,5186,Chennai,Tamil Nadu,Rural,Medium High-Street,5000,2019-06-17,6,3368,2352403,South,0,0,8,30,0,0,0,0,0,0
STR_026,2022,10,10676529.66,1945,6061,Chennai,Tamil Nadu,Rural,Medium High-Street,5000,2019-06-17,6,3368,2352403,South,2,2,10,31,0,0,0,0,5,0
STR_026,2022,11,8836763.05,1759,5381,Chennai,Tamil Nadu,Rural,Medium High-Street,5000,2019-06-17,6,3368,2352403,South,0,0,8,30,10,0,0,0,0,0
STR_026,2022,12,9751455.32,1827,5643,Chennai,Tamil Nadu,Rural,Medium High-Street,5000,2019-06-17,6,3368,2352403,South,1,1,9,31,0,0,0,0,0,9
STR_026,2023,1,10391679.5,1907,5953,Chennai,Tamil Nadu,Rural,Medium High-Street,5000,2019-06-17,6,3368,2352403,South,2,2,9,31,0,0,0,0,0,0
STR_026,2023,2,8146546.94,1601,4878,Chennai,Tamil Nadu,Rural,Medium High-Street,5000,2019-06-17,6,3368,2352403,South,0,0,8,28,0,9,0,0,0,0
STR_026,2023,3,8906930.31,1752,5443,Chennai,Tamil Nadu,Rural,Medium High-Street,5000,2019-06-17,6,3368,2352403,South,1,1,8,31,0,15,0,0,0,0
STR_026,2023,4,10012183.85,1860,5789,Chennai,Tamil Nadu,Rural,Medium High-Street,5000,2019-06-17,6,3368,2352403,South,1,1,10,30,0,0,0,0,0,0
STR_026,2023,5,8895784.92,1670,5118,Chennai,Tamil Nadu,Rural,Medium High-Street,5000,2019-06-17,6,3368,2352403,South,0,0,8,31,0,0,0,0,0,0
STR_026,2023,6,8151400.83,1552,4686,Chennai,Tamil Nadu,Rural,Medium High-Street,5000,2019-06-17,6,3368,2352403,South,0,0,8,30,0,0,0,0,0,0
STR_026,2023,7,8616948.58,1660,4948,Chennai,Tamil Nadu,Rural,Medium High-Street,5000,2019-06-17,6,3368,2352403,South,0,0,10,31,0,0,0,0,0,11
STR_026,2023,8,9729340.99,1800,5566,Chennai,Tamil Nadu,Rural,Medium High-Street,5000,2019-06-17,6,3368,2352403,South,1,1,8,31,0,0,0,0,0,0
STR_026,2023,9,8701830.72,1776,5405,Chennai,Tamil Nadu,Rural,Medium High-Street,5000,2019-06-17,6,3368,2352403,South,0,0,9,30,9,0,0,0,0,0
STR_026,2023,10,10016521.06,1836,5664,Chennai,Tamil Nadu,Rural,Medium High-Street,5000,2019-06-17,6,3368,2352403,South,1,1,9,31,0,0,0,0,0,0
STR_026,2023,11,9252187.31,1715,5325,Chennai,Tamil Nadu,Rural,Medium High-Street,5000,2019-06-17,6,3368,2352403,South,1,1,8,30,0,0,0,0,12,0
STR_026,2023,12,9840502.77,1853,5647,Chennai,Tamil Nadu,Rural,Medium High-Street,5000,2019-06-17,6,3368,2352403,South,1,1,10,31,0,0,8,0,0,0
STR_026,2024,1,10380703.9,1899,5907,Chennai,Tamil Nadu,Rural,Medium High-Street,5000,2019-06-17,6,3368,2352403,South,2,2,8,31,0,0,0,0,0,0
STR_026,2024,2,8635778.97,1631,5064,Chennai,Tamil Nadu,Rural,Medium High-Street,5000,2019-06-17,6,3368,2352403,South,0,0,8,29,0,0,0,0,9,0
STR_026,2024,3,9853581.64,1862,5690,Chennai,Tamil Nadu,Rural,Medium High-Street,5000,2019-06-17,6,3368,2352403,South,1,1,10,31,0,0,0,0,10,0
STR_026,2024,4,8851425.4,1678,5095,Chennai,Tamil Nadu,Rural,Medium High-Street,5000,2019-06-17,6,3368,2352403,South,1,1,8,30,0,0,0,0,0,5
STR_026,2024,5,9663930.12,1810,5668,Chennai,Tamil Nadu,Rural,Medium High-Street,5000,2019-06-17,6,3368,2352403,South,0,0,8,31,0,6,0,0,0,0
STR_026,2024,6,9330436.68,1789,5536,Chennai,Tamil Nadu,Rural,Medium High-Street,5000,2019-06-17,6,3368,2352403,South,0,0,10,30,7,0,0,0,0,0
STR_026,2024,7,9809485.65,1811,5508,Chennai,Tamil Nadu,Rural,Medium High-Street,5000,2019-06-17,6,3368,2352403,South,0,0,8,31,0,0,0,0,0,0
STR_026,2024,8,9348008.86,1781,5469,Chennai,Tamil Nadu,Rural,Medium High-Street,5000,2019-06-17,6,3368,2352403,South,1,1,9,31,0,0,0,0,4,0
STR_026,2024,9,8998142.86,1751,5295,Chennai,Tamil Nadu,Rural,Medium High-Street,5000,2019-06-17,6,3368,2352403,South,0,0,9,30,0,0,0,0,0,9
STR_026,2024,10,10140159.46,1871,5883,Chennai,Tamil Nadu,Rural,Medium High-Street,5000,2019-06-17,6,3368,2352403,South,2,2,8,31,0,0,0,0,0,5
STR_026,2024,11,9389544.7,1745,5297,Chennai,Tamil Nadu,Rural,Medium High-Street,5000,2019-06-17,6,3368,2352403,South,0,0,9,30,0,0,4,0,0,0
STR_026,2024,12,9518846.23,1830,5564,Chennai,Tamil Nadu,Rural,Medium High-Street,5000,2019-06-17,6,3368,2352403,South,1,1,9,31,0,0,0,0,9,0
STR_026,2025,1,10227368.81,1833,5775,Chennai,Tamil Nadu,Rural,Medium High-Street,5000,2019-06-17,6,3368,2352403,South,2,2,8,31,0,0,0,0,0,14
STR_026,2025,2,7921819.85,1552,4672,Chennai,Tamil Nadu,Rural,Medium High-Street,5000,2019-06-17,6,3368,2352403,South,0,0,8,28,0,8,0,0,0,0
STR_026,2025,3,10984869.43,2036,6376,Chennai,Tamil Nadu,Rural,Medium High-Street,5000,2019-06-17,6,3368,2352403,South,2,2,10,31,0,0,0,0,13,0
STR_026,2025,4,8507168.66,1603,4848,Chennai,Tamil Nadu,Rural,Medium High-Street,5000,2019-06-17,6,3368,2352403,South,0,0,8,30,0,0,0,0,0,0
STR_026,2025,5,9955538.1,1835,5698,Chennai,Tamil Nadu,Rural,Medium High-Street,5000,2019-06-17,6,3368,2352403,South,0,0,9,31,0,0,0,0,16,0
STR_026,2025,6,8703433.8,1637,4958,Chennai,Tamil Nadu,Rural,Medium High-Street,5000,2019-06-17,6,3368,2352403,South,0,0,9,30,0,0,0,0,0,0
STR_026,2025,7,9159700.49,1715,5147,Chennai,Tamil Nadu,Rural,Medium High-Street,5000,2019-06-17,6,3368,2352403,South,0,0,8,31,0,0,0,0,0,0
STR_026,2025,8,10163868.96,1881,5821,Chennai,Tamil Nadu,Rural,Medium High-Street,5000,2019-06-17,6,3368,2352403,South,1,1,10,31,0,0,0,16,0,0
STR_026,2025,9,8961941.43,1721,5255,Chennai,Tamil Nadu,Rural,Medium High-Street,5000,2019-06-17,6,3368,2352403,South,0,0,8,30,5,0,0,0,0,0
STR_026,2025,10,10614929.74,1936,6041,Chennai,Tamil Nadu,Rural,Medium High-Street,5000,2019-06-17,6,3368,2352403,South,2,2,8,31,0,0,8,0,0,0
STR_026,2025,11,8945831.07,1713,5184,Chennai,Tamil Nadu,Rural,Medium High-Street,5000,2019-06-17,6,3368,2352403,South,0,0,10,30,0,0,0,8,0,0
STR_026,2025,12,9187615.17,1743,5396,Chennai,Tamil Nadu,Rural,Medium High-Street,5000,2019-06-17,6,3368,2352403,South,1,1,8,31,0,0,0,0,0,8
STR_027,2021,1,25240097.44,3727,14818,Ahmedabad,Gujarat,Metro,Large Format,10000,2019-05-12,3,5886,6065042,East,2,2,10,31,0,4,0,0,0,0
STR_027,2021,2,21298343.08,3216,12506,Ahmedabad,Gujarat,Metro,Large Format,10000,2019-05-12,3,5886,6065042,East,0,0,8,28,0,0,0,13,0,0
STR_027,2021,3,24165982.78,3498,13943,Ahmedabad,Gujarat,Metro,Large Format,10000,2019-05-12,3,5886,6065042,East,1,1,8,31,0,0,11,2,0,0
STR_027,2021,4,22208763.14,3296,12977,Ahmedabad,Gujarat,Metro,Large Format,10000,2019-05-12,3,5886,6065042,East,0,0,8,30,0,0,0,0,0,12
STR_027,2021,5,25295608.41,3770,14816,Ahmedabad,Gujarat,Metro,Large Format,10000,2019-05-12,3,5886,6065042,East,1,1,10,31,0,0,0,0,10,0
STR_027,2021,6,22877868.56,3381,13198,Ahmedabad,Gujarat,Metro,Large Format,10000,2019-05-12,3,5886,6065042,East,0,0,8,30,0,0,0,0,0,0
STR_027,2021,7,24680246.46,3593,14187,Ahmedabad,Gujarat,Metro,Large Format,10000,2019-05-12,3,5886,6065042,East,0,0,9,31,0,0,0,0,0,0
STR_027,2021,8,25461643.31,3855,15387,Ahmedabad,Gujarat,Metro,Large Format,10000,2019-05-12,3,5886,6065042,East,1,1,9,31,6,0,0,0,0,0
STR_027,2021,9,23479243.93,3403,13386,Ahmedabad,Gujarat,Metro,Large Format,10000,2019-05-12,3,5886,6065042,East,0,0,8,30,0,0,8,0,0,0
STR_027,2021,10,24605429.61,3680,14657,Ahmedabad,Gujarat,Metro,Large Format,10000,2019-05-12,3,5886,6065042,East,1,1,10,31,6,0,0,0,0,0
STR_027,2021,11,24401992.65,3538,14110,Ahmedabad,Gujarat,Metro,Large Format,10000,2019-05-12,3,5886,6065042,East,1,1,8,30,0,0,0,0,0,0
STR_027,2021,12,25828277.19,3708,14815,Ahmedabad,Gujarat,Metro,Large Format,10000,2019-05-12,3,5886,6065042,East,1,1,8,31,0,0,0,11,0,0
STR_027,2022,1,27637901.08,3913,15623,Ahmedabad,Gujarat,Metro,Large Format,10000,2019-05-12,3,5886,6065042,East,2,2,10,31,0,0,0,0,0,0
STR_027,2022,2,22811103.29,3360,13093,Ahmedabad,Gujarat,Metro,Large Format,10000,2019-05-12,3,5886,6065042,East,0,0,8,28,0,0,0,0,0,14
STR_027,2022,3,24248833.5,3537,14199,Ahmedabad,Gujarat,Metro,Large Format,10000,2019-05-12,3,5886,6065042,East,1,1,8,31,7,0,0,0,0,0
STR_027,2022,4,21467345.59,3435,13580,Ahmedabad,Gujarat,Metro,Large Format,10000,2019-05-12,3,5886,6065042,East,0,0,9,30,13,0,0,0,0,0
STR_027,2022,5,26509756.02,3791,15095,Ahmedabad,Gujarat,Metro,Large Format,10000,2019-05-12,3,5886,6065042,East,1,1,9,31,0,0,0,0,0,11
STR_027,2022,6,22965121.3,3384,13165,Ahmedabad,Gujarat,Metro,Large Format,10000,2019-05-12,3,5886,6065042,East,0,0,8,30,0,0,0,0,0,0
STR_027,2022,7,24871346.22,3648,14418,Ahmedabad,Gujarat,Metro,Large Format,10000,2019-05-12,3,5886,6065042,East,0,0,10,31,0,0,0,10,0,0
STR_027,2022,8,24976144.95,3614,14369,Ahmedabad,Gujarat,Metro,Large Format,10000,2019-05-12,3,5886,6065042,East,1,1,8,31,0,0,0,0,0,9
STR_027,2022,9,23873630.02,3445,13538,Ahmedabad,Gujarat,Metro,Large Format,10000,2019-05-12,3,5886,6065042,East,0,0,8,30,0,0,0,0,0,0
STR_027,2022,10,24293967.61,3808,15154,Ahmedabad,Gujarat,Metro,Large Format,10000,2019-05-12,3,5886,6065042,East,2,2,10,31,11,0,0,0,0,0
STR_027,2022,11,23102169.8,3419,13453,Ahmedabad,Gujarat,Metro,Large Format,10000,2019-05-12,3,5886,6065042,East,0,0,8,30,0,0,0,0,8,0
STR_027,2022,12,25542352.17,3650,14501,Ahmedabad,Gujarat,Metro,Large Format,10000,2019-05-12,3,5886,6065042,East,1,1,9,31,0,0,0,0,0,0
STR_027,2023,1,25517033.59,3658,14643,Ahmedabad,Gujarat,Metro,Large Format,10000,2019-05-12,3,5886,6065042,East,2,2,9,31,0,0,15,0,0,0
STR_027,2023,2,22124304.86,3300,12833,Ahmedabad,Gujarat,Metro,Large Format,10000,2019-05-12,3,5886,6065042,East,0,0,8,28,0,0,0,8,0,0
STR_027,2023,3,25469109.15,3703,14639,Ahmedabad,Gujarat,Metro,Large Format,10000,2019-05-12,3,5886,6065042,East,1,1,8,31,0,0,0,0,0,0
STR_027,2023,4,23657892.47,3439,13616,Ahmedabad,Gujarat,Metro,Large Format,10000,2019-05-12,3,5886,6065042,East,1,1,10,30,0,0,0,0,0,14
STR_027,2023,5,24275692.12,3558,13976,Ahmedabad,Gujarat,Metro,Large Format,10000,2019-05-12,3,5886,6065042,East,0,0,8,31,0,0,0,0,12,0
STR_027,2023,6,22114322.97,3299,12930,Ahmedabad,Gujarat,Metro,Large Format,10000,2019-05-12,3,5886,6065042,East,0,0,8,30,0,0,0,10,0,0
STR_027,2023,7,22995729.82,3504,13933,Ahmedabad,Gujarat,Metro,Large Format,10000,2019-05-12,3,5886,6065042,East,0,0,10,31,10,0,0,0,0,0
STR_027,2023,8,24522948.23,3614,14133,Ahmedabad,Gujarat,Metro,Large Format,10000,2019-05-12,3,5886,6065042,East,1,1,8,31,0,0,0,0,10,0
STR_027,2023,9,22685533.27,3321,13071,Ahmedabad,Gujarat,Metro,Large Format,10000,2019-05-12,3,5886,6065042,East,0,0,9,30,0,0,0,0,13,0
STR_027,2023,10,23866513.28,3525,13910,Ahmedabad,Gujarat,Metro,Large Format,10000,2019-05-12,3,5886,6065042,East,1,1,9,31,0,0,0,0,4,0
STR_027,2023,11,24634738.32,3599,14379,Ahmedabad,Gujarat,Metro,Large Format,10000,2019-05-12,3,5886,6065042,East,1,1,8,30,0,0,0,0,0,4
STR_027,2023,12,23100350.48,3487,13923,Ahmedabad,Gujarat,Metro,Large Format,10000,2019-05-12,3,5886,6065042,East,1,1,10,31,0,13,0,0,0,0
STR_027,2024,1,26183608.45,3785,15161,Ahmedabad,Gujarat,Metro,Large Format,10000,2019-05-12,3,5886,6065042,East,2,2,8,31,0,0,0,0,0,0
STR_027,2024,2,22700229.33,3329,13013,Ahmedabad,Gujarat,Metro,Large Format,10000,2019-05-12,3,5886,6065042,East,0,0,8,29,0,0,0,0,0,6
STR_027,2024,3,25793746.87,3769,14882,Ahmedabad,Gujarat,Metro,Large Format,10000,2019-05-12,3,5886,6065042,East,1,1,10,31,0,0,0,0,6,0
STR_027,2024,4,21510155.15,3473,13793,Ahmedabad,Gujarat,Metro,Large Format,10000,2019-05-12,3,5886,6065042,East,1,1,8,30,16,0,0,0,0,0
STR_027,2024,5,24275630.77,3506,13866,Ahmedabad,Gujarat,Metro,Large Format,10000,2019-05-12,3,5886,6065042,East,0,0,8,31,0,0,0,0,0,4
STR_027,2024,6,22956057.06,3621,14218,Ahmedabad,Gujarat,Metro,Large Format,10000,2019-05-12,3,5886,6065042,East,0,0,10,30,12,0,0,0,0,0
STR_027,2024,7,24119999.89,3580,14000,Ahmedabad,Gujarat,Metro,Large Format,10000,2019-05-12,3,5886,6065042,East,0,0,8,31,3,0,0,0,0,0
STR_027,2024,8,24806016.99,3621,14173,Ahmedabad,Gujarat,Metro,Large Format,10000,2019-05-12,3,5886,6065042,East,1,1,9,31,0,0,0,8,0,0
STR_027,2024,9,22934705.27,3391,13144,Ahmedabad,Gujarat,Metro,Large Format,10000,2019-05-12,3,5886,6065042,East,0,0,9,30,0,0,0,0,0,0
STR_027,2024,10,26352840.95,3857,15451,Ahmedabad,Gujarat,Metro,Large Format,10000,2019-05-12,3,5886,6065042,East,2,2,8,31,0,0,0,0,14,0
STR_027,2024,11,23908271.46,3424,13496,Ahmedabad,Gujarat,Metro,Large Format,10000,2019-05-12,3,5886,6065042,East,0,0,9,30,0,0,0,0,0,0
STR_027,2024,12,24670958.58,3565,14168,Ahmedabad,Gujarat,Metro,Large Format,10000,2019-05-12,3,5886,6065042,East,1,1,9,31,0,0,0,0,0,0
STR_027,2025,1,23994815.16,3568,14305,Ahmedabad,Gujarat,Metro,Large Format,10000,2019-05-12,3,5886,6065042,East,2,2,8,31,0,8,0,0,0,0
STR_027,2025,2,21723075.34,3273,12680,Ahmedabad,Gujarat,Metro,Large Format,10000,2019-05-12,3,5886,6065042,East,0,0,8,28,0,4,0,0,0,0
STR_027,2025,3,25921606.24,3723,14899,Ahmedabad,Gujarat,Metro,Large Format,10000,2019-05-12,3,5886,6065042,East,2,2,10,31,0,0,0,4,0,0
STR_027,2025,4,23212692.84,3341,13229,Ahmedabad,Gujarat,Metro,Large Format,10000,2019-05-12,3,5886,6065042,East,0,0,8,30,0,0,0,0,0,0
STR_027,2025,5,25335727.18,3683,14450,Ahmedabad,Gujarat,Metro,Large Format,10000,2019-05-12,3,5886,6065042,East,0,0,9,31,0,0,0,0,0,0
STR_027,2025,6,23453708.86,3447,13593,Ahmedabad,Gujarat,Metro,Large Format,10000,2019-05-12,3,5886,6065042,East,0,0,9,30,0,0,0,14,0,0
STR_027,2025,7,23553994.65,3507,13748,Ahmedabad,Gujarat,Metro,Large Format,10000,2019-05-12,3,5886,6065042,East,0,0,8,31,0,10,0,0,0,0
STR_027,2025,8,25098576.96,3657,14530,Ahmedabad,Gujarat,Metro,Large Format,10000,2019-05-12,3,5886,6065042,East,1,1,10,31,0,0,0,0,9,0
STR_027,2025,9,23481599.3,3571,14247,Ahmedabad,Gujarat,Metro,Large Format,10000,2019-05-12,3,5886,6065042,East,0,0,8,30,10,0,0,0,0,0
STR_027,2025,10,25271125.75,3740,15023,Ahmedabad,Gujarat,Metro,Large Format,10000,2019-05-12,3,5886,6065042,East,2,2,8,31,0,11,0,0,0,0
STR_027,2025,11,23749279.9,3503,13697,Ahmedabad,Gujarat,Metro,Large Format,10000,2019-05-12,3,5886,6065042,East,0,0,10,30,0,0,0,0,0,8
STR_027,2025,12,24704508.1,3653,14405,Ahmedabad,Gujarat,Metro,Large Format,10000,2019-05-12,3,5886,6065042,East,1,1,8,31,0,0,0,0,8,0
STR_028,2021,1,5038849.63,747,3020,Ahmedabad,Gujarat,Metro,Mall Store,2000,2019-08-05,9,1426,1016257,East,2,2,10,31,0,0,0,0,0,15
STR_028,2021,2,4326845.22,654,2529,Ahmedabad,Gujarat,Metro,Mall Store,2000,2019-08-05,9,1426,1016257,East,0,0,8,28,0,0,0,5,0,0
STR_028,2021,3,4690004.4,700,2702,Ahmedabad,Gujarat,Metro,Mall Store,2000,2019-08-05,9,1426,1016257,East,1,1,8,31,0,0,0,0,0,0
STR_028,2021,4,4353426.63,664,2509,Ahmedabad,Gujarat,Metro,Mall Store,2000,2019-08-05,9,1426,1016257,East,0,0,8,30,0,0,0,0,0,0
STR_028,2021,5,5176011.05,732,2968,Ahmedabad,Gujarat,Metro,Mall Store,2000,2019-08-05,9,1426,1016257,East,1,1,10,31,0,0,5,0,0,0
STR_028,2021,6,4484519.66,685,2625,Ahmedabad,Gujarat,Metro,Mall Store,2000,2019-08-05,9,1426,1016257,East,0,0,8,30,0,0,0,5,0,0
STR_028,2021,7,4915827.4,721,2843,Ahmedabad,Gujarat,Metro,Mall Store,2000,2019-08-05,9,1426,1016257,East,0,0,9,31,0,0,0,0,0,0
STR_028,2021,8,5063617.49,726,2877,Ahmedabad,Gujarat,Metro,Mall Store,2000,2019-08-05,9,1426,1016257,East,1,1,9,31,0,0,0,0,13,0
STR_028,2021,9,4529133.38,683,2611,Ahmedabad,Gujarat,Metro,Mall Store,2000,2019-08-05,9,1426,1016257,East,0,0,8,30,0,0,0,0,1,0
STR_028,2021,10,5117517.98,741,2891,Ahmedabad,Gujarat,Metro,Mall Store,2000,2019-08-05,9,1426,1016257,East,1,1,10,31,0,0,0,0,10,0
STR_028,2021,11,4633818.98,677,2665,Ahmedabad,Gujarat,Metro,Mall Store,2000,2019-08-05,9,1426,1016257,East,1,1,8,30,0,0,0,0,0,0
STR_028,2021,12,5012962.8,736,2906,Ahmedabad,Gujarat,Metro,Mall Store,2000,2019-08-05,9,1426,1016257,East,1,1,8,31,0,0,0,0,9,0
STR_028,2022,1,5155576.96,718,2937,Ahmedabad,Gujarat,Metro,Mall Store,2000,2019-08-05,9,1426,1016257,East,2,2,10,31,0,0,0,0,0,5
STR_028,2022,2,4108819.48,620,2388,Ahmedabad,Gujarat,Metro,Mall Store,2000,2019-08-05,9,1426,1016257,East,0,0,8,28,0,0,0,6,0,0
STR_028,2022,3,4818213.18,714,2787,Ahmedabad,Gujarat,Metro,Mall Store,2000,2019-08-05,9,1426,1016257,East,1,1,8,31,0,0,0,0,0,0
STR_028,2022,4,4677542.36,650,2611,Ahmedabad,Gujarat,Metro,Mall Store,2000,2019-08-05,9,1426,1016257,East,0,0,9,30,0,0,0,0,0,6
STR_028,2022,5,5275809.63,748,3014,Ahmedabad,Gujarat,Metro,Mall Store,2000,2019-08-05,9,1426,1016257,East,1,1,9,31,0,0,6,0,0,0
STR_028,2022,6,4574892.22,659,2591,Ahmedabad,Gujarat,Metro,Mall Store,2000,2019-08-05,9,1426,1016257,East,0,0,8,30,0,0,4,0,0,0
STR_028,2022,7,4827445.86,687,2741,Ahmedabad,Gujarat,Metro,Mall Store,2000,2019-08-05,9,1426,1016257,East,0,0,10,31,0,0,0,16,0,0
STR_028,2022,8,4860785.53,714,2850,Ahmedabad,Gujarat,Metro,Mall Store,2000,2019-08-05,9,1426,1016257,East,1,1,8,31,0,6,0,0,0,0
STR_028,2022,9,4589637.06,679,2632,Ahmedabad,Gujarat,Metro,Mall Store,2000,2019-08-05,9,1426,1016257,East,0,0,8,30,0,0,0,0,0,0
STR_028,2022,10,4606680.46,712,2748,Ahmedabad,Gujarat,Metro,Mall Store,2000,2019-08-05,9,1426,1016257,East,2,2,10,31,4,0,0,0,0,0
STR_028,2022,11,4725146.28,688,2740,Ahmedabad,Gujarat,Metro,Mall Store,2000,2019-08-05,9,1426,1016257,East,0,0,8,30,0,0,0,0,0,11
STR_028,2022,12,4848429.68,740,2902,Ahmedabad,Gujarat,Metro,Mall Store,2000,2019-08-05,9,1426,1016257,East,1,1,9,31,0,0,15,0,0,0
STR_028,2023,1,5482299.44,784,3254,Ahmedabad,Gujarat,Metro,Mall Store,2000,2019-08-05,9,1426,1016257,East,2,2,9,31,4,0,0,0,0,0
STR_028,2023,2,4267984.0200000005,625,2397,Ahmedabad,Gujarat,Metro,Mall Store,2000,2019-08-05,9,1426,1016257,East,0,0,8,28,0,0,0,0,0,8
STR_028,2023,3,4426005.32,687,2571,Ahmedabad,Gujarat,Metro,Mall Store,2000,2019-08-05,9,1426,1016257,East,1,1,8,31,0,0,0,0,0,0
STR_028,2023,4,5088369.93,722,2898,Ahmedabad,Gujarat,Metro,Mall Store,2000,2019-08-05,9,1426,1016257,East,1,1,10,30,0,0,0,0,0,0
STR_028,2023,5,4825490.75,691,2754,Ahmedabad,Gujarat,Metro,Mall Store,2000,2019-08-05,9,1426,1016257,East,0,0,8,31,0,0,0,8,0,0
STR_028,2023,6,4526810.4799999995,696,2692,Ahmedabad,Gujarat,Metro,Mall Store,2000,2019-08-05,9,1426,1016257,East,0,0,8,30,6,0,0,0,0,0
STR_028,2023,7,4689734.72,717,2829,Ahmedabad,Gujarat,Metro,Mall Store,2000,2019-08-05,9,1426,1016257,East,0,0,10,31,0,10,0,0,0,0
STR_028,2023,8,4830787.21,710,2790,Ahmedabad,Gujarat,Metro,Mall Store,2000,2019-08-05,9,1426,1016257,East,1,1,8,31,0,0,0,13,0,0
STR_028,2023,9,4472673.18,673,2623,Ahmedabad,Gujarat,Metro,Mall Store,2000,2019-08-05,9,1426,1016257,East,0,0,9,30,0,0,0,0,0,11
STR_028,2023,10,4887847.88,702,2792,Ahmedabad,Gujarat,Metro,Mall Store,2000,2019-08-05,9,1426,1016257,East,1,1,9,31,0,0,0,8,0,5
STR_028,2023,11,4806746.63,696,2786,Ahmedabad,Gujarat,Metro,Mall Store,2000,2019-08-05,9,1426,1016257,East,1,1,8,30,0,0,0,0,0,0
STR_028,2023,12,5129309.25,746,2990,Ahmedabad,Gujarat,Metro,Mall Store,2000,2019-08-05,9,1426,1016257,East,1,1,10,31,10,0,0,0,0,0
STR_028,2024,1,4873861.86,707,2821,Ahmedabad,Gujarat,Metro,Mall Store,2000,2019-08-05,9,1426,1016257,East,2,2,8,31,0,0,0,4,0,0
STR_028,2024,2,4478585.75,658,2570,Ahmedabad,Gujarat,Metro,Mall Store,2000,2019-08-05,9,1426,1016257,East,0,0,8,29,0,8,0,0,0,0
STR_028,2024,3,4852468.17,734,2908,Ahmedabad,Gujarat,Metro,Mall Store,2000,2019-08-05,9,1426,1016257,East,1,1,10,31,0,0,0,0,12,0
STR_028,2024,4,4714007.28,671,2637,Ahmedabad,Gujarat,Metro,Mall Store,2000,2019-08-05,9,1426,1016257,East,1,1,8,30,0,0,0,0,0,0
STR_028,2024,5,4572711.76,696,2665,Ahmedabad,Gujarat,Metro,Mall Store,2000,2019-08-05,9,1426,1016257,East,0,0,8,31,0,0,7,0,0,0
STR_028,2024,6,4845834.63,691,2753,Ahmedabad,Gujarat,Metro,Mall Store,2000,2019-08-05,9,1426,1016257,East,0,0,10,30,0,0,0,0,0,0
STR_028,2024,7,4425851.13,663,2563,Ahmedabad,Gujarat,Metro,Mall Store,2000,2019-08-05,9,1426,1016257,East,0,0,8,31,0,0,0,0,0,15
STR_028,2024,8,4870499.17,708,2712,Ahmedabad,Gujarat,Metro,Mall Store,2000,2019-08-05,9,1426,1016257,East,1,1,9,31,0,0,0,0,9,0
STR_028,2024,9,4693601.48,678,2685,Ahmedabad,Gujarat,Metro,Mall Store,2000,2019-08-05,9,1426,1016257,East,0,0,9,30,0,0,0,0,16,0
STR_028,2024,10,5255789.21,747,2997,Ahmedabad,Gujarat,Metro,Mall Store,2000,2019-08-05,9,1426,1016257,East,2,2,8,31,0,0,0,0,0,0
STR_028,2024,11,4322741.82,651,2529,Ahmedabad,Gujarat,Metro,Mall Store,2000,2019-08-05,9,1426,1016257,East,0,0,9,30,9,0,0,0,0,0
STR_028,2024,12,5065809.82,717,2801,Ahmedabad,Gujarat,Metro,Mall Store,2000,2019-08-05,9,1426,1016257,East,1,1,9,31,0,0,0,0,10,0
STR_028,2025,1,5154028.47,718,2908,Ahmedabad,Gujarat,Metro,Mall Store,2000,2019-08-05,9,1426,1016257,East,2,2,8,31,0,0,0,0,0,0
STR_028,2025,2,3985779.7600000002,632,2479,Ahmedabad,Gujarat,Metro,Mall Store,2000,2019-08-05,9,1426,1016257,East,0,0,8,28,0,14,0,0,0,0
STR_028,2025,3,4957909.69,742,2945,Ahmedabad,Gujarat,Metro,Mall Store,2000,2019-08-05,9,1426,1016257,East,2,2,10,31,0,0,13,0,0,0
STR_028,2025,4,4553535.48,690,2741,Ahmedabad,Gujarat,Metro,Mall Store,2000,2019-08-05,9,1426,1016257,East,0,0,8,30,0,0,0,12,0,0
STR_028,2025,5,4550409.38,693,2707,Ahmedabad,Gujarat,Metro,Mall Store,2000,2019-08-05,9,1426,1016257,East,0,0,9,31,0,6,0,0,0,0
STR_028,2025,6,4384889.51,668,2556,Ahmedabad,Gujarat,Metro,Mall Store,2000,2019-08-05,9,1426,1016257,East,0,0,9,30,0,0,0,13,0,0
STR_028,2025,7,4857954.92,667,2717,Ahmedabad,Gujarat,Metro,Mall Store,2000,2019-08-05,9,1426,1016257,East,0,0,8,31,0,0,0,0,0,0
STR_028,2025,8,4994719.59,716,2889,Ahmedabad,Gujarat,Metro,Mall Store,2000,2019-08-05,9,1426,1016257,East,1,1,10,31,0,0,0,0,16,0
STR_028,2025,9,4688084.76,691,2668,Ahmedabad,Gujarat,Metro,Mall Store,2000,2019-08-05,9,1426,1016257,East,0,0,8,30,0,0,0,0,0,0
STR_028,2025,10,5287913.06,735,2995,Ahmedabad,Gujarat,Metro,Mall Store,2000,2019-08-05,9,1426,1016257,East,2,2,8,31,0,0,0,0,0,0
STR_028,2025,11,4465544.28,696,2680,Ahmedabad,Gujarat,Metro,Mall Store,2000,2019-08-05,9,1426,1016257,East,0,0,10,30,0,0,0,0,0,12
STR_028,2025,12,4508827.0,696,2758,Ahmedabad,Gujarat,Metro,Mall Store,2000,2019-08-05,9,1426,1016257,East,1,1,8,31,0,0,0,0,16,4
STR_029,2021,1,25871413.53,3813,15041,Chennai,Tamil Nadu,Metro,Large Format,10000,2015-03-26,10,11085,10087392,South,2,2,10,31,0,0,0,0,12,0
STR_029,2021,2,20855337.39,3054,11985,Chennai,Tamil Nadu,Metro,Large Format,10000,2015-03-26,10,11085,10087392,South,0,0,8,28,0,0,0,0,4,0
STR_029,2021,3,24718651.51,3689,14428,Chennai,Tamil Nadu,Metro,Large Format,10000,2015-03-26,10,11085,10087392,South,1,1,8,31,0,0,0,0,10,0
STR_029,2021,4,21489548.12,3374,13055,Chennai,Tamil Nadu,Metro,Large Format,10000,2015-03-26,10,11085,10087392,South,0,0,8,30,9,0,0,0,0,0
STR_029,2021,5,25548086.38,3730,14668,Chennai,Tamil Nadu,Metro,Large Format,10000,2015-03-26,10,11085,10087392,South,1,1,10,31,0,0,0,0,0,0
STR_029,2021,6,22609365.65,3336,12890,Chennai,Tamil Nadu,Metro,Large Format,10000,2015-03-26,10,11085,10087392,South,0,0,8,30,0,0,0,0,0,0
STR_029,2021,7,24916645.65,3692,14521,Chennai,Tamil Nadu,Metro,Large Format,10000,2015-03-26,10,11085,10087392,South,0,0,9,31,5,0,0,0,0,0
STR_029,2021,8,24844754.32,3563,14157,Chennai,Tamil Nadu,Metro,Large Format,10000,2015-03-26,10,11085,10087392,South,1,1,9,31,0,0,0,0,0,0
STR_029,2021,9,23262167.4,3492,13546,Chennai,Tamil Nadu,Metro,Large Format,10000,2015-03-26,10,11085,10087392,South,0,0,8,30,0,6,0,0,0,0
STR_029,2021,10,26087568.42,3846,15186,Chennai,Tamil Nadu,Metro,Large Format,10000,2015-03-26,10,11085,10087392,South,1,1,10,31,0,0,0,8,0,0
STR_029,2021,11,24543371.3,3565,14136,Chennai,Tamil Nadu,Metro,Large Format,10000,2015-03-26,10,11085,10087392,South,1,1,8,30,0,0,0,0,0,12
STR_029,2021,12,24336340.83,3709,14970,Chennai,Tamil Nadu,Metro,Large Format,10000,2015-03-26,10,11085,10087392,South,1,1,8,31,8,0,0,0,0,3
STR_029,2022,1,25495508.3,3739,14754,Chennai,Tamil Nadu,Metro,Large Format,10000,2015-03-26,10,11085,10087392,South,2,2,10,31,0,0,0,0,0,0
STR_029,2022,2,21052087.64,3171,12389,Chennai,Tamil Nadu,Metro,Large Format,10000,2015-03-26,10,11085,10087392,South,0,0,8,28,0,0,14,0,0,0
STR_029,2022,3,24635384.44,3673,14250,Chennai,Tamil Nadu,Metro,Large Format,10000,2015-03-26,10,11085,10087392,South,1,1,8,31,0,0,0,0,5,0
STR_029,2022,4,23406096.47,3459,13417,Chennai,Tamil Nadu,Metro,Large Format,10000,2015-03-26,10,11085,10087392,South,0,0,9,30,0,0,0,0,5,0
STR_029,2022,5,25176884.16,3664,14609,Chennai,Tamil Nadu,Metro,Large Format,10000,2015-03-26,10,11085,10087392,South,1,1,9,31,0,0,0,9,0,0
STR_029,2022,6,22788690.05,3352,13092,Chennai,Tamil Nadu,Metro,Large Format,10000,2015-03-26,10,11085,10087392,South,0,0,8,30,0,0,0,0,0,15
STR_029,2022,7,24292015.87,3787,14893,Chennai,Tamil Nadu,Metro,Large Format,10000,2015-03-26,10,11085,10087392,South,0,0,10,31,13,0,0,0,0,0
STR_029,2022,8,25492053.87,3705,14556,Chennai,Tamil Nadu,Metro,Large Format,10000,2015-03-26,10,11085,10087392,South,1,1,8,31,0,0,0,0,0,0
STR_029,2022,9,22795096.41,3334,13139,Chennai,Tamil Nadu,Metro,Large Format,10000,2015-03-26,10,11085,10087392,South,0,0,8,30,0,4,0,0,0,0
STR_029,2022,10,25381247.84,3700,14971,Chennai,Tamil Nadu,Metro,Large Format,10000,2015-03-26,10,11085,10087392,South,2,2,10,31,0,0,0,0,0,14
STR_029,2022,11,22119411.54,3370,13202,Chennai,Tamil Nadu,Metro,Large Format,10000,2015-03-26,10,11085,10087392,South,0,0,8,30,7,0,0,0,0,0
STR_029,2022,12,26150901.84,3756,15111,Chennai,Tamil Nadu,Metro,Large Format,10000,2015-03-26,10,11085,10087392,South,1,1,9,31,0,0,0,0,0,0
STR_029,2023,1,26433218.99,3912,15465,Chennai,Tamil Nadu,Metro,Large Format,10000,2015-03-26,10,11085,10087392,South,2,2,9,31,0,4,0,0,0,0
STR_029,2023,2,20833908.4,3101,12280,Chennai,Tamil Nadu,Metro,Large Format,10000,2015-03-26,10,11085,10087392,South,0,0,8,28,8,0,0,0,0,0
STR_029,2023,3,25025786.8,3606,14296,Chennai,Tamil Nadu,Metro,Large Format,10000,2015-03-26,10,11085,10087392,South,1,1,8,31,0,0,0,0,0,0
STR_029,2023,4,23818328.57,3620,14285,Chennai,Tamil Nadu,Metro,Large Format,10000,2015-03-26,10,11085,10087392,South,1,1,10,30,6,0,0,0,0,0
STR_029,2023,5,24826300.97,3643,14202,Chennai,Tamil Nadu,Metro,Large Format,10000,2015-03-26,10,11085,10087392,South,0,0,8,31,0,0,0,5,0,0
STR_029,2023,6,24590155.64,3576,13935,Chennai,Tamil Nadu,Metro,Large Format,10000,2015-03-26,10,11085,10087392,South,0,0,8,30,0,0,0,0,0,0
STR_029,2023,7,25654767.26,3742,14742,Chennai,Tamil Nadu,Metro,Large Format,10000,2015-03-26,10,11085,10087392,South,0,0,10,31,0,0,0,0,8,0
STR_029,2023,8,24941100.31,3605,14284,Chennai,Tamil Nadu,Metro,Large Format,10000,2015-03-26,10,11085,10087392,South,1,1,8,31,0,0,10,0,0,0
STR_029,2023,9,22616090.66,3327,12964,Chennai,Tamil Nadu,Metro,Large Format,10000,2015-03-26,10,11085,10087392,South,0,0,9,30,0,0,0,0,0,5
STR_029,2023,10,24780668.96,3641,14253,Chennai,Tamil Nadu,Metro,Large Format,10000,2015-03-26,10,11085,10087392,South,1,1,9,31,0,0,0,0,0,0
STR_029,2023,11,22728532.24,3524,14348,Chennai,Tamil Nadu,Metro,Large Format,10000,2015-03-26,10,11085,10087392,South,1,1,8,30,10,0,0,0,0,0
STR_029,2023,12,26923250.84,3833,15177,Chennai,Tamil Nadu,Metro,Large Format,10000,2015-03-26,10,11085,10087392,South,1,1,10,31,0,0,0,0,0,0
STR_029,2024,1,25303975.75,3737,14790,Chennai,Tamil Nadu,Metro,Large Format,10000,2015-03-26,10,11085,10087392,South,2,2,8,31,0,0,0,13,0,0
STR_029,2024,2,23327338.54,3404,13420,Chennai,Tamil Nadu,Metro,Large Format,10000,2015-03-26,10,11085,10087392,South,0,0,8,29,0,0,0,0,6,0
STR_029,2024,3,25887556.9,3760,14976,Chennai,Tamil Nadu,Metro,Large Format,10000,2015-03-26,10,11085,10087392,South,1,1,10,31,0,0,6,0,0,0
STR_029,2024,4,24981643.69,3657,14491,Chennai,Tamil Nadu,Metro,Large Format,10000,2015-03-26,10,11085,10087392,South,1,1,8,30,0,0,0,15,0,0
STR_029,2024,5,24742708.2,3518,13799,Chennai,Tamil Nadu,Metro,Large Format,10000,2015-03-26,10,11085,10087392,South,0,0,8,31,0,0,0,0,0,0
STR_029,2024,6,23525953.76,3529,13723,Chennai,Tamil Nadu,Metro,Large Format,10000,2015-03-26,10,11085,10087392,South,0,0,10,30,0,0,0,0,0,13
STR_029,2024,7,23189521.2,3416,13467,Chennai,Tamil Nadu,Metro,Large Format,10000,2015-03-26,10,11085,10087392,South,0,0,8,31,0,0,0,0,9,0
STR_029,2024,8,23728296.11,3628,14367,Chennai,Tamil Nadu,Metro,Large Format,10000,2015-03-26,10,11085,10087392,South,1,1,9,31,0,12,0,0,0,0
STR_029,2024,9,24182823.83,3452,13746,Chennai,Tamil Nadu,Metro,Large Format,10000,2015-03-26,10,11085,10087392,South,0,0,9,30,0,0,0,0,0,0
STR_029,2024,10,26482725.9,3816,15282,Chennai,Tamil Nadu,Metro,Large Format,10000,2015-03-26,10,11085,10087392,South,2,2,8,31,0,0,0,0,7,0
STR_029,2024,11,24250441.75,3630,14257,Chennai,Tamil Nadu,Metro,Large Format,10000,2015-03-26,10,11085,10087392,South,0,0,9,30,0,0,0,0,16,0
STR_029,2024,12,25569852.31,3665,14689,Chennai,Tamil Nadu,Metro,Large Format,10000,2015-03-26,10,11085,10087392,South,1,1,9,31,0,0,0,0,5,0
STR_029,2025,1,27257112.84,3850,15574,Chennai,Tamil Nadu,Metro,Large Format,10000,2015-03-26,10,11085,10087392,South,2,2,8,31,0,0,0,0,0,0
STR_029,2025,2,21840394.13,3180,12405,Chennai,Tamil Nadu,Metro,Large Format,10000,2015-03-26,10,11085,10087392,South,0,0,8,28,0,0,0,0,0,0
STR_029,2025,3,26638417.03,3759,15178,Chennai,Tamil Nadu,Metro,Large Format,10000,2015-03-26,10,11085,10087392,South,2,2,10,31,0,0,0,0,0,5
STR_029,2025,4,22084109.95,3374,13406,Chennai,Tamil Nadu,Metro,Large Format,10000,2015-03-26,10,11085,10087392,South,0,0,8,30,10,0,0,0,0,0
STR_029,2025,5,24619464.44,3544,14047,Chennai,Tamil Nadu,Metro,Large Format,10000,2015-03-26,10,11085,10087392,South,0,0,9,31,0,0,0,0,0,8
STR_029,2025,6,25525650.27,3694,14472,Chennai,Tamil Nadu,Metro,Large Format,10000,2015-03-26,10,11085,10087392,South,0,0,9,30,0,0,4,0,0,0
STR_029,2025,7,23355295.18,3458,13518,Chennai,Tamil Nadu,Metro,Large Format,10000,2015-03-26,10,11085,10087392,South,0,0,8,31,0,0,0,0,4,0
STR_029,2025,8,24668385.73,3599,14281,Chennai,Tamil Nadu,Metro,Large Format,10000,2015-03-26,10,11085,10087392,South,1,1,10,31,0,0,0,0,10,0
STR_029,2025,9,23737685.04,3527,14020,Chennai,Tamil Nadu,Metro,Large Format,10000,2015-03-26,10,11085,10087392,South,0,0,8,30,5,0,0,0,0,0
STR_029,2025,10,24957486.17,3584,14328,Chennai,Tamil Nadu,Metro,Large Format,10000,2015-03-26,10,11085,10087392,South,2,2,8,31,0,0,0,0,0,0
STR_029,2025,11,22572977.54,3296,13047,Chennai,Tamil Nadu,Metro,Large Format,10000,2015-03-26,10,11085,10087392,South,0,0,10,30,0,0,0,0,0,9
STR_029,2025,12,24615543.99,3586,14384,Chennai,Tamil Nadu,Metro,Large Format,10000,2015-03-26,10,11085,10087392,South,1,1,8,31,0,6,0,0,0,0
STR_030,2021,1,10339988.0,1885,5787,Ahmedabad,Gujarat,Rural,Medium High-Street,5000,2016-02-03,10,6852,9476934,East,2,2,10,31,0,0,0,0,0,0
STR_030,2021,2,7457931.21,1510,4608,Ahmedabad,Gujarat,Rural,Medium High-Street,5000,2016-02-03,10,6852,9476934,East,0,0,8,28,9,0,0,0,0,0
STR_030,2021,3,8984649.03,1686,5186,Ahmedabad,Gujarat,Rural,Medium High-Street,5000,2016-02-03,10,6852,9476934,East,1,1,8,31,0,0,0,0,0,16
STR_030,2021,4,8897495.47,1692,5101,Ahmedabad,Gujarat,Rural,Medium High-Street,5000,2016-02-03,10,6852,9476934,East,0,0,8,30,0,0,0,14,0,0
STR_030,2021,5,9875976.3,1809,5522,Ahmedabad,Gujarat,Rural,Medium High-Street,5000,2016-02-03,10,6852,9476934,East,1,1,10,31,0,0,0,0,0,0
STR_030,2021,6,8978939.31,1680,5259,Ahmedabad,Gujarat,Rural,Medium High-Street,5000,2016-02-03,10,6852,9476934,East,0,0,8,30,0,0,0,0,0,14
STR_030,2021,7,9279230.17,1776,5331,Ahmedabad,Gujarat,Rural,Medium High-Street,5000,2016-02-03,10,6852,9476934,East,0,0,9,31,0,0,0,0,0,0
STR_030,2021,8,9789221.07,1795,5578,Ahmedabad,Gujarat,Rural,Medium High-Street,5000,2016-02-03,10,6852,9476934,East,1,1,9,31,0,0,0,0,0,0
STR_030,2021,9,8794220.85,1692,5084,Ahmedabad,Gujarat,Rural,Medium High-Street,5000,2016-02-03,10,6852,9476934,East,0,0,8,30,0,4,0,0,0,0
STR_030,2021,10,9220455.15,1776,5453,Ahmedabad,Gujarat,Rural,Medium High-Street,5000,2016-02-03,10,6852,9476934,East,1,1,10,31,0,0,0,0,0,14
STR_030,2021,11,9818697.81,1847,5635,Ahmedabad,Gujarat,Rural,Medium High-Street,5000,2016-02-03,10,6852,9476934,East,1,1,8,30,0,0,8,0,0,0
STR_030,2021,12,9800273.37,1782,5516,Ahmedabad,Gujarat,Rural,Medium High-Street,5000,2016-02-03,10,6852,9476934,East,1,1,8,31,0,0,0,0,0,0
STR_030,2022,1,10990967.12,1989,6347,Ahmedabad,Gujarat,Rural,Medium High-Street,5000,2016-02-03,10,6852,9476934,East,2,2,10,31,0,0,0,0,0,6
STR_030,2022,2,8672780.41,1646,4989,Ahmedabad,Gujarat,Rural,Medium High-Street,5000,2016-02-03,10,6852,9476934,East,0,0,8,28,0,0,0,0,0,0
STR_030,2022,3,9791212.49,1840,5671,Ahmedabad,Gujarat,Rural,Medium High-Street,5000,2016-02-03,10,6852,9476934,East,1,1,8,31,0,0,0,0,0,16
STR_030,2022,4,9225772.81,1739,5288,Ahmedabad,Gujarat,Rural,Medium High-Street,5000,2016-02-03,10,6852,9476934,East,0,0,9,30,0,0,0,0,0,0
STR_030,2022,5,9221906.49,1768,5383,Ahmedabad,Gujarat,Rural,Medium High-Street,5000,2016-02-03,10,6852,9476934,East,1,1,9,31,0,0,0,11,0,0
STR_030,2022,6,8842558.46,1619,5064,Ahmedabad,Gujarat,Rural,Medium High-Street,5000,2016-02-03,10,6852,9476934,East,0,0,8,30,0,0,0,0,0,0
STR_030,2022,7,9566497.53,1887,5724,Ahmedabad,Gujarat,Rural,Medium High-Street,5000,2016-02-03,10,6852,9476934,East,0,0,10,31,0,11,0,0,0,0
STR_030,2022,8,9609742.47,1894,5684,Ahmedabad,Gujarat,Rural,Medium High-Street,5000,2016-02-03,10,6852,9476934,East,1,1,8,31,0,0,0,0,0,8
STR_030,2022,9,8260347.36,1659,5033,Ahmedabad,Gujarat,Rural,Medium High-Street,5000,2016-02-03,10,6852,9476934,East,0,0,8,30,0,12,0,0,0,0
STR_030,2022,10,9767405.29,1874,5695,Ahmedabad,Gujarat,Rural,Medium High-Street,5000,2016-02-03,10,6852,9476934,East,2,2,10,31,0,7,0,0,0,0
STR_030,2022,11,8639860.41,1634,5119,Ahmedabad,Gujarat,Rural,Medium High-Street,5000,2016-02-03,10,6852,9476934,East,0,0,8,30,0,0,0,0,0,11
STR_030,2022,12,9937233.86,1833,5687,Ahmedabad,Gujarat,Rural,Medium High-Street,5000,2016-02-03,10,6852,9476934,East,1,1,9,31,0,0,0,0,5,1
STR_030,2023,1,9728563.74,1848,5640,Ahmedabad,Gujarat,Rural,Medium High-Street,5000,2016-02-03,10,6852,9476934,East,2,2,9,31,0,0,0,0,0,0
STR_030,2023,2,8893491.86,1691,5108,Ahmedabad,Gujarat,Rural,Medium High-Street,5000,2016-02-03,10,6852,9476934,East,0,0,8,28,0,0,0,0,0,0
STR_030,2023,3,8922886.49,1760,5502,Ahmedabad,Gujarat,Rural,Medium High-Street,5000,2016-02-03,10,6852,9476934,East,1,1,8,31,0,16,0,0,0,0
STR_030,2023,4,10048250.22,1849,5796,Ahmedabad,Gujarat,Rural,Medium High-Street,5000,2016-02-03,10,6852,9476934,East,1,1,10,30,0,0,14,0,0,0
STR_030,2023,5,9157841.98,1680,5214,Ahmedabad,Gujarat,Rural,Medium High-Street,5000,2016-02-03,10,6852,9476934,East,0,0,8,31,0,0,0,0,0,0
STR_030,2023,6,8871494.01,1718,5287,Ahmedabad,Gujarat,Rural,Medium High-Street,5000,2016-02-03,10,6852,9476934,East,0,0,8,30,10,0,0,0,0,0
STR_030,2023,7,9741502.88,1820,5582,Ahmedabad,Gujarat,Rural,Medium High-Street,5000,2016-02-03,10,6852,9476934,East,0,0,10,31,0,0,0,0,0,0
STR_030,2023,8,9584559.97,1793,5470,Ahmedabad,Gujarat,Rural,Medium High-Street,5000,2016-02-03,10,6852,9476934,East,1,1,8,31,0,0,0,0,0,0
STR_030,2023,9,9291951.86,1759,5387,Ahmedabad,Gujarat,Rural,Medium High-Street,5000,2016-02-03,10,6852,9476934,East,0,0,9,30,0,0,9,0,0,0
STR_030,2023,10,9472867.0,1785,5451,Ahmedabad,Gujarat,Rural,Medium High-Street,5000,2016-02-03,10,6852,9476934,East,1,1,9,31,0,0,12,0,0,0
STR_030,2023,11,9206112.98,1754,5480,Ahmedabad,Gujarat,Rural,Medium High-Street,5000,2016-02-03,10,6852,9476934,East,1,1,8,30,0,12,0,0,0,0
STR_030,2023,12,10154988.0,1883,5742,Ahmedabad,Gujarat,Rural,Medium High-Street,5000,2016-02-03,10,6852,9476934,East,1,1,10,31,0,0,0,9,0,0
STR_030,2024,1,9966977.65,1852,5853,Ahmedabad,Gujarat,Rural,Medium High-Street,5000,2016-02-03,10,6852,9476934,East,2,2,8,31,0,6,0,0,0,0
STR_030,2024,2,8740096.34,1655,5129,Ahmedabad,Gujarat,Rural,Medium High-Street,5000,2016-02-03,10,6852,9476934,East,0,0,8,29,0,0,0,15,0,0
STR_030,2024,3,9462714.01,1785,5455,Ahmedabad,Gujarat,Rural,Medium High-Street,5000,2016-02-03,10,6852,9476934,East,1,1,10,31,0,0,0,0,0,4
STR_030,2024,4,9292267.64,1770,5559,Ahmedabad,Gujarat,Rural,Medium High-Street,5000,2016-02-03,10,6852,9476934,East,1,1,8,30,0,11,0,0,0,0
STR_030,2024,5,9287862.08,1769,5332,Ahmedabad,Gujarat,Rural,Medium High-Street,5000,2016-02-03,10,6852,9476934,East,0,0,8,31,0,0,0,0,0,7
STR_030,2024,6,8713547.91,1652,5062,Ahmedabad,Gujarat,Rural,Medium High-Street,5000,2016-02-03,10,6852,9476934,East,0,0,10,30,0,0,15,0,0,0
STR_030,2024,7,8613766.98,1744,5280,Ahmedabad,Gujarat,Rural,Medium High-Street,5000,2016-02-03,10,6852,9476934,East,0,0,8,31,10,0,0,0,0,0
STR_030,2024,8,9290045.11,1823,5676,Ahmedabad,Gujarat,Rural,Medium High-Street,5000,2016-02-03,10,6852,9476934,East,1,1,9,31,10,0,0,0,0,0
STR_030,2024,9,8318715.44,1637,4915,Ahmedabad,Gujarat,Rural,Medium High-Street,5000,2016-02-03,10,6852,9476934,East,0,0,9,30,0,0,0,0,0,0
STR_030,2024,10,10120111.21,1843,5758,Ahmedabad,Gujarat,Rural,Medium High-Street,5000,2016-02-03,10,6852,9476934,East,2,2,8,31,0,0,0,0,0,0
STR_030,2024,11,9510470.78,1805,5473,Ahmedabad,Gujarat,Rural,Medium High-Street,5000,2016-02-03,10,6852,9476934,East,0,0,9,30,0,0,0,0,0,0
STR_030,2024,12,10118523.85,1855,5816,Ahmedabad,Gujarat,Rural,Medium High-Street,5000,2016-02-03,10,6852,9476934,East,1,1,9,31,0,0,0,0,12,0
STR_030,2025,1,9776887.55,1851,5716,Ahmedabad,Gujarat,Rural,Medium High-Street,5000,2016-02-03,10,6852,9476934,East,2,2,8,31,0,0,13,0,0,0
STR_030,2025,2,8428925.4,1592,4829,Ahmedabad,Gujarat,Rural,Medium High-Street,5000,2016-02-03,10,6852,9476934,East,0,0,8,28,0,0,0,0,0,8
STR_030,2025,3,10012595.97,1855,5818,Ahmedabad,Gujarat,Rural,Medium High-Street,5000,2016-02-03,10,6852,9476934,East,2,2,10,31,0,0,0,0,5,0
STR_030,2025,4,8829882.21,1652,5068,Ahmedabad,Gujarat,Rural,Medium High-Street,5000,2016-02-03,10,6852,9476934,East,0,0,8,30,0,0,0,0,0,14
STR_030,2025,5,9764506.49,1815,5568,Ahmedabad,Gujarat,Rural,Medium High-Street,5000,2016-02-03,10,6852,9476934,East,0,0,9,31,0,0,0,0,12,0
STR_030,2025,6,9378539.52,1699,5320,Ahmedabad,Gujarat,Rural,Medium High-Street,5000,2016-02-03,10,6852,9476934,East,0,0,9,30,0,0,0,0,0,0
STR_030,2025,7,9125603.22,1703,5177,Ahmedabad,Gujarat,Rural,Medium High-Street,5000,2016-02-03,10,6852,9476934,East,0,0,8,31,0,0,0,0,0,0
STR_030,2025,8,9464970.46,1763,5463,Ahmedabad,Gujarat,Rural,Medium High-Street,5000,2016-02-03,10,6852,9476934,East,1,1,10,31,0,0,0,0,0,0
STR_030,2025,9,8450831.65,1659,5017,Ahmedabad,Gujarat,Rural,Medium High-Street,5000,2016-02-03,10,6852,9476934,East,0,0,8,30,6,0,0,0,0,0
STR_030,2025,10,10079101.93,1876,5882,Ahmedabad,Gujarat,Rural,Medium High-Street,5000,2016-02-03,10,6852,9476934,East,2,2,8,31,0,0,0,0,9,0
STR_030,2025,11,9549220.19,1771,5367,Ahmedabad,Gujarat,Rural,Medium High-Street,5000,2016-02-03,10,6852,9476934,East,0,0,10,30,0,0,0,0,0,0
STR_030,2025,12,9726797.89,1756,5568,Ahmedabad,Gujarat,Rural,Medium High-Street,5000,2016-02-03,10,6852,9476934,East,1,1,8,31,0,0,0,0,0,10
STR_031,2021,1,28044090.22,3967,15858,Pune,Maharashtra,Rural,Large Format,10000,2017-05-12,9,10200,11835836,North,2,2,10,31,0,0,0,0,6,0
STR_031,2021,2,21286366.14,3307,13013,Pune,Maharashtra,Rural,Large Format,10000,2017-05-12,9,10200,11835836,North,0,0,8,28,8,0,0,0,0,0
STR_031,2021,3,24429404.45,3569,14136,Pune,Maharashtra,Rural,Large Format,10000,2017-05-12,9,10200,11835836,North,1,1,8,31,0,0,0,0,0,7
STR_031,2021,4,22424157.62,3343,13008,Pune,Maharashtra,Rural,Large Format,10000,2017-05-12,9,10200,11835836,North,0,0,8,30,0,0,0,11,0,0
STR_031,2021,5,25897620.04,3719,14647,Pune,Maharashtra,Rural,Large Format,10000,2017-05-12,9,10200,11835836,North,1,1,10,31,0,0,0,0,0,13
STR_031,2021,6,23935720.39,3498,13706,Pune,Maharashtra,Rural,Large Format,10000,2017-05-12,9,10200,11835836,North,0,0,8,30,0,0,6,0,0,0
STR_031,2021,7,23490912.44,3477,13627,Pune,Maharashtra,Rural,Large Format,10000,2017-05-12,9,10200,11835836,North,0,0,9,31,0,0,0,0,5,0
STR_031,2021,8,26730465.35,3811,15132,Pune,Maharashtra,Rural,Large Format,10000,2017-05-12,9,10200,11835836,North,1,1,9,31,0,0,0,0,0,0
STR_031,2021,9,23049695.04,3409,13417,Pune,Maharashtra,Rural,Large Format,10000,2017-05-12,9,10200,11835836,North,0,0,8,30,0,0,16,0,0,0
STR_031,2021,10,24408943.94,3597,14348,Pune,Maharashtra,Rural,Large Format,10000,2017-05-12,9,10200,11835836,North,1,1,10,31,0,8,0,0,0,0
STR_031,2021,11,23824232.11,3448,13725,Pune,Maharashtra,Rural,Large Format,10000,2017-05-12,9,10200,11835836,North,1,1,8,30,0,0,0,11,0,0
STR_031,2021,12,23698170.78,3490,13788,Pune,Maharashtra,Rural,Large Format,10000,2017-05-12,9,10200,11835836,North,1,1,8,31,0,0,0,13,0,0
STR_031,2022,1,26620846.02,3871,15390,Pune,Maharashtra,Rural,Large Format,10000,2017-05-12,9,10200,11835836,North,2,2,10,31,0,0,0,0,5,0
STR_031,2022,2,21653730.73,3206,12585,Pune,Maharashtra,Rural,Large Format,10000,2017-05-12,9,10200,11835836,North,0,0,8,28,0,0,0,0,0,12
STR_031,2022,3,24310179.74,3523,13981,Pune,Maharashtra,Rural,Large Format,10000,2017-05-12,9,10200,11835836,North,1,1,8,31,0,0,0,0,0,0
STR_031,2022,4,23843329.84,3447,13607,Pune,Maharashtra,Rural,Large Format,10000,2017-05-12,9,10200,11835836,North,0,0,9,30,0,0,5,0,0,0
STR_031,2022,5,25821923.26,3795,14992,Pune,Maharashtra,Rural,Large Format,10000,2017-05-12,9,10200,11835836,North,1,1,9,31,0,0,0,0,16,0
STR_031,2022,6,23135884.4,3319,13184,Pune,Maharashtra,Rural,Large Format,10000,2017-05-12,9,10200,11835836,North,0,0,8,30,0,0,0,0,10,0
STR_031,2022,7,24328657.97,3674,14364,Pune,Maharashtra,Rural,Large Format,10000,2017-05-12,9,10200,11835836,North,0,0,10,31,0,0,0,16,0,0
STR_031,2022,8,25049113.61,3637,14250,Pune,Maharashtra,Rural,Large Format,10000,2017-05-12,9,10200,11835836,North,1,1,8,31,0,0,0,0,0,7
STR_031,2022,9,22613981.44,3283,12975,Pune,Maharashtra,Rural,Large Format,10000,2017-05-12,9,10200,11835836,North,0,0,8,30,0,0,0,0,0,0
STR_031,2022,10,25458206.49,3641,14567,Pune,Maharashtra,Rural,Large Format,10000,2017-05-12,9,10200,11835836,North,2,2,10,31,0,0,8,0,0,0
STR_031,2022,11,23755926.91,3512,13994,Pune,Maharashtra,Rural,Large Format,10000,2017-05-12,9,10200,11835836,North,0,0,8,30,0,0,0,0,13,0
STR_031,2022,12,25961188.58,3731,14971,Pune,Maharashtra,Rural,Large Format,10000,2017-05-12,9,10200,11835836,North,1,1,9,31,0,0,9,0,0,0
STR_031,2023,1,27855689.44,3927,15836,Pune,Maharashtra,Rural,Large Format,10000,2017-05-12,9,10200,11835836,North,2,2,9,31,0,0,0,0,5,0
STR_031,2023,2,20771330.21,3037,11937,Pune,Maharashtra,Rural,Large Format,10000,2017-05-12,9,10200,11835836,North,0,0,8,28,0,0,0,0,0,0
STR_031,2023,3,24725938.88,3636,14336,Pune,Maharashtra,Rural,Large Format,10000,2017-05-12,9,10200,11835836,North,1,1,8,31,0,0,0,0,0,13
STR_031,2023,4,22915460.24,3519,13706,Pune,Maharashtra,Rural,Large Format,10000,2017-05-12,9,10200,11835836,North,1,1,10,30,8,0,0,0,0,0
STR_031,2023,5,24552357.76,3542,14035,Pune,Maharashtra,Rural,Large Format,10000,2017-05-12,9,10200,11835836,North,0,0,8,31,0,0,0,0,0,0
STR_031,2023,6,23910110.29,3569,13901,Pune,Maharashtra,Rural,Large Format,10000,2017-05-12,9,10200,11835836,North,0,0,8,30,0,4,0,0,0,0
STR_031,2023,7,24381365.49,3563,13940,Pune,Maharashtra,Rural,Large Format,10000,2017-05-12,9,10200,11835836,North,0,0,10,31,0,0,0,0,0,0
STR_031,2023,8,23425710.56,3452,13765,Pune,Maharashtra,Rural,Large Format,10000,2017-05-12,9,10200,11835836,North,1,1,8,31,0,7,0,0,0,0
STR_031,2023,9,24547354.35,3603,14197,Pune,Maharashtra,Rural,Large Format,10000,2017-05-12,9,10200,11835836,North,0,0,9,30,0,0,0,0,6,0
STR_031,2023,10,24497921.13,3699,14494,Pune,Maharashtra,Rural,Large Format,10000,2017-05-12,9,10200,11835836,North,1,1,9,31,0,10,0,0,0,0
STR_031,2023,11,25365479.17,3632,14419,Pune,Maharashtra,Rural,Large Format,10000,2017-05-12,9,10200,11835836,North,1,1,8,30,0,0,0,0,0,0
STR_031,2023,12,24789989.62,3681,14409,Pune,Maharashtra,Rural,Large Format,10000,2017-05-12,9,10200,11835836,North,1,1,10,31,0,0,0,0,0,0
STR_031,2024,1,22812378.66,3550,14074,Pune,Maharashtra,Rural,Large Format,10000,2017-05-12,9,10200,11835836,North,2,2,8,31,9,0,0,0,0,0
STR_031,2024,2,20817449.86,3169,12403,Pune,Maharashtra,Rural,Large Format,10000,2017-05-12,9,10200,11835836,North,0,0,8,29,7,0,0,0,0,0
STR_031,2024,3,25035084.65,3656,14414,Pune,Maharashtra,Rural,Large Format,10000,2017-05-12,9,10200,11835836,North,1,1,10,31,0,0,0,0,0,6
STR_031,2024,4,23144356.63,3560,14241,Pune,Maharashtra,Rural,Large Format,10000,2017-05-12,9,10200,11835836,North,1,1,8,30,0,16,0,0,0,0
STR_031,2024,5,21529782.75,3370,12894,Pune,Maharashtra,Rural,Large Format,10000,2017-05-12,9,10200,11835836,North,0,0,8,31,0,13,0,0,0,0
STR_031,2024,6,22742555.26,3401,13326,Pune,Maharashtra,Rural,Large Format,10000,2017-05-12,9,10200,11835836,North,0,0,10,30,0,8,0,0,0,0
STR_031,2024,7,22125319.7,3486,13635,Pune,Maharashtra,Rural,Large Format,10000,2017-05-12,9,10200,11835836,North,0,0,8,31,11,0,0,0,0,0
STR_031,2024,8,23502690.23,3474,13672,Pune,Maharashtra,Rural,Large Format,10000,2017-05-12,9,10200,11835836,North,1,1,9,31,0,0,0,0,0,4
STR_031,2024,9,23800220.67,3459,13622,Pune,Maharashtra,Rural,Large Format,10000,2017-05-12,9,10200,11835836,North,0,0,9,30,0,0,0,0,0,6
STR_031,2024,10,26302845.63,3745,15087,Pune,Maharashtra,Rural,Large Format,10000,2017-05-12,9,10200,11835836,North,2,2,8,31,0,0,0,0,0,0
STR_031,2024,11,23506850.69,3462,13579,Pune,Maharashtra,Rural,Large Format,10000,2017-05-12,9,10200,11835836,North,0,0,9,30,0,0,0,0,0,8
STR_031,2024,12,23736174.46,3440,13529,Pune,Maharashtra,Rural,Large Format,10000,2017-05-12,9,10200,11835836,North,1,1,9,31,0,0,0,0,0,0
STR_031,2025,1,26612432.95,3788,15434,Pune,Maharashtra,Rural,Large Format,10000,2017-05-12,9,10200,11835836,North,2,2,8,31,0,0,0,0,0,4
STR_031,2025,2,21938158.51,3244,12655,Pune,Maharashtra,Rural,Large Format,10000,2017-05-12,9,10200,11835836,North,0,0,8,28,0,0,0,0,14,0
STR_031,2025,3,27133905.89,3817,15476,Pune,Maharashtra,Rural,Large Format,10000,2017-05-12,9,10200,11835836,North,2,2,10,31,0,0,0,0,2,0
STR_031,2025,4,21569548.5,3334,13061,Pune,Maharashtra,Rural,Large Format,10000,2017-05-12,9,10200,11835836,North,0,0,8,30,0,14,0,0,0,0
STR_031,2025,5,23473835.86,3494,13538,Pune,Maharashtra,Rural,Large Format,10000,2017-05-12,9,10200,11835836,North,0,0,9,31,0,0,0,4,0,0
STR_031,2025,6,24135488.94,3530,13907,Pune,Maharashtra,Rural,Large Format,10000,2017-05-12,9,10200,11835836,North,0,0,9,30,0,0,9,0,0,0
STR_031,2025,7,23877606.38,3521,13962,Pune,Maharashtra,Rural,Large Format,10000,2017-05-12,9,10200,11835836,North,0,0,8,31,0,9,0,0,0,0
STR_031,2025,8,24725774.23,3771,15026,Pune,Maharashtra,Rural,Large Format,10000,2017-05-12,9,10200,11835836,North,1,1,10,31,0,15,0,0,0,0
STR_031,2025,9,24791008.37,3601,14094,Pune,Maharashtra,Rural,Large Format,10000,2017-05-12,9,10200,11835836,North,0,0,8,30,0,0,0,4,0,0
STR_031,2025,10,24104825.64,3736,15024,Pune,Maharashtra,Rural,Large Format,10000,2017-05-12,9,10200,11835836,North,2,2,8,31,12,0,0,0,0,0
STR_031,2025,11,23369326.26,3624,14079,Pune,Maharashtra,Rural,Large Format,10000,2017-05-12,9,10200,11835836,North,0,0,10,30,8,0,0,0,0,0
STR_031,2025,12,24064958.39,3525,13714,Pune,Maharashtra,Rural,Large Format,10000,2017-05-12,9,10200,11835836,North,1,1,8,31,0,0,0,0,0,0
STR_032,2021,1,10176232.3,1862,5868,Kolkata,West Bengal,Rural,Medium High-Street,5000,2020-02-19,3,7349,7832973,North,2,2,10,31,0,0,0,0,11,0
STR_032,2021,2,8512475.61,1615,4882,Kolkata,West Bengal,Rural,Medium High-Street,5000,2020-02-19,3,7349,7832973,North,0,0,8,28,0,0,10,0,0,0
STR_032,2021,3,10071910.4,1808,5660,Kolkata,West Bengal,Rural,Medium High-Street,5000,2020-02-19,3,7349,7832973,North,1,1,8,31,0,0,0,0,0,0
STR_032,2021,4,8647623.13,1663,5103,Kolkata,West Bengal,Rural,Medium High-Street,5000,2020-02-19,3,7349,7832973,North,0,0,8,30,0,0,0,14,0,0
STR_032,2021,5,9591017.62,1879,5729,Kolkata,West Bengal,Rural,Medium High-Street,5000,2020-02-19,3,7349,7832973,North,1,1,10,31,0,0,0,0,0,13
STR_032,2021,6,9208913.46,1683,5232,Kolkata,West Bengal,Rural,Medium High-Street,5000,2020-02-19,3,7349,7832973,North,0,0,8,30,0,0,0,0,0,0
STR_032,2021,7,9179992.52,1723,5240,Kolkata,West Bengal,Rural,Medium High-Street,5000,2020-02-19,3,7349,7832973,North,0,0,9,31,0,0,0,0,0,0
STR_032,2021,8,10775484.73,1947,6047,Kolkata,West Bengal,Rural,Medium High-Street,5000,2020-02-19,3,7349,7832973,North,1,1,9,31,0,0,0,0,0,0
STR_032,2021,9,8642694.41,1717,5164,Kolkata,West Bengal,Rural,Medium High-Street,5000,2020-02-19,3,7349,7832973,North,0,0,8,30,0,7,0,0,0,0
STR_032,2021,10,9142086.63,1788,5473,Kolkata,West Bengal,Rural,Medium High-Street,5000,2020-02-19,3,7349,7832973,North,1,1,10,31,0,12,0,0,0,0
STR_032,2021,11,9307754.06,1770,5472,Kolkata,West Bengal,Rural,Medium High-Street,5000,2020-02-19,3,7349,7832973,North,1,1,8,30,0,10,0,0,0,0
STR_032,2021,12,9463755.38,1800,5550,Kolkata,West Bengal,Rural,Medium High-Street,5000,2020-02-19,3,7349,7832973,North,1,1,8,31,0,0,0,5,0,0
STR_032,2022,1,9490964.91,1903,5860,Kolkata,West Bengal,Rural,Medium High-Street,5000,2020-02-19,3,7349,7832973,North,2,2,10,31,13,0,0,0,0,0
STR_032,2022,2,8454874.44,1614,4996,Kolkata,West Bengal,Rural,Medium High-Street,5000,2020-02-19,3,7349,7832973,North,0,0,8,28,0,15,0,0,0,0
STR_032,2022,3,9584284.38,1829,5559,Kolkata,West Bengal,Rural,Medium High-Street,5000,2020-02-19,3,7349,7832973,North,1,1,8,31,0,0,5,0,0,0
STR_032,2022,4,9270388.06,1767,5322,Kolkata,West Bengal,Rural,Medium High-Street,5000,2020-02-19,3,7349,7832973,North,0,0,9,30,0,0,0,0,0,12
STR_032,2022,5,9693727.58,1772,5538,Kolkata,West Bengal,Rural,Medium High-Street,5000,2020-02-19,3,7349,7832973,North,1,1,9,31,0,0,0,0,0,6
STR_032,2022,6,9031408.41,1688,5113,Kolkata,West Bengal,Rural,Medium High-Street,5000,2020-02-19,3,7349,7832973,North,0,0,8,30,0,0,0,0,0,0
STR_032,2022,7,8813638.66,1797,5515,Kolkata,West Bengal,Rural,Medium High-Street,5000,2020-02-19,3,7349,7832973,North,0,0,10,31,13,0,0,0,0,0
STR_032,2022,8,9697495.79,1835,5589,Kolkata,West Bengal,Rural,Medium High-Street,5000,2020-02-19,3,7349,7832973,North,1,1,8,31,0,0,0,0,0,6
STR_032,2022,9,9199492.34,1740,5332,Kolkata,West Bengal,Rural,Medium High-Street,5000,2020-02-19,3,7349,7832973,North,0,0,8,30,0,0,0,8,0,0
STR_032,2022,10,10349467.38,1900,5809,Kolkata,West Bengal,Rural,Medium High-Street,5000,2020-02-19,3,7349,7832973,North,2,2,10,31,0,0,0,0,0,0
STR_032,2022,11,8637088.56,1686,5104,Kolkata,West Bengal,Rural,Medium High-Street,5000,2020-02-19,3,7349,7832973,North,0,0,8,30,0,9,0,0,0,0
STR_032,2022,12,10295922.57,1891,5925,Kolkata,West Bengal,Rural,Medium High-Street,5000,2020-02-19,3,7349,7832973,North,1,1,9,31,0,0,0,0,0,0
STR_032,2023,1,10652109.6,1925,6051,Kolkata,West Bengal,Rural,Medium High-Street,5000,2020-02-19,3,7349,7832973,North,2,2,9,31,0,0,0,0,0,0
STR_032,2023,2,8390433.56,1605,4888,Kolkata,West Bengal,Rural,Medium High-Street,5000,2020-02-19,3,7349,7832973,North,0,0,8,28,0,0,0,11,0,0
STR_032,2023,3,9234053.7,1689,5248,Kolkata,West Bengal,Rural,Medium High-Street,5000,2020-02-19,3,7349,7832973,North,1,1,8,31,0,0,0,0,0,0
STR_032,2023,4,9981183.05,1813,5719,Kolkata,West Bengal,Rural,Medium High-Street,5000,2020-02-19,3,7349,7832973,North,1,1,10,30,0,0,0,0,5,0
STR_032,2023,5,9326269.86,1756,5377,Kolkata,West Bengal,Rural,Medium High-Street,5000,2020-02-19,3,7349,7832973,North,0,0,8,31,0,0,0,0,0,0
STR_032,2023,6,8558150.16,1660,5055,Kolkata,West Bengal,Rural,Medium High-Street,5000,2020-02-19,3,7349,7832973,North,0,0,8,30,6,0,0,0,0,0
STR_032,2023,7,9548939.99,1786,5519,Kolkata,West Bengal,Rural,Medium High-Street,5000,2020-02-19,3,7349,7832973,North,0,0,10,31,0,0,5,0,0,0
STR_032,2023,8,10110758.35,1830,5752,Kolkata,West Bengal,Rural,Medium High-Street,5000,2020-02-19,3,7349,7832973,North,1,1,8,31,0,0,0,0,0,0
STR_032,2023,9,9446054.9,1801,5382,Kolkata,West Bengal,Rural,Medium High-Street,5000,2020-02-19,3,7349,7832973,North,0,0,9,30,0,0,0,0,0,0
STR_032,2023,10,9702525.99,1818,5661,Kolkata,West Bengal,Rural,Medium High-Street,5000,2020-02-19,3,7349,7832973,North,1,1,9,31,0,0,0,0,0,6
STR_032,2023,11,9324614.38,1775,5437,Kolkata,West Bengal,Rural,Medium High-Street,5000,2020-02-19,3,7349,7832973,North,1,1,8,30,0,0,8,0,0,0
STR_032,2023,12,9801301.53,1840,5659,Kolkata,West Bengal,Rural,Medium High-Street,5000,2020-02-19,3,7349,7832973,North,1,1,10,31,0,0,6,0,0,0
STR_032,2024,1,10424440.3,1950,6129,Kolkata,West Bengal,Rural,Medium High-Street,5000,2020-02-19,3,7349,7832973,North,2,2,8,31,0,0,0,14,0,0
STR_032,2024,2,8678057.26,1652,4992,Kolkata,West Bengal,Rural,Medium High-Street,5000,2020-02-19,3,7349,7832973,North,0,0,8,29,0,0,0,0,0,0
STR_032,2024,3,9613299.95,1878,5732,Kolkata,West Bengal,Rural,Medium High-Street,5000,2020-02-19,3,7349,7832973,North,1,1,10,31,6,0,0,0,0,0
STR_032,2024,4,9030491.71,1715,5251,Kolkata,West Bengal,Rural,Medium High-Street,5000,2020-02-19,3,7349,7832973,North,1,1,8,30,0,0,0,0,4,0
STR_032,2024,5,9215996.39,1770,5405,Kolkata,West Bengal,Rural,Medium High-Street,5000,2020-02-19,3,7349,7832973,North,0,0,8,31,0,0,0,0,0,0
STR_032,2024,6,9594513.15,1836,5497,Kolkata,West Bengal,Rural,Medium High-Street,5000,2020-02-19,3,7349,7832973,North,0,0,10,30,0,0,0,0,0,11
STR_032,2024,7,8962667.5,1712,5232,Kolkata,West Bengal,Rural,Medium High-Street,5000,2020-02-19,3,7349,7832973,North,0,0,8,31,0,0,0,0,0,4
STR_032,2024,8,10045427.78,1901,5764,Kolkata,West Bengal,Rural,Medium High-Street,5000,2020-02-19,3,7349,7832973,North,1,1,9,31,0,0,0,0,12,0
STR_032,2024,9,9061437.27,1733,5202,Kolkata,West Bengal,Rural,Medium High-Street,5000,2020-02-19,3,7349,7832973,North,0,0,9,30,0,0,0,0,0,8
STR_032,2024,10,10108105.05,1850,5782,Kolkata,West Bengal,Rural,Medium High-Street,5000,2020-02-19,3,7349,7832973,North,2,2,8,31,0,0,0,0,6,0
STR_032,2024,11,9475203.07,1772,5436,Kolkata,West Bengal,Rural,Medium High-Street,5000,2020-02-19,3,7349,7832973,North,0,0,9,30,0,0,0,0,10,0
STR_032,2024,12,9892386.58,1855,5730,Kolkata,West Bengal,Rural,Medium High-Street,5000,2020-02-19,3,7349,7832973,North,1,1,9,31,0,0,0,0,9,0
STR_032,2025,1,10137168.66,1862,5789,Kolkata,West Bengal,Rural,Medium High-Street,5000,2020-02-19,3,7349,7832973,North,2,2,8,31,0,0,0,0,0,0
STR_032,2025,2,8991846.41,1646,5046,Kolkata,West Bengal,Rural,Medium High-Street,5000,2020-02-19,3,7349,7832973,North,0,0,8,28,0,0,0,0,0,0
STR_032,2025,3,10641294.46,1914,6122,Kolkata,West Bengal,Rural,Medium High-Street,5000,2020-02-19,3,7349,7832973,North,2,2,10,31,0,0,0,0,0,0
STR_032,2025,4,8897975.77,1716,5253,Kolkata,West Bengal,Rural,Medium High-Street,5000,2020-02-19,3,7349,7832973,North,0,0,8,30,0,0,0,10,0,0
STR_032,2025,5,7940009.82,1707,5054,Kolkata,West Bengal,Rural,Medium High-Street,5000,2020-02-19,3,7349,7832973,North,0,0,9,31,14,0,0,0,0,0
STR_032,2025,6,8953884.12,1713,5197,Kolkata,West Bengal,Rural,Medium High-Street,5000,2020-02-19,3,7349,7832973,North,0,0,9,30,0,0,15,0,0,0
STR_032,2025,7,8949103.49,1713,5287,Kolkata,West Bengal,Rural,Medium High-Street,5000,2020-02-19,3,7349,7832973,North,0,0,8,31,4,0,0,0,0,0
STR_032,2025,8,10203173.11,1907,5876,Kolkata,West Bengal,Rural,Medium High-Street,5000,2020-02-19,3,7349,7832973,North,1,1,10,31,0,0,0,0,4,0
STR_032,2025,9,9185001.88,1692,5226,Kolkata,West Bengal,Rural,Medium High-Street,5000,2020-02-19,3,7349,7832973,North,0,0,8,30,0,0,0,0,0,5
STR_032,2025,10,9701776.18,1912,5980,Kolkata,West Bengal,Rural,Medium High-Street,5000,2020-02-19,3,7349,7832973,North,2,2,8,31,11,0,0,0,0,0
STR_032,2025,11,9048476.38,1730,5180,Kolkata,West Bengal,Rural,Medium High-Street,5000,2020-02-19,3,7349,7832973,North,0,0,10,30,0,0,0,0,0,0
STR_032,2025,12,9868322.0,1803,5670,Kolkata,West Bengal,Rural,Medium High-Street,5000,2020-02-19,3,7349,7832973,North,1,1,8,31,0,0,0,0,0,10
STR_033,2021,1,26473837.69,3859,15461,Pune,Maharashtra,Metro,Large Format,10000,2017-07-25,8,12128,18172631,South,2,2,10,31,0,0,0,12,0,0
STR_033,2021,2,22490294.39,3285,12837,Pune,Maharashtra,Metro,Large Format,10000,2017-07-25,8,12128,18172631,South,0,0,8,28,0,0,0,0,0,0
STR_033,2021,3,26972116.98,3833,15206,Pune,Maharashtra,Metro,Large Format,10000,2017-07-25,8,12128,18172631,South,1,1,8,31,0,0,0,0,0,0
STR_033,2021,4,23630582.84,3489,13662,Pune,Maharashtra,Metro,Large Format,10000,2017-07-25,8,12128,18172631,South,0,0,8,30,0,0,10,0,0,0
STR_033,2021,5,26250675.84,3813,15153,Pune,Maharashtra,Metro,Large Format,10000,2017-07-25,8,12128,18172631,South,1,1,10,31,0,5,0,0,0,0
STR_033,2021,6,24919574.55,3584,14331,Pune,Maharashtra,Metro,Large Format,10000,2017-07-25,8,12128,18172631,South,0,0,8,30,0,0,0,0,0,0
STR_033,2021,7,24920653.2,3586,14227,Pune,Maharashtra,Metro,Large Format,10000,2017-07-25,8,12128,18172631,South,0,0,9,31,0,0,0,0,0,0
STR_033,2021,8,25334627.18,3670,14561,Pune,Maharashtra,Metro,Large Format,10000,2017-07-25,8,12128,18172631,South,1,1,9,31,0,0,0,0,0,9
STR_033,2021,9,22571952.42,3383,13342,Pune,Maharashtra,Metro,Large Format,10000,2017-07-25,8,12128,18172631,South,0,0,8,30,0,0,0,0,0,15
STR_033,2021,10,25744038.8,3711,14831,Pune,Maharashtra,Metro,Large Format,10000,2017-07-25,8,12128,18172631,South,1,1,10,31,0,0,0,0,0,0
STR_033,2021,11,22703224.35,3565,14011,Pune,Maharashtra,Metro,Large Format,10000,2017-07-25,8,12128,18172631,South,1,1,8,30,13,0,0,0,0,0
STR_033,2021,12,24368875.12,3613,14590,Pune,Maharashtra,Metro,Large Format,10000,2017-07-25,8,12128,18172631,South,1,1,8,31,6,0,0,0,0,0
STR_033,2022,1,25414829.6,3672,14601,Pune,Maharashtra,Metro,Large Format,10000,2017-07-25,8,12128,18172631,South,2,2,10,31,0,0,0,0,0,0
STR_033,2022,2,19108979.58,3132,12238,Pune,Maharashtra,Metro,Large Format,10000,2017-07-25,8,12128,18172631,South,0,0,8,28,15,0,0,0,0,0
STR_033,2022,3,26063062.7,3752,15050,Pune,Maharashtra,Metro,Large Format,10000,2017-07-25,8,12128,18172631,South,1,1,8,31,0,0,0,7,0,0
STR_033,2022,4,23524225.82,3458,13655,Pune,Maharashtra,Metro,Large Format,10000,2017-07-25,8,12128,18172631,South,0,0,9,30,0,0,0,0,0,11
STR_033,2022,5,24802128.0,3625,14361,Pune,Maharashtra,Metro,Large Format,10000,2017-07-25,8,12128,18172631,South,1,1,9,31,0,0,0,11,0,1
STR_033,2022,6,22798132.3,3353,13251,Pune,Maharashtra,Metro,Large Format,10000,2017-07-25,8,12128,18172631,South,0,0,8,30,0,0,14,0,0,0
STR_033,2022,7,24196041.94,3671,14503,Pune,Maharashtra,Metro,Large Format,10000,2017-07-25,8,12128,18172631,South,0,0,10,31,6,0,0,0,0,0
STR_033,2022,8,23663526.19,3511,13719,Pune,Maharashtra,Metro,Large Format,10000,2017-07-25,8,12128,18172631,South,1,1,8,31,0,0,5,0,0,0
STR_033,2022,9,24036498.27,3536,13813,Pune,Maharashtra,Metro,Large Format,10000,2017-07-25,8,12128,18172631,South,0,0,8,30,0,0,0,0,0,13
STR_033,2022,10,26604899.17,3798,15312,Pune,Maharashtra,Metro,Large Format,10000,2017-07-25,8,12128,18172631,South,2,2,10,31,0,0,0,10,0,0
STR_033,2022,11,23261598.65,3418,13383,Pune,Maharashtra,Metro,Large Format,10000,2017-07-25,8,12128,18172631,South,0,0,8,30,0,0,0,7,0,0
STR_033,2022,12,24366405.47,3558,14367,Pune,Maharashtra,Metro,Large Format,10000,2017-07-25,8,12128,18172631,South,1,1,9,31,0,11,0,0,0,0
STR_033,2023,1,25863071.61,3672,14820,Pune,Maharashtra,Metro,Large Format,10000,2017-07-25,8,12128,18172631,South,2,2,9,31,0,0,0,0,0,0
STR_033,2023,2,23151054.94,3341,13209,Pune,Maharashtra,Metro,Large Format,10000,2017-07-25,8,12128,18172631,South,0,0,8,28,0,0,0,0,0,0
STR_033,2023,3,25484404.55,3737,14972,Pune,Maharashtra,Metro,Large Format,10000,2017-07-25,8,12128,18172631,South,1,1,8,31,0,8,0,0,0,0
STR_033,2023,4,26332309.6,3801,15192,Pune,Maharashtra,Metro,Large Format,10000,2017-07-25,8,12128,18172631,South,1,1,10,30,0,0,0,0,0,0
STR_033,2023,5,23530978.18,3526,13852,Pune,Maharashtra,Metro,Large Format,10000,2017-07-25,8,12128,18172631,South,0,0,8,31,0,8,0,0,0,0
STR_033,2023,6,22290215.99,3414,13371,Pune,Maharashtra,Metro,Large Format,10000,2017-07-25,8,12128,18172631,South,0,0,8,30,0,16,0,0,0,0
STR_033,2023,7,23689909.78,3480,13608,Pune,Maharashtra,Metro,Large Format,10000,2017-07-25,8,12128,18172631,South,0,0,10,31,0,0,4,0,0,0
STR_033,2023,8,23984195.56,3482,13817,Pune,Maharashtra,Metro,Large Format,10000,2017-07-25,8,12128,18172631,South,1,1,8,31,0,0,0,0,10,0
STR_033,2023,9,24716527.02,3522,13941,Pune,Maharashtra,Metro,Large Format,10000,2017-07-25,8,12128,18172631,South,0,0,9,30,0,0,0,0,0,0
STR_033,2023,10,25428197.43,3694,14817,Pune,Maharashtra,Metro,Large Format,10000,2017-07-25,8,12128,18172631,South,1,1,9,31,0,0,0,0,10,0
STR_033,2023,11,25352880.75,3644,14375,Pune,Maharashtra,Metro,Large Format,10000,2017-07-25,8,12128,18172631,South,1,1,8,30,0,0,0,0,0,0
STR_033,2023,12,25166054.56,3620,14315,Pune,Maharashtra,Metro,Large Format,10000,2017-07-25,8,12128,18172631,South,1,1,10,31,0,0,0,0,0,0
STR_033,2024,1,25815942.43,3760,15306,Pune,Maharashtra,Metro,Large Format,10000,2017-07-25,8,12128,18172631,South,2,2,8,31,0,9,0,0,0,0
STR_033,2024,2,22535054.29,3325,13024,Pune,Maharashtra,Metro,Large Format,10000,2017-07-25,8,12128,18172631,South,0,0,8,29,0,0,0,0,10,0
STR_033,2024,3,25254424.26,3817,15001,Pune,Maharashtra,Metro,Large Format,10000,2017-07-25,8,12128,18172631,South,1,1,10,31,6,0,0,0,0,0
STR_033,2024,4,23897812.07,3466,13810,Pune,Maharashtra,Metro,Large Format,10000,2017-07-25,8,12128,18172631,South,1,1,8,30,0,0,7,0,0,0
STR_033,2024,5,23611945.05,3451,13710,Pune,Maharashtra,Metro,Large Format,10000,2017-07-25,8,12128,18172631,South,0,0,8,31,0,0,0,4,0,0
STR_033,2024,6,23340438.94,3452,13513,Pune,Maharashtra,Metro,Large Format,10000,2017-07-25,8,12128,18172631,South,0,0,10,30,4,0,0,0,0,0
STR_033,2024,7,23966159.03,3528,13888,Pune,Maharashtra,Metro,Large Format,10000,2017-07-25,8,12128,18172631,South,0,0,8,31,0,0,11,0,0,0
STR_033,2024,8,24686645.07,3556,14165,Pune,Maharashtra,Metro,Large Format,10000,2017-07-25,8,12128,18172631,South,1,1,9,31,0,0,0,0,0,0
STR_033,2024,9,25030656.97,3655,14579,Pune,Maharashtra,Metro,Large Format,10000,2017-07-25,8,12128,18172631,South,0,0,9,30,0,0,0,0,8,0
STR_033,2024,10,26234842.27,3742,15018,Pune,Maharashtra,Metro,Large Format,10000,2017-07-25,8,12128,18172631,South,2,2,8,31,0,0,4,0,0,0
STR_033,2024,11,22707335.13,3397,13113,Pune,Maharashtra,Metro,Large Format,10000,2017-07-25,8,12128,18172631,South,0,0,9,30,0,0,0,0,8,0
STR_033,2024,12,24872449.92,3612,14478,Pune,Maharashtra,Metro,Large Format,10000,2017-07-25,8,12128,18172631,South,1,1,9,31,0,0,0,0,0,15
STR_033,2025,1,25033065.49,3623,14406,Pune,Maharashtra,Metro,Large Format,10000,2017-07-25,8,12128,18172631,South,2,2,8,31,0,0,0,0,0,0
STR_033,2025,2,22190933.95,3284,12898,Pune,Maharashtra,Metro,Large Format,10000,2017-07-25,8,12128,18172631,South,0,0,8,28,0,0,12,0,0,0
STR_033,2025,3,23756704.64,3705,14649,Pune,Maharashtra,Metro,Large Format,10000,2017-07-25,8,12128,18172631,South,2,2,10,31,12,0,0,0,0,0
STR_033,2025,4,23232713.35,3363,13268,Pune,Maharashtra,Metro,Large Format,10000,2017-07-25,8,12128,18172631,South,0,0,8,30,0,0,0,0,9,0
STR_033,2025,5,23477393.46,3452,13570,Pune,Maharashtra,Metro,Large Format,10000,2017-07-25,8,12128,18172631,South,0,0,9,31,0,0,0,12,0,0
STR_033,2025,6,23232253.75,3412,13232,Pune,Maharashtra,Metro,Large Format,10000,2017-07-25,8,12128,18172631,South,0,0,9,30,0,0,0,0,0,0
STR_033,2025,7,24164960.98,3535,13785,Pune,Maharashtra,Metro,Large Format,10000,2017-07-25,8,12128,18172631,South,0,0,8,31,0,0,0,0,0,0
STR_033,2025,8,24066470.41,3584,14145,Pune,Maharashtra,Metro,Large Format,10000,2017-07-25,8,12128,18172631,South,1,1,10,31,0,0,0,0,0,10
STR_033,2025,9,22465949.14,3290,13011,Pune,Maharashtra,Metro,Large Format,10000,2017-07-25,8,12128,18172631,South,0,0,8,30,0,0,0,0,6,0
STR_033,2025,10,26402200.14,3786,15191,Pune,Maharashtra,Metro,Large Format,10000,2017-07-25,8,12128,18172631,South,2,2,8,31,0,0,0,0,0,0
STR_033,2025,11,22047238.45,3566,13992,Pune,Maharashtra,Metro,Large Format,10000,2017-07-25,8,12128,18172631,South,0,0,10,30,12,0,0,0,0,0
STR_033,2025,12,24330770.96,3505,13891,Pune,Maharashtra,Metro,Large Format,10000,2017-07-25,8,12128,18172631,South,1,1,8,31,0,0,0,0,0,0
STR_034,2021,1,5121711.84,756,2969,Kolkata,West Bengal,Tier-2,Mall Store,2000,2017-06-25,4,2854,3625572,South,2,2,10,31,0,0,0,12,0,0
STR_034,2021,2,3965709.94,640,2450,Kolkata,West Bengal,Tier-2,Mall Store,2000,2017-06-25,4,2854,3625572,South,0,0,8,28,9,0,0,0,0,0
STR_034,2021,3,4661295.12,680,2657,Kolkata,West Bengal,Tier-2,Mall Store,2000,2017-06-25,4,2854,3625572,South,1,1,8,31,1,0,0,0,0,6
STR_034,2021,4,4173470.45,628,2493,Kolkata,West Bengal,Tier-2,Mall Store,2000,2017-06-25,4,2854,3625572,South,0,0,8,30,0,0,0,15,0,0
STR_034,2021,5,4615348.7,707,2856,Kolkata,West Bengal,Tier-2,Mall Store,2000,2017-06-25,4,2854,3625572,South,1,1,10,31,13,0,0,0,0,0
STR_034,2021,6,4217741.07,643,2551,Kolkata,West Bengal,Tier-2,Mall Store,2000,2017-06-25,4,2854,3625572,South,0,0,8,30,11,0,0,0,0,0
STR_034,2021,7,4581506.91,691,2695,Kolkata,West Bengal,Tier-2,Mall Store,2000,2017-06-25,4,2854,3625572,South,0,0,9,31,0,0,0,6,0,0
STR_034,2021,8,5087361.5,727,2934,Kolkata,West Bengal,Tier-2,Mall Store,2000,2017-06-25,4,2854,3625572,South,1,1,9,31,0,0,0,4,0,0
STR_034,2021,9,4479460.7,687,2735,Kolkata,West Bengal,Tier-2,Mall Store,2000,2017-06-25,4,2854,3625572,South,0,0,8,30,0,13,0,0,0,0
STR_034,2021,10,5070937.25,727,2893,Kolkata,West Bengal,Tier-2,Mall Store,2000,2017-06-25,4,2854,3625572,South,1,1,10,31,0,0,0,0,0,0
STR_034,2021,11,4654866.94,677,2709,Kolkata,West Bengal,Tier-2,Mall Store,2000,2017-06-25,4,2854,3625572,South,1,1,8,30,0,0,0,0,0,9
STR_034,2021,12,5081147.01,725,2926,Kolkata,West Bengal,Tier-2,Mall Store,2000,2017-06-25,4,2854,3625572,South,1,1,8,31,0,0,0,0,0,0
STR_034,2022,1,4789232.78,745,2943,Kolkata,West Bengal,Tier-2,Mall Store,2000,2017-06-25,4,2854,3625572,South,2,2,10,31,0,16,0,0,0,0
STR_034,2022,2,4369442.43,614,2449,Kolkata,West Bengal,Tier-2,Mall Store,2000,2017-06-25,4,2854,3625572,South,0,0,8,28,0,0,0,0,0,0
STR_034,2022,3,4873190.63,694,2827,Kolkata,West Bengal,Tier-2,Mall Store,2000,2017-06-25,4,2854,3625572,South,1,1,8,31,0,0,0,0,0,0
STR_034,2022,4,4498086.55,675,2505,Kolkata,West Bengal,Tier-2,Mall Store,2000,2017-06-25,4,2854,3625572,South,0,0,9,30,0,0,0,0,0,0
STR_034,2022,5,5162329.59,708,2897,Kolkata,West Bengal,Tier-2,Mall Store,2000,2017-06-25,4,2854,3625572,South,1,1,9,31,0,0,0,8,0,0
STR_034,2022,6,4486412.69,670,2596,Kolkata,West Bengal,Tier-2,Mall Store,2000,2017-06-25,4,2854,3625572,South,0,0,8,30,0,0,0,0,0,0
STR_034,2022,7,5131790.38,744,2921,Kolkata,West Bengal,Tier-2,Mall Store,2000,2017-06-25,4,2854,3625572,South,0,0,10,31,0,0,0,0,0,0
STR_034,2022,8,4748450.04,724,2830,Kolkata,West Bengal,Tier-2,Mall Store,2000,2017-06-25,4,2854,3625572,South,1,1,8,31,0,4,0,0,0,0
STR_034,2022,9,4607561.21,664,2568,Kolkata,West Bengal,Tier-2,Mall Store,2000,2017-06-25,4,2854,3625572,South,0,0,8,30,0,0,0,0,0,0
STR_034,2022,10,4415672.35,708,2814,Kolkata,West Bengal,Tier-2,Mall Store,2000,2017-06-25,4,2854,3625572,South,2,2,10,31,12,0,0,0,0,0
STR_034,2022,11,4406164.2,663,2588,Kolkata,West Bengal,Tier-2,Mall Store,2000,2017-06-25,4,2854,3625572,South,0,0,8,30,1,0,0,0,0,0
STR_034,2022,12,4821052.01,703,2806,Kolkata,West Bengal,Tier-2,Mall Store,2000,2017-06-25,4,2854,3625572,South,1,1,9,31,0,0,0,0,13,0
STR_034,2023,1,5125314.71,720,2905,Kolkata,West Bengal,Tier-2,Mall Store,2000,2017-06-25,4,2854,3625572,South,2,2,9,31,0,0,15,0,0,0
STR_034,2023,2,4229977.06,635,2543,Kolkata,West Bengal,Tier-2,Mall Store,2000,2017-06-25,4,2854,3625572,South,0,0,8,28,0,9,0,0,0,0
STR_034,2023,3,4879604.43,706,2776,Kolkata,West Bengal,Tier-2,Mall Store,2000,2017-06-25,4,2854,3625572,South,1,1,8,31,0,3,0,0,0,0
STR_034,2023,4,4801552.86,717,2797,Kolkata,West Bengal,Tier-2,Mall Store,2000,2017-06-25,4,2854,3625572,South,1,1,10,30,5,0,0,0,0,0
STR_034,2023,5,4878351.22,720,2800,Kolkata,West Bengal,Tier-2,Mall Store,2000,2017-06-25,4,2854,3625572,South,0,0,8,31,0,0,0,0,0,0
STR_034,2023,6,4366213.13,676,2641,Kolkata,West Bengal,Tier-2,Mall Store,2000,2017-06-25,4,2854,3625572,South,0,0,8,30,0,13,0,0,0,0
STR_034,2023,7,4598105.25,679,2678,Kolkata,West Bengal,Tier-2,Mall Store,2000,2017-06-25,4,2854,3625572,South,0,0,10,31,0,4,0,0,0,0
STR_034,2023,8,5191199.53,719,2944,Kolkata,West Bengal,Tier-2,Mall Store,2000,2017-06-25,4,2854,3625572,South,1,1,8,31,0,0,0,0,0,0
STR_034,2023,9,4602637.39,689,2673,Kolkata,West Bengal,Tier-2,Mall Store,2000,2017-06-25,4,2854,3625572,South,0,0,9,30,0,7,0,0,0,0
STR_034,2023,10,5133955.67,745,2989,Kolkata,West Bengal,Tier-2,Mall Store,2000,2017-06-25,4,2854,3625572,South,1,1,9,31,0,0,0,0,0,0
STR_034,2023,11,4912172.68,703,2903,Kolkata,West Bengal,Tier-2,Mall Store,2000,2017-06-25,4,2854,3625572,South,1,1,8,30,0,0,0,0,0,0
STR_034,2023,12,4996920.59,723,2890,Kolkata,West Bengal,Tier-2,Mall Store,2000,2017-06-25,4,2854,3625572,South,1,1,10,31,0,0,0,0,0,8
STR_034,2024,1,5013434.36,733,2891,Kolkata,West Bengal,Tier-2,Mall Store,2000,2017-06-25,4,2854,3625572,South,2,2,8,31,0,0,0,0,0,0
STR_034,2024,2,4361859.04,641,2482,Kolkata,West Bengal,Tier-2,Mall Store,2000,2017-06-25,4,2854,3625572,South,0,0,8,29,0,0,0,0,0,0
STR_034,2024,3,5032963.54,729,2834,Kolkata,West Bengal,Tier-2,Mall Store,2000,2017-06-25,4,2854,3625572,South,1,1,10,31,0,0,0,7,0,0
STR_034,2024,4,4582687.32,704,2793,Kolkata,West Bengal,Tier-2,Mall Store,2000,2017-06-25,4,2854,3625572,South,1,1,8,30,0,14,0,0,0,0
STR_034,2024,5,4450990.92,723,2805,Kolkata,West Bengal,Tier-2,Mall Store,2000,2017-06-25,4,2854,3625572,South,0,0,8,31,14,0,0,0,0,0
STR_034,2024,6,4603538.14,680,2618,Kolkata,West Bengal,Tier-2,Mall Store,2000,2017-06-25,4,2854,3625572,South,0,0,10,30,0,0,0,0,0,0
STR_034,2024,7,4607580.39,704,2719,Kolkata,West Bengal,Tier-2,Mall Store,2000,2017-06-25,4,2854,3625572,South,0,0,8,31,0,0,0,16,0,0
STR_034,2024,8,4593093.12,733,2918,Kolkata,West Bengal,Tier-2,Mall Store,2000,2017-06-25,4,2854,3625572,South,1,1,9,31,16,0,0,0,0,0
STR_034,2024,9,4506322.04,671,2631,Kolkata,West Bengal,Tier-2,Mall Store,2000,2017-06-25,4,2854,3625572,South,0,0,9,30,0,0,0,0,0,5
STR_034,2024,10,5153921.83,750,3019,Kolkata,West Bengal,Tier-2,Mall Store,2000,2017-06-25,4,2854,3625572,South,2,2,8,31,0,0,0,0,8,0
STR_034,2024,11,4571150.94,665,2607,Kolkata,West Bengal,Tier-2,Mall Store,2000,2017-06-25,4,2854,3625572,South,0,0,9,30,0,0,0,0,0,0
STR_034,2024,12,4889803.87,726,2863,Kolkata,West Bengal,Tier-2,Mall Store,2000,2017-06-25,4,2854,3625572,South,1,1,9,31,0,0,0,0,0,0
STR_034,2025,1,5350584.45,773,3131,Kolkata,West Bengal,Tier-2,Mall Store,2000,2017-06-25,4,2854,3625572,South,2,2,8,31,0,0,0,0,0,0
STR_034,2025,2,4177075.73,623,2402,Kolkata,West Bengal,Tier-2,Mall Store,2000,2017-06-25,4,2854,3625572,South,0,0,8,28,0,0,0,0,9,0
STR_034,2025,3,5473599.78,777,3096,Kolkata,West Bengal,Tier-2,Mall Store,2000,2017-06-25,4,2854,3625572,South,2,2,10,31,0,0,0,0,0,0
STR_034,2025,4,4752264.23,684,2711,Kolkata,West Bengal,Tier-2,Mall Store,2000,2017-06-25,4,2854,3625572,South,0,0,8,30,0,4,0,0,0,0
STR_034,2025,5,4744908.83,690,2713,Kolkata,West Bengal,Tier-2,Mall Store,2000,2017-06-25,4,2854,3625572,South,0,0,9,31,0,0,0,0,0,0
STR_034,2025,6,4685994.51,693,2742,Kolkata,West Bengal,Tier-2,Mall Store,2000,2017-06-25,4,2854,3625572,South,0,0,9,30,0,0,0,16,0,0
STR_034,2025,7,4552637.84,669,2627,Kolkata,West Bengal,Tier-2,Mall Store,2000,2017-06-25,4,2854,3625572,South,0,0,8,31,0,0,0,0,0,0
STR_034,2025,8,5051213.2,739,2861,Kolkata,West Bengal,Tier-2,Mall Store,2000,2017-06-25,4,2854,3625572,South,1,1,10,31,0,0,0,9,0,0
STR_034,2025,9,4460721.06,706,2742,Kolkata,West Bengal,Tier-2,Mall Store,2000,2017-06-25,4,2854,3625572,South,0,0,8,30,14,0,0,0,0,0
STR_034,2025,10,5400717.69,759,3106,Kolkata,West Bengal,Tier-2,Mall Store,2000,2017-06-25,4,2854,3625572,South,2,2,8,31,0,0,0,7,0,0
STR_034,2025,11,4634345.37,679,2648,Kolkata,West Bengal,Tier-2,Mall Store,2000,2017-06-25,4,2854,3625572,South,0,0,10,30,0,0,12,0,0,0
STR_034,2025,12,4787521.46,699,2790,Kolkata,West Bengal,Tier-2,Mall Store,2000,2017-06-25,4,2854,3625572,South,1,1,8,31,0,0,0,14,0,0
STR_035,2021,1,5225589.5,744,2983,Hyderabad,Telangana,Tier-2,Mall Store,2000,2018-07-16,5,2805,3532681,East,2,2,10,31,0,0,0,0,0,0
STR_035,2021,2,4196007.78,619,2418,Hyderabad,Telangana,Tier-2,Mall Store,2000,2018-07-16,5,2805,3532681,East,0,0,8,28,0,0,0,0,0,0
STR_035,2021,3,5159382.42,746,2962,Hyderabad,Telangana,Tier-2,Mall Store,2000,2018-07-16,5,2805,3532681,East,1,1,8,31,0,0,0,0,0,0
STR_035,2021,4,4549730.92,695,2715,Hyderabad,Telangana,Tier-2,Mall Store,2000,2018-07-16,5,2805,3532681,East,0,0,8,30,0,0,0,13,0,0
STR_035,2021,5,4882333.54,720,2769,Hyderabad,Telangana,Tier-2,Mall Store,2000,2018-07-16,5,2805,3532681,East,1,1,10,31,0,0,0,0,0,0
STR_035,2021,6,4843641.53,700,2754,Hyderabad,Telangana,Tier-2,Mall Store,2000,2018-07-16,5,2805,3532681,East,0,0,8,30,0,0,0,0,0,0
STR_035,2021,7,4749948.3,705,2757,Hyderabad,Telangana,Tier-2,Mall Store,2000,2018-07-16,5,2805,3532681,East,0,0,9,31,0,0,0,0,0,11
STR_035,2021,8,4836073.07,728,2815,Hyderabad,Telangana,Tier-2,Mall Store,2000,2018-07-16,5,2805,3532681,East,1,1,9,31,0,0,0,0,0,0
STR_035,2021,9,4520984.27,657,2570,Hyderabad,Telangana,Tier-2,Mall Store,2000,2018-07-16,5,2805,3532681,East,0,0,8,30,0,0,0,0,0,0
STR_035,2021,10,4409127.57,687,2660,Hyderabad,Telangana,Tier-2,Mall Store,2000,2018-07-16,5,2805,3532681,East,1,1,10,31,0,0,0,0,0,14
STR_035,2021,11,4711367.09,671,2753,Hyderabad,Telangana,Tier-2,Mall Store,2000,2018-07-16,5,2805,3532681,East,1,1,8,30,0,0,0,0,0,12
STR_035,2021,12,4820922.61,695,2707,Hyderabad,Telangana,Tier-2,Mall Store,2000,2018-07-16,5,2805,3532681,East,1,1,8,31,0,0,0,13,0,0
STR_035,2022,1,5799598.86,784,3233,Hyderabad,Telangana,Tier-2,Mall Store,2000,2018-07-16,5,2805,3532681,East,2,2,10,31,0,0,0,0,0,0
STR_035,2022,2,4263599.05,606,2451,Hyderabad,Telangana,Tier-2,Mall Store,2000,2018-07-16,5,2805,3532681,East,0,0,8,28,0,0,0,0,0,0
STR_035,2022,3,4505039.35,683,2618,Hyderabad,Telangana,Tier-2,Mall Store,2000,2018-07-16,5,2805,3532681,East,1,1,8,31,0,0,0,0,9,0
STR_035,2022,4,4143436.6,672,2589,Hyderabad,Telangana,Tier-2,Mall Store,2000,2018-07-16,5,2805,3532681,East,0,0,9,30,16,0,0,0,0,0
STR_035,2022,5,4812011.24,711,2852,Hyderabad,Telangana,Tier-2,Mall Store,2000,2018-07-16,5,2805,3532681,East,1,1,9,31,0,0,0,0,10,0
STR_035,2022,6,4338469.96,643,2458,Hyderabad,Telangana,Tier-2,Mall Store,2000,2018-07-16,5,2805,3532681,East,0,0,8,30,0,0,0,11,0,0
STR_035,2022,7,4654339.13,705,2759,Hyderabad,Telangana,Tier-2,Mall Store,2000,2018-07-16,5,2805,3532681,East,0,0,10,31,0,0,0,0,11,0
STR_035,2022,8,4918012.34,717,2783,Hyderabad,Telangana,Tier-2,Mall Store,2000,2018-07-16,5,2805,3532681,East,1,1,8,31,0,0,0,0,0,15
STR_035,2022,9,4721713.4,681,2680,Hyderabad,Telangana,Tier-2,Mall Store,2000,2018-07-16,5,2805,3532681,East,0,0,8,30,0,0,0,0,0,0
STR_035,2022,10,5158238.23,743,2946,Hyderabad,Telangana,Tier-2,Mall Store,2000,2018-07-16,5,2805,3532681,East,2,2,10,31,0,0,0,0,0,0
STR_035,2022,11,4230724.08,647,2470,Hyderabad,Telangana,Tier-2,Mall Store,2000,2018-07-16,5,2805,3532681,East,0,0,8,30,0,0,0,0,0,14
STR_035,2022,12,4992313.78,728,2852,Hyderabad,Telangana,Tier-2,Mall Store,2000,2018-07-16,5,2805,3532681,East,1,1,9,31,0,0,0,0,5,0
STR_035,2023,1,5421181.66,758,3094,Hyderabad,Telangana,Tier-2,Mall Store,2000,2018-07-16,5,2805,3532681,East,2,2,9,31,0,0,0,0,0,0
STR_035,2023,2,4162699.56,619,2428,Hyderabad,Telangana,Tier-2,Mall Store,2000,2018-07-16,5,2805,3532681,East,0,0,8,28,0,0,11,0,0,0
STR_035,2023,3,4728143.75,694,2758,Hyderabad,Telangana,Tier-2,Mall Store,2000,2018-07-16,5,2805,3532681,East,1,1,8,31,0,0,0,0,0,0
STR_035,2023,4,4844958.53,695,2709,Hyderabad,Telangana,Tier-2,Mall Store,2000,2018-07-16,5,2805,3532681,East,1,1,10,30,0,0,0,0,0,0
STR_035,2023,5,4878438.19,705,2857,Hyderabad,Telangana,Tier-2,Mall Store,2000,2018-07-16,5,2805,3532681,East,0,0,8,31,0,0,0,0,11,0
STR_035,2023,6,4622896.86,635,2568,Hyderabad,Telangana,Tier-2,Mall Store,2000,2018-07-16,5,2805,3532681,East,0,0,8,30,0,0,0,0,0,0
STR_035,2023,7,4786881.89,718,2744,Hyderabad,Telangana,Tier-2,Mall Store,2000,2018-07-16,5,2805,3532681,East,0,0,10,31,0,0,0,0,0,0
STR_035,2023,8,4771103.54,695,2795,Hyderabad,Telangana,Tier-2,Mall Store,2000,2018-07-16,5,2805,3532681,East,1,1,8,31,0,0,0,0,0,0
STR_035,2023,9,4529881.93,668,2608,Hyderabad,Telangana,Tier-2,Mall Store,2000,2018-07-16,5,2805,3532681,East,0,0,9,30,0,0,0,0,14,0
STR_035,2023,10,5091521.47,705,2804,Hyderabad,Telangana,Tier-2,Mall Store,2000,2018-07-16,5,2805,3532681,East,1,1,9,31,0,0,0,0,5,0
STR_035,2023,11,4546671.93,686,2795,Hyderabad,Telangana,Tier-2,Mall Store,2000,2018-07-16,5,2805,3532681,East,1,1,8,30,12,0,0,0,0,0
STR_035,2023,12,4779186.11,736,2875,Hyderabad,Telangana,Tier-2,Mall Store,2000,2018-07-16,5,2805,3532681,East,1,1,10,31,0,0,0,7,0,0
STR_035,2024,1,5250340.67,735,2950,Hyderabad,Telangana,Tier-2,Mall Store,2000,2018-07-16,5,2805,3532681,East,2,2,8,31,0,0,11,0,0,0
STR_035,2024,2,4115393.65,622,2435,Hyderabad,Telangana,Tier-2,Mall Store,2000,2018-07-16,5,2805,3532681,East,0,0,8,29,0,0,0,0,0,0
STR_035,2024,3,5148061.98,722,2884,Hyderabad,Telangana,Tier-2,Mall Store,2000,2018-07-16,5,2805,3532681,East,1,1,10,31,0,0,0,0,0,0
STR_035,2024,4,4659169.86,666,2651,Hyderabad,Telangana,Tier-2,Mall Store,2000,2018-07-16,5,2805,3532681,East,1,1,8,30,0,0,0,0,0,0
STR_035,2024,5,4455011.71,663,2546,Hyderabad,Telangana,Tier-2,Mall Store,2000,2018-07-16,5,2805,3532681,East,0,0,8,31,0,0,0,0,0,0
STR_035,2024,6,4790596.91,699,2714,Hyderabad,Telangana,Tier-2,Mall Store,2000,2018-07-16,5,2805,3532681,East,0,0,10,30,0,0,0,0,0,0
STR_035,2024,7,4565188.51,662,2581,Hyderabad,Telangana,Tier-2,Mall Store,2000,2018-07-16,5,2805,3532681,East,0,0,8,31,0,0,0,0,0,0
STR_035,2024,8,5286146.47,726,2947,Hyderabad,Telangana,Tier-2,Mall Store,2000,2018-07-16,5,2805,3532681,East,1,1,9,31,0,0,0,0,0,0
STR_035,2024,9,4865620.4,691,2772,Hyderabad,Telangana,Tier-2,Mall Store,2000,2018-07-16,5,2805,3532681,East,0,0,9,30,0,0,0,5,0,0
STR_035,2024,10,5234182.82,764,3039,Hyderabad,Telangana,Tier-2,Mall Store,2000,2018-07-16,5,2805,3532681,East,2,2,8,31,0,0,0,0,9,0
STR_035,2024,11,4545632.95,660,2575,Hyderabad,Telangana,Tier-2,Mall Store,2000,2018-07-16,5,2805,3532681,East,0,0,9,30,0,0,0,0,0,13
STR_035,2024,12,4601139.96,694,2759,Hyderabad,Telangana,Tier-2,Mall Store,2000,2018-07-16,5,2805,3532681,East,1,1,9,31,7,0,0,0,0,0
STR_035,2025,1,5236322.6,734,3030,Hyderabad,Telangana,Tier-2,Mall Store,2000,2018-07-16,5,2805,3532681,East,2,2,8,31,0,0,0,0,0,0
STR_035,2025,2,4134086.09,606,2403,Hyderabad,Telangana,Tier-2,Mall Store,2000,2018-07-16,5,2805,3532681,East,0,0,8,28,0,0,0,0,0,16
STR_035,2025,3,4834945.7,719,2789,Hyderabad,Telangana,Tier-2,Mall Store,2000,2018-07-16,5,2805,3532681,East,2,2,10,31,0,0,0,0,8,0
STR_035,2025,4,4376857.45,659,2530,Hyderabad,Telangana,Tier-2,Mall Store,2000,2018-07-16,5,2805,3532681,East,0,0,8,30,0,0,0,0,14,0
STR_035,2025,5,4889791.7,725,2827,Hyderabad,Telangana,Tier-2,Mall Store,2000,2018-07-16,5,2805,3532681,East,0,0,9,31,0,0,0,0,1,0
STR_035,2025,6,4603587.1,699,2769,Hyderabad,Telangana,Tier-2,Mall Store,2000,2018-07-16,5,2805,3532681,East,0,0,9,30,0,10,0,0,0,0
STR_035,2025,7,4811066.53,690,2757,Hyderabad,Telangana,Tier-2,Mall Store,2000,2018-07-16,5,2805,3532681,East,0,0,8,31,0,0,0,0,6,0
STR_035,2025,8,5214106.19,737,2954,Hyderabad,Telangana,Tier-2,Mall Store,2000,2018-07-16,5,2805,3532681,East,1,1,10,31,0,0,0,0,0,0
STR_035,2025,9,4558621.04,684,2688,Hyderabad,Telangana,Tier-2,Mall Store,2000,2018-07-16,5,2805,3532681,East,0,0,8,30,0,0,10,0,0,0
STR_035,2025,10,4770195.22,725,2887,Hyderabad,Telangana,Tier-2,Mall Store,2000,2018-07-16,5,2805,3532681,East,2,2,8,31,0,10,0,0,0,0
STR_035,2025,11,4686872.91,676,2639,Hyderabad,Telangana,Tier-2,Mall Store,2000,2018-07-16,5,2805,3532681,East,0,0,10,30,0,0,0,0,0,0
STR_035,2025,12,4966990.64,714,2843,Hyderabad,Telangana,Tier-2,Mall Store,2000,2018-07-16,5,2805,3532681,East,1,1,8,31,0,0,0,0,0,14
STR_036,2021,1,5029389.4,734,2900,Ahmedabad,Gujarat,Metro,Mall Store,2000,2016-12-04,6,2701,1487046,East,2,2,10,31,0,0,8,0,0,0
STR_036,2021,2,4403586.74,655,2571,Ahmedabad,Gujarat,Metro,Mall Store,2000,2016-12-04,6,2701,1487046,East,0,0,8,28,4,0,0,0,0,0
STR_036,2021,3,5164437.61,741,2959,Ahmedabad,Gujarat,Metro,Mall Store,2000,2016-12-04,6,2701,1487046,East,1,1,8,31,0,0,0,0,0,6
STR_036,2021,4,4403392.39,646,2495,Ahmedabad,Gujarat,Metro,Mall Store,2000,2016-12-04,6,2701,1487046,East,0,0,8,30,0,0,0,0,0,0
STR_036,2021,5,4737201.94,700,2679,Ahmedabad,Gujarat,Metro,Mall Store,2000,2016-12-04,6,2701,1487046,East,1,1,10,31,0,0,0,5,0,0
STR_036,2021,6,4341170.15,665,2654,Ahmedabad,Gujarat,Metro,Mall Store,2000,2016-12-04,6,2701,1487046,East,0,0,8,30,10,0,0,0,0,0
STR_036,2021,7,4877146.72,718,2763,Ahmedabad,Gujarat,Metro,Mall Store,2000,2016-12-04,6,2701,1487046,East,0,0,9,31,0,0,0,0,0,0
STR_036,2021,8,5111788.2,737,2970,Ahmedabad,Gujarat,Metro,Mall Store,2000,2016-12-04,6,2701,1487046,East,1,1,9,31,0,0,0,0,0,0
STR_036,2021,9,4220063.01,641,2504,Ahmedabad,Gujarat,Metro,Mall Store,2000,2016-12-04,6,2701,1487046,East,0,0,8,30,0,0,10,0,0,0
STR_036,2021,10,4983544.99,729,2902,Ahmedabad,Gujarat,Metro,Mall Store,2000,2016-12-04,6,2701,1487046,East,1,1,10,31,0,0,14,0,0,0
STR_036,2021,11,4689093.11,704,2732,Ahmedabad,Gujarat,Metro,Mall Store,2000,2016-12-04,6,2701,1487046,East,1,1,8,30,0,0,0,13,0,0
STR_036,2021,12,5346453.17,754,3039,Ahmedabad,Gujarat,Metro,Mall Store,2000,2016-12-04,6,2701,1487046,East,1,1,8,31,0,0,0,5,0,0
STR_036,2022,1,5417899.15,792,3071,Ahmedabad,Gujarat,Metro,Mall Store,2000,2016-12-04,6,2701,1487046,East,2,2,10,31,0,0,0,0,0,14
STR_036,2022,2,4511291.93,638,2484,Ahmedabad,Gujarat,Metro,Mall Store,2000,2016-12-04,6,2701,1487046,East,0,0,8,28,0,0,0,0,0,0
STR_036,2022,3,4994870.88,708,2797,Ahmedabad,Gujarat,Metro,Mall Store,2000,2016-12-04,6,2701,1487046,East,1,1,8,31,0,0,0,11,0,0
STR_036,2022,4,4701914.98,687,2652,Ahmedabad,Gujarat,Metro,Mall Store,2000,2016-12-04,6,2701,1487046,East,0,0,9,30,0,0,0,0,0,0
STR_036,2022,5,4943296.24,707,2816,Ahmedabad,Gujarat,Metro,Mall Store,2000,2016-12-04,6,2701,1487046,East,1,1,9,31,0,0,0,0,0,0
STR_036,2022,6,4791913.66,679,2711,Ahmedabad,Gujarat,Metro,Mall Store,2000,2016-12-04,6,2701,1487046,East,0,0,8,30,0,0,0,0,0,0
STR_036,2022,7,4841751.04,718,2781,Ahmedabad,Gujarat,Metro,Mall Store,2000,2016-12-04,6,2701,1487046,East,0,0,10,31,0,0,9,0,0,0
STR_036,2022,8,4926330.25,676,2748,Ahmedabad,Gujarat,Metro,Mall Store,2000,2016-12-04,6,2701,1487046,East,1,1,8,31,0,0,0,0,0,0
STR_036,2022,9,4419439.4,656,2565,Ahmedabad,Gujarat,Metro,Mall Store,2000,2016-12-04,6,2701,1487046,East,0,0,8,30,0,11,0,0,0,0
STR_036,2022,10,5144753.65,745,3040,Ahmedabad,Gujarat,Metro,Mall Store,2000,2016-12-04,6,2701,1487046,East,2,2,10,31,0,3,0,0,0,0
STR_036,2022,11,4625863.0,673,2654,Ahmedabad,Gujarat,Metro,Mall Store,2000,2016-12-04,6,2701,1487046,East,0,0,8,30,0,0,0,0,0,0
STR_036,2022,12,4992278.47,737,2897,Ahmedabad,Gujarat,Metro,Mall Store,2000,2016-12-04,6,2701,1487046,East,1,1,9,31,0,0,0,0,0,0
STR_036,2023,1,4949268.69,738,2906,Ahmedabad,Gujarat,Metro,Mall Store,2000,2016-12-04,6,2701,1487046,East,2,2,9,31,9,0,0,0,0,0
STR_036,2023,2,4192089.81,613,2424,Ahmedabad,Gujarat,Metro,Mall Store,2000,2016-12-04,6,2701,1487046,East,0,0,8,28,0,0,0,0,0,0
STR_036,2023,3,4946943.47,699,2750,Ahmedabad,Gujarat,Metro,Mall Store,2000,2016-12-04,6,2701,1487046,East,1,1,8,31,0,0,0,0,0,0
STR_036,2023,4,5094807.6,753,2993,Ahmedabad,Gujarat,Metro,Mall Store,2000,2016-12-04,6,2701,1487046,East,1,1,10,30,0,12,0,0,0,0
STR_036,2023,5,4553554.9,665,2596,Ahmedabad,Gujarat,Metro,Mall Store,2000,2016-12-04,6,2701,1487046,East,0,0,8,31,0,0,0,0,0,10
STR_036,2023,6,4619337.86,653,2670,Ahmedabad,Gujarat,Metro,Mall Store,2000,2016-12-04,6,2701,1487046,East,0,0,8,30,0,4,0,0,0,0
STR_036,2023,7,4969362.99,745,2894,Ahmedabad,Gujarat,Metro,Mall Store,2000,2016-12-04,6,2701,1487046,East,0,0,10,31,0,0,0,0,0,0
STR_036,2023,8,4343928.23,690,2677,Ahmedabad,Gujarat,Metro,Mall Store,2000,2016-12-04,6,2701,1487046,East,1,1,8,31,14,0,0,0,0,0
STR_036,2023,9,5186441.19,723,2871,Ahmedabad,Gujarat,Metro,Mall Store,2000,2016-12-04,6,2701,1487046,East,0,0,9,30,0,0,0,0,0,0
STR_036,2023,10,5067542.01,715,2963,Ahmedabad,Gujarat,Metro,Mall Store,2000,2016-12-04,6,2701,1487046,East,1,1,9,31,0,0,0,16,0,0
STR_036,2023,11,5215772.21,723,2938,Ahmedabad,Gujarat,Metro,Mall Store,2000,2016-12-04,6,2701,1487046,East,1,1,8,30,0,0,0,0,0,0
STR_036,2023,12,4675408.16,717,2826,Ahmedabad,Gujarat,Metro,Mall Store,2000,2016-12-04,6,2701,1487046,East,1,1,10,31,0,11,0,0,0,0
STR_036,2024,1,5220450.39,757,3039,Ahmedabad,Gujarat,Metro,Mall Store,2000,2016-12-04,6,2701,1487046,East,2,2,8,31,0,0,0,0,0,0
STR_036,2024,2,4685212.88,682,2667,Ahmedabad,Gujarat,Metro,Mall Store,2000,2016-12-04,6,2701,1487046,East,0,0,8,29,0,0,0,0,0,0
STR_036,2024,3,5222800.77,756,3004,Ahmedabad,Gujarat,Metro,Mall Store,2000,2016-12-04,6,2701,1487046,East,1,1,10,31,0,0,0,0,0,11
STR_036,2024,4,4604697.68,671,2586,Ahmedabad,Gujarat,Metro,Mall Store,2000,2016-12-04,6,2701,1487046,East,1,1,8,30,0,0,0,0,0,0
STR_036,2024,5,4537159.67,665,2631,Ahmedabad,Gujarat,Metro,Mall Store,2000,2016-12-04,6,2701,1487046,East,0,0,8,31,5,0,0,0,0,0
STR_036,2024,6,4687559.04,718,2816,Ahmedabad,Gujarat,Metro,Mall Store,2000,2016-12-04,6,2701,1487046,East,0,0,10,30,6,0,0,0,0,0
STR_036,2024,7,4261667.65,676,2558,Ahmedabad,Gujarat,Metro,Mall Store,2000,2016-12-04,6,2701,1487046,East,0,0,8,31,0,12,0,0,0,0
STR_036,2024,8,5230774.66,731,2970,Ahmedabad,Gujarat,Metro,Mall Store,2000,2016-12-04,6,2701,1487046,East,1,1,9,31,0,0,0,0,0,0
STR_036,2024,9,4630310.62,681,2673,Ahmedabad,Gujarat,Metro,Mall Store,2000,2016-12-04,6,2701,1487046,East,0,0,9,30,0,0,0,0,0,0
STR_036,2024,10,5056867.7,730,2837,Ahmedabad,Gujarat,Metro,Mall Store,2000,2016-12-04,6,2701,1487046,East,2,2,8,31,0,0,0,12,0,0
STR_036,2024,11,4635558.98,673,2629,Ahmedabad,Gujarat,Metro,Mall Store,2000,2016-12-04,6,2701,1487046,East,0,0,9,30,0,0,0,8,0,0
STR_036,2024,12,5059399.65,728,2931,Ahmedabad,Gujarat,Metro,Mall Store,2000,2016-12-04,6,2701,1487046,East,1,1,9,31,0,0,0,0,10,0
STR_036,2025,1,5399242.52,759,3118,Ahmedabad,Gujarat,Metro,Mall Store,2000,2016-12-04,6,2701,1487046,East,2,2,8,31,0,0,0,0,7,0
STR_036,2025,2,4048407.91,622,2486,Ahmedabad,Gujarat,Metro,Mall Store,2000,2016-12-04,6,2701,1487046,East,0,0,8,28,0,8,0,0,0,0
STR_036,2025,3,5358696.22,764,3124,Ahmedabad,Gujarat,Metro,Mall Store,2000,2016-12-04,6,2701,1487046,East,2,2,10,31,0,11,0,0,0,0
STR_036,2025,4,4479006.22,659,2627,Ahmedabad,Gujarat,Metro,Mall Store,2000,2016-12-04,6,2701,1487046,East,0,0,8,30,0,0,0,0,0,0
STR_036,2025,5,4355063.21,681,2533,Ahmedabad,Gujarat,Metro,Mall Store,2000,2016-12-04,6,2701,1487046,East,0,0,9,31,8,0,0,0,0,0
STR_036,2025,6,4256135.58,636,2564,Ahmedabad,Gujarat,Metro,Mall Store,2000,2016-12-04,6,2701,1487046,East,0,0,9,30,0,13,0,0,0,0
STR_036,2025,7,4664879.17,678,2684,Ahmedabad,Gujarat,Metro,Mall Store,2000,2016-12-04,6,2701,1487046,East,0,0,8,31,0,0,0,0,0,0
STR_036,2025,8,5092504.27,742,2954,Ahmedabad,Gujarat,Metro,Mall Store,2000,2016-12-04,6,2701,1487046,East,1,1,10,31,0,6,0,0,0,0
STR_036,2025,9,4875445.17,702,2782,Ahmedabad,Gujarat,Metro,Mall Store,2000,2016-12-04,6,2701,1487046,East,0,0,8,30,0,0,0,0,11,0
STR_036,2025,10,4989515.81,733,2886,Ahmedabad,Gujarat,Metro,Mall Store,2000,2016-12-04,6,2701,1487046,East,2,2,8,31,0,0,0,0,0,0
STR_036,2025,11,4946464.42,691,2807,Ahmedabad,Gujarat,Metro,Mall Store,2000,2016-12-04,6,2701,1487046,East,0,0,10,30,0,0,0,0,0,0
STR_036,2025,12,4656286.04,658,2673,Ahmedabad,Gujarat,Metro,Mall Store,2000,2016-12-04,6,2701,1487046,East,1,1,8,31,0,0,0,0,0,0
STR_037,2021,1,10431118.2,1928,5995,Chennai,Tamil Nadu,Rural,Medium High-Street,5000,2018-08-21,5,6509,6964811,East,2,2,10,31,0,0,0,0,0,0
STR_037,2021,2,8105513.25,1571,4787,Chennai,Tamil Nadu,Rural,Medium High-Street,5000,2018-08-21,5,6509,6964811,East,0,0,8,28,0,0,0,0,0,14
STR_037,2021,3,9528277.17,1746,5442,Chennai,Tamil Nadu,Rural,Medium High-Street,5000,2018-08-21,5,6509,6964811,East,1,1,8,31,0,0,0,0,0,0
STR_037,2021,4,8784806.69,1692,5097,Chennai,Tamil Nadu,Rural,Medium High-Street,5000,2018-08-21,5,6509,6964811,East,0,0,8,30,0,0,0,0,0,6
STR_037,2021,5,9929155.41,1851,5720,Chennai,Tamil Nadu,Rural,Medium High-Street,5000,2018-08-21,5,6509,6964811,East,1,1,10,31,0,0,10,0,0,0
STR_037,2021,6,9693149.19,1777,5526,Chennai,Tamil Nadu,Rural,Medium High-Street,5000,2018-08-21,5,6509,6964811,East,0,0,8,30,0,0,0,0,4,0
STR_037,2021,7,9106716.63,1706,5233,Chennai,Tamil Nadu,Rural,Medium High-Street,5000,2018-08-21,5,6509,6964811,East,0,0,9,31,0,0,10,0,0,0
STR_037,2021,8,9371128.8,1898,5864,Chennai,Tamil Nadu,Rural,Medium High-Street,5000,2018-08-21,5,6509,6964811,East,1,1,9,31,15,0,0,0,0,0
STR_037,2021,9,9119214.94,1701,5265,Chennai,Tamil Nadu,Rural,Medium High-Street,5000,2018-08-21,5,6509,6964811,East,0,0,8,30,0,0,9,0,0,0
STR_037,2021,10,9430761.6,1768,5369,Chennai,Tamil Nadu,Rural,Medium High-Street,5000,2018-08-21,5,6509,6964811,East,1,1,10,31,0,0,0,0,0,0
STR_037,2021,11,8817566.91,1708,5277,Chennai,Tamil Nadu,Rural,Medium High-Street,5000,2018-08-21,5,6509,6964811,East,1,1,8,30,0,9,0,0,0,0
STR_037,2021,12,9268428.12,1822,5667,Chennai,Tamil Nadu,Rural,Medium High-Street,5000,2018-08-21,5,6509,6964811,East,1,1,8,31,11,0,0,0,0,0
STR_037,2022,1,9904655.33,1831,5721,Chennai,Tamil Nadu,Rural,Medium High-Street,5000,2018-08-21,5,6509,6964811,East,2,2,10,31,0,0,0,0,0,0
STR_037,2022,2,8173260.1,1476,4629,Chennai,Tamil Nadu,Rural,Medium High-Street,5000,2018-08-21,5,6509,6964811,East,0,0,8,28,0,0,0,0,0,0
STR_037,2022,3,9616303.97,1822,5622,Chennai,Tamil Nadu,Rural,Medium High-Street,5000,2018-08-21,5,6509,6964811,East,1,1,8,31,0,0,0,0,12,0
STR_037,2022,4,8990833.85,1702,5200,Chennai,Tamil Nadu,Rural,Medium High-Street,5000,2018-08-21,5,6509,6964811,East,0,0,9,30,0,0,14,0,0,0
STR_037,2022,5,9742400.85,1842,5693,Chennai,Tamil Nadu,Rural,Medium High-Street,5000,2018-08-21,5,6509,6964811,East,1,1,9,31,0,6,0,0,0,0
STR_037,2022,6,8292640.42,1591,4791,Chennai,Tamil Nadu,Rural,Medium High-Street,5000,2018-08-21,5,6509,6964811,East,0,0,8,30,0,0,0,0,0,0
STR_037,2022,7,9889804.97,1851,5644,Chennai,Tamil Nadu,Rural,Medium High-Street,5000,2018-08-21,5,6509,6964811,East,0,0,10,31,0,0,0,0,0,0
STR_037,2022,8,9333432.5,1749,5349,Chennai,Tamil Nadu,Rural,Medium High-Street,5000,2018-08-21,5,6509,6964811,East,1,1,8,31,0,0,0,0,15,0
STR_037,2022,9,9215745.94,1667,5230,Chennai,Tamil Nadu,Rural,Medium High-Street,5000,2018-08-21,5,6509,6964811,East,0,0,8,30,0,0,5,0,0,0
STR_037,2022,10,10174761.36,1905,5834,Chennai,Tamil Nadu,Rural,Medium High-Street,5000,2018-08-21,5,6509,6964811,East,2,2,10,31,0,0,0,0,0,0
STR_037,2022,11,8800478.58,1675,5097,Chennai,Tamil Nadu,Rural,Medium High-Street,5000,2018-08-21,5,6509,6964811,East,0,0,8,30,0,0,0,11,0,0
STR_037,2022,12,10272735.18,1867,5779,Chennai,Tamil Nadu,Rural,Medium High-Street,5000,2018-08-21,5,6509,6964811,East,1,1,9,31,0,0,0,0,0,0
STR_037,2023,1,9958510.03,1871,5821,Chennai,Tamil Nadu,Rural,Medium High-Street,5000,2018-08-21,5,6509,6964811,East,2,2,9,31,0,0,0,0,0,0
STR_037,2023,2,8246124.75,1568,4705,Chennai,Tamil Nadu,Rural,Medium High-Street,5000,2018-08-21,5,6509,6964811,East,0,0,8,28,0,0,0,0,0,0
STR_037,2023,3,9568129.75,1788,5481,Chennai,Tamil Nadu,Rural,Medium High-Street,5000,2018-08-21,5,6509,6964811,East,1,1,8,31,0,0,4,0,0,0
STR_037,2023,4,9831364.78,1788,5502,Chennai,Tamil Nadu,Rural,Medium High-Street,5000,2018-08-21,5,6509,6964811,East,1,1,10,30,0,0,0,0,0,0
STR_037,2023,5,9271969.15,1797,5512,Chennai,Tamil Nadu,Rural,Medium High-Street,5000,2018-08-21,5,6509,6964811,East,0,0,8,31,7,0,0,0,0,0
STR_037,2023,6,9060222.41,1716,5213,Chennai,Tamil Nadu,Rural,Medium High-Street,5000,2018-08-21,5,6509,6964811,East,0,0,8,30,0,0,0,0,0,0
STR_037,2023,7,9482351.36,1805,5505,Chennai,Tamil Nadu,Rural,Medium High-Street,5000,2018-08-21,5,6509,6964811,East,0,0,10,31,0,0,0,0,0,5
STR_037,2023,8,9305916.06,1847,5551,Chennai,Tamil Nadu,Rural,Medium High-Street,5000,2018-08-21,5,6509,6964811,East,1,1,8,31,0,0,0,0,0,15
STR_037,2023,9,8633444.59,1678,5028,Chennai,Tamil Nadu,Rural,Medium High-Street,5000,2018-08-21,5,6509,6964811,East,0,0,9,30,0,0,0,11,0,0
STR_037,2023,10,9880619.07,1851,5619,Chennai,Tamil Nadu,Rural,Medium High-Street,5000,2018-08-21,5,6509,6964811,East,1,1,9,31,0,0,0,0,0,0
STR_037,2023,11,9852183.0,1761,5496,Chennai,Tamil Nadu,Rural,Medium High-Street,5000,2018-08-21,5,6509,6964811,East,1,1,8,30,0,0,0,0,0,0
STR_037,2023,12,9929728.36,1866,5721,Chennai,Tamil Nadu,Rural,Medium High-Street,5000,2018-08-21,5,6509,6964811,East,1,1,10,31,0,0,0,0,0,0
STR_037,2024,1,10079828.14,1851,5816,Chennai,Tamil Nadu,Rural,Medium High-Street,5000,2018-08-21,5,6509,6964811,East,2,2,8,31,0,0,0,0,0,0
STR_037,2024,2,8688675.21,1677,5301,Chennai,Tamil Nadu,Rural,Medium High-Street,5000,2018-08-21,5,6509,6964811,East,0,0,8,29,0,13,0,0,0,0
STR_037,2024,3,9760349.63,1877,5829,Chennai,Tamil Nadu,Rural,Medium High-Street,5000,2018-08-21,5,6509,6964811,East,1,1,10,31,0,10,0,0,0,0
STR_037,2024,4,8895053.69,1840,5744,Chennai,Tamil Nadu,Rural,Medium High-Street,5000,2018-08-21,5,6509,6964811,East,1,1,8,30,14,0,0,0,0,0
STR_037,2024,5,9091123.44,1783,5364,Chennai,Tamil Nadu,Rural,Medium High-Street,5000,2018-08-21,5,6509,6964811,East,0,0,8,31,0,7,0,0,0,0
STR_037,2024,6,8964416.48,1726,5385,Chennai,Tamil Nadu,Rural,Medium High-Street,5000,2018-08-21,5,6509,6964811,East,0,0,10,30,8,0,0,0,0,0
STR_037,2024,7,9028688.52,1780,5384,Chennai,Tamil Nadu,Rural,Medium High-Street,5000,2018-08-21,5,6509,6964811,East,0,0,8,31,0,0,0,0,0,16
STR_037,2024,8,10198679.27,1896,5891,Chennai,Tamil Nadu,Rural,Medium High-Street,5000,2018-08-21,5,6509,6964811,East,1,1,9,31,0,0,10,0,0,0
STR_037,2024,9,8884683.61,1689,5233,Chennai,Tamil Nadu,Rural,Medium High-Street,5000,2018-08-21,5,6509,6964811,East,0,0,9,30,0,0,0,0,0,10
STR_037,2024,10,10363269.24,1893,5832,Chennai,Tamil Nadu,Rural,Medium High-Street,5000,2018-08-21,5,6509,6964811,East,2,2,8,31,0,0,0,0,0,0
STR_037,2024,11,9447468.38,1752,5364,Chennai,Tamil Nadu,Rural,Medium High-Street,5000,2018-08-21,5,6509,6964811,East,0,0,9,30,0,0,0,0,0,4
STR_037,2024,12,9842712.48,1813,5621,Chennai,Tamil Nadu,Rural,Medium High-Street,5000,2018-08-21,5,6509,6964811,East,1,1,9,31,0,0,0,0,0,0
STR_037,2025,1,9848794.95,1941,6260,Chennai,Tamil Nadu,Rural,Medium High-Street,5000,2018-08-21,5,6509,6964811,East,2,2,8,31,12,0,0,0,0,0
STR_037,2025,2,8159835.05,1589,4922,Chennai,Tamil Nadu,Rural,Medium High-Street,5000,2018-08-21,5,6509,6964811,East,0,0,8,28,0,12,0,0,0,0
STR_037,2025,3,9976463.43,1920,5780,Chennai,Tamil Nadu,Rural,Medium High-Street,5000,2018-08-21,5,6509,6964811,East,2,2,10,31,0,0,0,0,11,0
STR_037,2025,4,8647396.7,1711,5183,Chennai,Tamil Nadu,Rural,Medium High-Street,5000,2018-08-21,5,6509,6964811,East,0,0,8,30,4,0,0,0,0,0
STR_037,2025,5,9492527.67,1783,5467,Chennai,Tamil Nadu,Rural,Medium High-Street,5000,2018-08-21,5,6509,6964811,East,0,0,9,31,0,0,0,0,0,0
STR_037,2025,6,9540277.09,1734,5414,Chennai,Tamil Nadu,Rural,Medium High-Street,5000,2018-08-21,5,6509,6964811,East,0,0,9,30,0,0,0,11,0,0
STR_037,2025,7,9207129.76,1748,5298,Chennai,Tamil Nadu,Rural,Medium High-Street,5000,2018-08-21,5,6509,6964811,East,0,0,8,31,0,0,0,0,7,0
STR_037,2025,8,9261474.86,1805,5396,Chennai,Tamil Nadu,Rural,Medium High-Street,5000,2018-08-21,5,6509,6964811,East,1,1,10,31,0,6,0,0,0,0
STR_037,2025,9,9047178.06,1706,5274,Chennai,Tamil Nadu,Rural,Medium High-Street,5000,2018-08-21,5,6509,6964811,East,0,0,8,30,0,6,0,0,0,0
STR_037,2025,10,10225364.84,1947,6051,Chennai,Tamil Nadu,Rural,Medium High-Street,5000,2018-08-21,5,6509,6964811,East,2,2,8,31,0,6,0,0,0,0
STR_037,2025,11,9471734.56,1818,5637,Chennai,Tamil Nadu,Rural,Medium High-Street,5000,2018-08-21,5,6509,6964811,East,0,0,10,30,0,12,0,0,0,0
STR_037,2025,12,9443731.09,1779,5422,Chennai,Tamil Nadu,Rural,Medium High-Street,5000,2018-08-21,5,6509,6964811,East,1,1,8,31,0,0,8,0,0,0
STR_038,2021,1,26007435.52,3780,15110,Mumbai,Maharashtra,Rural,Large Format,10000,2016-03-27,1,8857,8653554,North,2,2,10,31,0,0,13,0,0,0
STR_038,2021,2,21788767.0,3183,12476,Mumbai,Maharashtra,Rural,Large Format,10000,2016-03-27,1,8857,8653554,North,0,0,8,28,0,0,0,0,8,0
STR_038,2021,3,23521850.47,3451,13595,Mumbai,Maharashtra,Rural,Large Format,10000,2016-03-27,1,8857,8653554,North,1,1,8,31,0,4,0,0,0,0
STR_038,2021,4,22385162.99,3299,12919,Mumbai,Maharashtra,Rural,Large Format,10000,2016-03-27,1,8857,8653554,North,0,0,8,30,0,0,0,13,0,0
STR_038,2021,5,24531406.96,3632,14345,Mumbai,Maharashtra,Rural,Large Format,10000,2016-03-27,1,8857,8653554,North,1,1,10,31,0,0,0,2,0,14
STR_038,2021,6,23179604.74,3360,13210,Mumbai,Maharashtra,Rural,Large Format,10000,2016-03-27,1,8857,8653554,North,0,0,8,30,0,0,0,0,0,0
STR_038,2021,7,24822184.169999998,3563,14037,Mumbai,Maharashtra,Rural,Large Format,10000,2016-03-27,1,8857,8653554,North,0,0,9,31,0,0,0,0,0,0
STR_038,2021,8,26278439.73,3765,14960,Mumbai,Maharashtra,Rural,Large Format,10000,2016-03-27,1,8857,8653554,North,1,1,9,31,0,0,0,0,0,0
STR_038,2021,9,22997989.24,3392,13300,Mumbai,Maharashtra,Rural,Large Format,10000,2016-03-27,1,8857,8653554,North,0,0,8,30,0,0,0,0,7,0
STR_038,2021,10,24596767.57,3612,14332,Mumbai,Maharashtra,Rural,Large Format,10000,2016-03-27,1,8857,8653554,North,1,1,10,31,0,0,0,0,4,0
STR_038,2021,11,24069292.5,3534,14143,Mumbai,Maharashtra,Rural,Large Format,10000,2016-03-27,1,8857,8653554,North,1,1,8,30,0,0,0,0,0,12
STR_038,2021,12,25908415.95,3721,14893,Mumbai,Maharashtra,Rural,Large Format,10000,2016-03-27,1,8857,8653554,North,1,1,8,31,0,0,0,0,0,0
STR_038,2022,1,25522211.54,3593,14598,Mumbai,Maharashtra,Rural,Large Format,10000,2016-03-27,1,8857,8653554,North,2,2,10,31,0,0,0,8,0,0
STR_038,2022,2,21765700.66,3146,12457,Mumbai,Maharashtra,Rural,Large Format,10000,2016-03-27,1,8857,8653554,North,0,0,8,28,0,0,0,0,0,0
STR_038,2022,3,22399948.66,3475,13634,Mumbai,Maharashtra,Rural,Large Format,10000,2016-03-27,1,8857,8653554,North,1,1,8,31,9,0,0,0,0,0
STR_038,2022,4,23651969.21,3393,13492,Mumbai,Maharashtra,Rural,Large Format,10000,2016-03-27,1,8857,8653554,North,0,0,9,30,0,0,0,0,0,0
STR_038,2022,5,25222742.2,3650,14481,Mumbai,Maharashtra,Rural,Large Format,10000,2016-03-27,1,8857,8653554,North,1,1,9,31,0,0,0,0,0,0
STR_038,2022,6,23414780.91,3440,13625,Mumbai,Maharashtra,Rural,Large Format,10000,2016-03-27,1,8857,8653554,North,0,0,8,30,0,0,7,0,0,0
STR_038,2022,7,24016601.52,3523,13831,Mumbai,Maharashtra,Rural,Large Format,10000,2016-03-27,1,8857,8653554,North,0,0,10,31,0,0,0,0,0,0
STR_038,2022,8,24751455.7,3541,14202,Mumbai,Maharashtra,Rural,Large Format,10000,2016-03-27,1,8857,8653554,North,1,1,8,31,0,0,11,0,0,0
STR_038,2022,9,23506159.91,3377,13530,Mumbai,Maharashtra,Rural,Large Format,10000,2016-03-27,1,8857,8653554,North,0,0,8,30,0,0,8,0,0,0
STR_038,2022,10,26088351.27,3810,15246,Mumbai,Maharashtra,Rural,Large Format,10000,2016-03-27,1,8857,8653554,North,2,2,10,31,0,0,6,0,0,0
STR_038,2022,11,22090147.53,3236,12714,Mumbai,Maharashtra,Rural,Large Format,10000,2016-03-27,1,8857,8653554,North,0,0,8,30,0,0,0,13,0,0
STR_038,2022,12,26606605.5,3892,15578,Mumbai,Maharashtra,Rural,Large Format,10000,2016-03-27,1,8857,8653554,North,1,1,9,31,0,0,0,0,12,0
STR_038,2023,1,26766372.87,3879,15976,Mumbai,Maharashtra,Rural,Large Format,10000,2016-03-27,1,8857,8653554,North,2,2,9,31,4,0,0,0,0,0
STR_038,2023,2,22190463.66,3245,12745,Mumbai,Maharashtra,Rural,Large Format,10000,2016-03-27,1,8857,8653554,North,0,0,8,28,0,0,0,0,0,0
STR_038,2023,3,24965530.77,3602,14425,Mumbai,Maharashtra,Rural,Large Format,10000,2016-03-27,1,8857,8653554,North,1,1,8,31,0,0,9,0,0,0
STR_038,2023,4,24922311.56,3598,14295,Mumbai,Maharashtra,Rural,Large Format,10000,2016-03-27,1,8857,8653554,North,1,1,10,30,0,0,0,0,0,0
STR_038,2023,5,24308806.85,3503,13827,Mumbai,Maharashtra,Rural,Large Format,10000,2016-03-27,1,8857,8653554,North,0,0,8,31,0,0,0,0,0,0
STR_038,2023,6,20521432.42,3266,12847,Mumbai,Maharashtra,Rural,Large Format,10000,2016-03-27,1,8857,8653554,North,0,0,8,30,12,0,0,0,0,0
STR_038,2023,7,24509285.21,3563,14021,Mumbai,Maharashtra,Rural,Large Format,10000,2016-03-27,1,8857,8653554,North,0,0,10,31,0,0,0,0,0,0
STR_038,2023,8,25734372.18,3775,14860,Mumbai,Maharashtra,Rural,Large Format,10000,2016-03-27,1,8857,8653554,North,1,1,8,31,0,0,0,0,0,0
STR_038,2023,9,23115382.97,3479,13805,Mumbai,Maharashtra,Rural,Large Format,10000,2016-03-27,1,8857,8653554,North,0,0,9,30,5,0,0,0,0,0
STR_038,2023,10,24358704.29,3544,14047,Mumbai,Maharashtra,Rural,Large Format,10000,2016-03-27,1,8857,8653554,North,1,1,9,31,0,0,8,0,0,0
STR_038,2023,11,23808739.6,3553,14294,Mumbai,Maharashtra,Rural,Large Format,10000,2016-03-27,1,8857,8653554,North,1,1,8,30,8,0,0,0,0,0
STR_038,2023,12,26370888.14,3807,15209,Mumbai,Maharashtra,Rural,Large Format,10000,2016-03-27,1,8857,8653554,North,1,1,10,31,0,0,0,10,0,0
STR_038,2024,1,25868911.02,3785,15156,Mumbai,Maharashtra,Rural,Large Format,10000,2016-03-27,1,8857,8653554,North,2,2,8,31,0,6,0,0,0,0
STR_038,2024,2,22249646.13,3352,13145,Mumbai,Maharashtra,Rural,Large Format,10000,2016-03-27,1,8857,8653554,North,0,0,8,29,0,6,0,0,0,0
STR_038,2024,3,25481437.81,3634,14435,Mumbai,Maharashtra,Rural,Large Format,10000,2016-03-27,1,8857,8653554,North,1,1,10,31,0,0,0,0,0,0
STR_038,2024,4,23445581.99,3490,13634,Mumbai,Maharashtra,Rural,Large Format,10000,2016-03-27,1,8857,8653554,North,1,1,8,30,0,0,0,0,15,0
STR_038,2024,5,22268038.71,3393,13288,Mumbai,Maharashtra,Rural,Large Format,10000,2016-03-27,1,8857,8653554,North,0,0,8,31,0,12,0,0,0,0
STR_038,2024,6,23455633.71,3488,13678,Mumbai,Maharashtra,Rural,Large Format,10000,2016-03-27,1,8857,8653554,North,0,0,10,30,0,1,0,0,5,0
STR_038,2024,7,22817415.43,3390,13187,Mumbai,Maharashtra,Rural,Large Format,10000,2016-03-27,1,8857,8653554,North,0,0,8,31,0,0,0,0,0,12
STR_038,2024,8,25545126.55,3617,14359,Mumbai,Maharashtra,Rural,Large Format,10000,2016-03-27,1,8857,8653554,North,1,1,9,31,0,0,0,0,0,0
STR_038,2024,9,23729220.07,3468,13544,Mumbai,Maharashtra,Rural,Large Format,10000,2016-03-27,1,8857,8653554,North,0,0,9,30,0,0,0,0,0,6
STR_038,2024,10,24841041.81,3563,14374,Mumbai,Maharashtra,Rural,Large Format,10000,2016-03-27,1,8857,8653554,North,2,2,8,31,0,0,0,0,7,0
STR_038,2024,11,23833040.51,3470,13713,Mumbai,Maharashtra,Rural,Large Format,10000,2016-03-27,1,8857,8653554,North,0,0,9,30,0,0,0,6,0,0
STR_038,2024,12,26279722.31,3736,14854,Mumbai,Maharashtra,Rural,Large Format,10000,2016-03-27,1,8857,8653554,North,1,1,9,31,0,0,0,0,0,0
STR_038,2025,1,25684467.2,3755,14990,Mumbai,Maharashtra,Rural,Large Format,10000,2016-03-27,1,8857,8653554,North,2,2,8,31,4,0,0,0,0,0
STR_038,2025,2,22228652.49,3349,12849,Mumbai,Maharashtra,Rural,Large Format,10000,2016-03-27,1,8857,8653554,North,0,0,8,28,0,0,0,9,0,0
STR_038,2025,3,27108817.07,3818,15508,Mumbai,Maharashtra,Rural,Large Format,10000,2016-03-27,1,8857,8653554,North,2,2,10,31,0,0,0,0,0,0
STR_038,2025,4,22837267.52,3323,13153,Mumbai,Maharashtra,Rural,Large Format,10000,2016-03-27,1,8857,8653554,North,0,0,8,30,0,0,0,5,0,0
STR_038,2025,5,25071367.38,3642,14384,Mumbai,Maharashtra,Rural,Large Format,10000,2016-03-27,1,8857,8653554,North,0,0,9,31,0,0,0,0,0,0
STR_038,2025,6,22279563.66,3515,13905,Mumbai,Maharashtra,Rural,Large Format,10000,2016-03-27,1,8857,8653554,North,0,0,9,30,12,0,0,0,0,0
STR_038,2025,7,24293272.67,3591,14055,Mumbai,Maharashtra,Rural,Large Format,10000,2016-03-27,1,8857,8653554,North,0,0,8,31,0,0,11,0,0,0
STR_038,2025,8,25739440.45,3687,14602,Mumbai,Maharashtra,Rural,Large Format,10000,2016-03-27,1,8857,8653554,North,1,1,10,31,0,0,0,0,0,0
STR_038,2025,9,23107816.08,3417,13437,Mumbai,Maharashtra,Rural,Large Format,10000,2016-03-27,1,8857,8653554,North,0,0,8,30,0,0,14,0,0,0
STR_038,2025,10,25450339.07,3642,14658,Mumbai,Maharashtra,Rural,Large Format,10000,2016-03-27,1,8857,8653554,North,2,2,8,31,0,0,0,0,0,11
STR_038,2025,11,24556085.1,3649,14301,Mumbai,Maharashtra,Rural,Large Format,10000,2016-03-27,1,8857,8653554,North,0,0,10,30,0,0,0,15,0,0
STR_038,2025,12,24962705.59,3720,14590,Mumbai,Maharashtra,Rural,Large Format,10000,2016-03-27,1,8857,8653554,North,1,1,8,31,0,0,0,0,15,0
STR_039,2021,1,26828544.67,3860,15464,Mumbai,Maharashtra,Tier-2,Large Format,10000,2018-03-25,2,11046,16054510,East,2,2,10,31,0,0,0,0,11,0
STR_039,2021,2,21363495.76,3182,12457,Mumbai,Maharashtra,Tier-2,Large Format,10000,2018-03-25,2,11046,16054510,East,0,0,8,28,0,0,0,0,12,0
STR_039,2021,3,24847998.0,3556,14089,Mumbai,Maharashtra,Tier-2,Large Format,10000,2018-03-25,2,11046,16054510,East,1,1,8,31,0,0,0,0,0,0
STR_039,2021,4,21991114.32,3245,12730,Mumbai,Maharashtra,Tier-2,Large Format,10000,2018-03-25,2,11046,16054510,East,0,0,8,30,0,0,0,0,0,10
STR_039,2021,5,26501618.2,3793,14942,Mumbai,Maharashtra,Tier-2,Large Format,10000,2018-03-25,2,11046,16054510,East,1,1,10,31,0,0,0,0,0,0
STR_039,2021,6,23789631.88,3509,13721,Mumbai,Maharashtra,Tier-2,Large Format,10000,2018-03-25,2,11046,16054510,East,0,0,8,30,0,0,0,0,0,0
STR_039,2021,7,24212559.57,3491,13762,Mumbai,Maharashtra,Tier-2,Large Format,10000,2018-03-25,2,11046,16054510,East,0,0,9,31,0,0,0,0,0,0
STR_039,2021,8,24827816.05,3627,14369,Mumbai,Maharashtra,Tier-2,Large Format,10000,2018-03-25,2,11046,16054510,East,1,1,9,31,0,0,0,0,0,0
STR_039,2021,9,23512833.96,3455,13462,Mumbai,Maharashtra,Tier-2,Large Format,10000,2018-03-25,2,11046,16054510,East,0,0,8,30,0,0,0,0,0,0
STR_039,2021,10,25279601.83,3638,14648,Mumbai,Maharashtra,Tier-2,Large Format,10000,2018-03-25,2,11046,16054510,East,1,1,10,31,0,0,14,0,0,0
STR_039,2021,11,22918119.42,3422,13397,Mumbai,Maharashtra,Tier-2,Large Format,10000,2018-03-25,2,11046,16054510,East,1,1,8,30,0,0,0,0,0,15
STR_039,2021,12,25780865.67,3916,15491,Mumbai,Maharashtra,Tier-2,Large Format,10000,2018-03-25,2,11046,16054510,East,1,1,8,31,0,15,0,0,0,0
STR_039,2022,1,27159830.12,3875,15633,Mumbai,Maharashtra,Tier-2,Large Format,10000,2018-03-25,2,11046,16054510,East,2,2,10,31,0,0,0,0,0,5
STR_039,2022,2,21539979.47,3196,12523,Mumbai,Maharashtra,Tier-2,Large Format,10000,2018-03-25,2,11046,16054510,East,0,0,8,28,0,0,0,16,0,0
STR_039,2022,3,24633900.79,3600,14320,Mumbai,Maharashtra,Tier-2,Large Format,10000,2018-03-25,2,11046,16054510,East,1,1,8,31,0,0,0,6,0,0
STR_039,2022,4,23125190.28,3402,13389,Mumbai,Maharashtra,Tier-2,Large Format,10000,2018-03-25,2,11046,16054510,East,0,0,9,30,0,0,7,0,0,0
STR_039,2022,5,24750972.98,3840,15113,Mumbai,Maharashtra,Tier-2,Large Format,10000,2018-03-25,2,11046,16054510,East,1,1,9,31,8,0,0,0,0,0
STR_039,2022,6,21147371.89,3379,13279,Mumbai,Maharashtra,Tier-2,Large Format,10000,2018-03-25,2,11046,16054510,East,0,0,8,30,12,0,0,0,0,0
STR_039,2022,7,22682008.99,3508,13788,Mumbai,Maharashtra,Tier-2,Large Format,10000,2018-03-25,2,11046,16054510,East,0,0,10,31,1,15,0,0,0,0
STR_039,2022,8,23618229.63,3401,13493,Mumbai,Maharashtra,Tier-2,Large Format,10000,2018-03-25,2,11046,16054510,East,1,1,8,31,0,0,15,0,0,0
STR_039,2022,9,22585900.75,3400,13273,Mumbai,Maharashtra,Tier-2,Large Format,10000,2018-03-25,2,11046,16054510,East,0,0,8,30,0,0,0,0,14,0
STR_039,2022,10,25955068.23,3799,15196,Mumbai,Maharashtra,Tier-2,Large Format,10000,2018-03-25,2,11046,16054510,East,2,2,10,31,5,0,0,0,0,0
STR_039,2022,11,22510366.56,3307,12929,Mumbai,Maharashtra,Tier-2,Large Format,10000,2018-03-25,2,11046,16054510,East,0,0,8,30,0,0,0,0,0,0
STR_039,2022,12,26329027.37,3763,15150,Mumbai,Maharashtra,Tier-2,Large Format,10000,2018-03-25,2,11046,16054510,East,1,1,9,31,0,0,0,0,0,0
STR_039,2023,1,26131050.59,3762,15028,Mumbai,Maharashtra,Tier-2,Large Format,10000,2018-03-25,2,11046,16054510,East,2,2,9,31,0,0,0,13,0,0
STR_039,2023,2,20803667.42,3246,12599,Mumbai,Maharashtra,Tier-2,Large Format,10000,2018-03-25,2,11046,16054510,East,0,0,8,28,8,0,0,0,0,0
STR_039,2023,3,24626200.31,3793,14975,Mumbai,Maharashtra,Tier-2,Large Format,10000,2018-03-25,2,11046,16054510,East,1,1,8,31,0,14,0,0,0,0
STR_039,2023,4,25456514.61,3740,14866,Mumbai,Maharashtra,Tier-2,Large Format,10000,2018-03-25,2,11046,16054510,East,1,1,10,30,0,0,0,11,0,0
STR_039,2023,5,23090043.36,3465,13406,Mumbai,Maharashtra,Tier-2,Large Format,10000,2018-03-25,2,11046,16054510,East,0,0,8,31,0,0,0,0,0,7
STR_039,2023,6,22989649.39,3493,13688,Mumbai,Maharashtra,Tier-2,Large Format,10000,2018-03-25,2,11046,16054510,East,0,0,8,30,8,0,0,0,0,0
STR_039,2023,7,24851474.73,3659,14345,Mumbai,Maharashtra,Tier-2,Large Format,10000,2018-03-25,2,11046,16054510,East,0,0,10,31,0,0,0,0,0,0
STR_039,2023,8,25206549.13,3717,14692,Mumbai,Maharashtra,Tier-2,Large Format,10000,2018-03-25,2,11046,16054510,East,1,1,8,31,0,0,0,0,10,0
STR_039,2023,9,23238538.41,3398,13272,Mumbai,Maharashtra,Tier-2,Large Format,10000,2018-03-25,2,11046,16054510,East,0,0,9,30,0,0,0,6,0,0
STR_039,2023,10,24843676.79,3536,14131,Mumbai,Maharashtra,Tier-2,Large Format,10000,2018-03-25,2,11046,16054510,East,1,1,9,31,0,0,0,0,0,0
STR_039,2023,11,25096815.96,3694,14735,Mumbai,Maharashtra,Tier-2,Large Format,10000,2018-03-25,2,11046,16054510,East,1,1,8,30,0,5,0,0,0,0
STR_039,2023,12,25665218.99,3651,14508,Mumbai,Maharashtra,Tier-2,Large Format,10000,2018-03-25,2,11046,16054510,East,1,1,10,31,0,0,0,0,0,0
STR_039,2024,1,25427707.58,3660,14747,Mumbai,Maharashtra,Tier-2,Large Format,10000,2018-03-25,2,11046,16054510,East,2,2,8,31,0,0,0,8,0,0
STR_039,2024,2,23727296.2,3480,13521,Mumbai,Maharashtra,Tier-2,Large Format,10000,2018-03-25,2,11046,16054510,East,0,0,8,29,0,0,0,0,0,0
STR_039,2024,3,25899219.71,3790,15057,Mumbai,Maharashtra,Tier-2,Large Format,10000,2018-03-25,2,11046,16054510,East,1,1,10,31,0,0,0,14,0,0
STR_039,2024,4,23842159.75,3401,13447,Mumbai,Maharashtra,Tier-2,Large Format,10000,2018-03-25,2,11046,16054510,East,1,1,8,30,0,0,0,0,0,0
STR_039,2024,5,24349074.1,3529,13936,Mumbai,Maharashtra,Tier-2,Large Format,10000,2018-03-25,2,11046,16054510,East,0,0,8,31,0,0,0,0,0,6
STR_039,2024,6,22401891.64,3376,13284,Mumbai,Maharashtra,Tier-2,Large Format,10000,2018-03-25,2,11046,16054510,East,0,0,10,30,0,8,0,0,0,0
STR_039,2024,7,23307146.32,3416,13319,Mumbai,Maharashtra,Tier-2,Large Format,10000,2018-03-25,2,11046,16054510,East,0,0,8,31,0,0,0,0,0,0
STR_039,2024,8,25314482.93,3652,14501,Mumbai,Maharashtra,Tier-2,Large Format,10000,2018-03-25,2,11046,16054510,East,1,1,9,31,0,0,9,0,0,0
STR_039,2024,9,24198417.57,3531,13790,Mumbai,Maharashtra,Tier-2,Large Format,10000,2018-03-25,2,11046,16054510,East,0,0,9,30,0,0,0,0,0,0
STR_039,2024,10,24937193.25,3564,14417,Mumbai,Maharashtra,Tier-2,Large Format,10000,2018-03-25,2,11046,16054510,East,2,2,8,31,0,0,12,0,0,0
STR_039,2024,11,22845515.98,3381,13218,Mumbai,Maharashtra,Tier-2,Large Format,10000,2018-03-25,2,11046,16054510,East,0,0,9,30,0,0,13,0,0,0
STR_039,2024,12,25248860.54,3726,14625,Mumbai,Maharashtra,Tier-2,Large Format,10000,2018-03-25,2,11046,16054510,East,1,1,9,31,0,0,0,0,0,6
STR_039,2025,1,25137124.12,3701,14773,Mumbai,Maharashtra,Tier-2,Large Format,10000,2018-03-25,2,11046,16054510,East,2,2,8,31,4,0,0,0,0,0
STR_039,2025,2,22524886.6,3207,12708,Mumbai,Maharashtra,Tier-2,Large Format,10000,2018-03-25,2,11046,16054510,East,0,0,8,28,0,0,0,0,0,0
STR_039,2025,3,26343388.59,3722,14879,Mumbai,Maharashtra,Tier-2,Large Format,10000,2018-03-25,2,11046,16054510,East,2,2,10,31,0,0,0,0,0,0
STR_039,2025,4,21688933.79,3373,13259,Mumbai,Maharashtra,Tier-2,Large Format,10000,2018-03-25,2,11046,16054510,East,0,0,8,30,9,0,0,0,0,0
STR_039,2025,5,25055860.4,3531,14094,Mumbai,Maharashtra,Tier-2,Large Format,10000,2018-03-25,2,11046,16054510,East,0,0,9,31,0,0,0,0,0,0
STR_039,2025,6,22759666.91,3364,13169,Mumbai,Maharashtra,Tier-2,Large Format,10000,2018-03-25,2,11046,16054510,East,0,0,9,30,0,0,0,7,0,0
STR_039,2025,7,23253951.17,3628,13980,Mumbai,Maharashtra,Tier-2,Large Format,10000,2018-03-25,2,11046,16054510,East,0,0,8,31,0,13,0,0,0,0
STR_039,2025,8,25016025.88,3623,14127,Mumbai,Maharashtra,Tier-2,Large Format,10000,2018-03-25,2,11046,16054510,East,1,1,10,31,0,0,0,0,0,0
STR_039,2025,9,22379797.96,3616,14162,Mumbai,Maharashtra,Tier-2,Large Format,10000,2018-03-25,2,11046,16054510,East,0,0,8,30,15,0,0,0,0,0
STR_039,2025,10,25624626.88,3818,15306,Mumbai,Maharashtra,Tier-2,Large Format,10000,2018-03-25,2,11046,16054510,East,2,2,8,31,0,11,0,0,0,0
STR_039,2025,11,23412635.07,3458,13493,Mumbai,Maharashtra,Tier-2,Large Format,10000,2018-03-25,2,11046,16054510,East,0,0,10,30,0,0,0,0,4,0
STR_039,2025,12,24956980.26,3611,14339,Mumbai,Maharashtra,Tier-2,Large Format,10000,2018-03-25,2,11046,16054510,East,1,1,8,31,0,0,4,0,0,0
STR_040,2021,1,9928803.1,1887,5765,Ahmedabad,Gujarat,Suburban,Medium High-Street,5000,2019-08-27,2,3943,4211108,West,2,2,10,31,0,0,0,0,0,10
STR_040,2021,2,8947531.52,1642,5082,Ahmedabad,Gujarat,Suburban,Medium High-Street,5000,2019-08-27,2,3943,4211108,West,0,0,8,28,0,0,0,0,0,0
STR_040,2021,3,9567670.39,1783,5452,Ahmedabad,Gujarat,Suburban,Medium High-Street,5000,2019-08-27,2,3943,4211108,West,1,1,8,31,0,0,0,0,0,0
STR_040,2021,4,8458911.6,1679,5197,Ahmedabad,Gujarat,Suburban,Medium High-Street,5000,2019-08-27,2,3943,4211108,West,0,0,8,30,12,0,0,0,0,0
STR_040,2021,5,9776050.08,1803,5640,Ahmedabad,Gujarat,Suburban,Medium High-Street,5000,2019-08-27,2,3943,4211108,West,1,1,10,31,0,0,0,0,12,0
STR_040,2021,6,8648355.89,1638,5117,Ahmedabad,Gujarat,Suburban,Medium High-Street,5000,2019-08-27,2,3943,4211108,West,0,0,8,30,0,0,9,0,4,0
STR_040,2021,7,8995602.46,1680,5112,Ahmedabad,Gujarat,Suburban,Medium High-Street,5000,2019-08-27,2,3943,4211108,West,0,0,9,31,0,0,0,0,0,0
STR_040,2021,8,10175489.27,1841,5787,Ahmedabad,Gujarat,Suburban,Medium High-Street,5000,2019-08-27,2,3943,4211108,West,1,1,9,31,0,0,0,0,0,0
STR_040,2021,9,8910554.14,1695,5104,Ahmedabad,Gujarat,Suburban,Medium High-Street,5000,2019-08-27,2,3943,4211108,West,0,0,8,30,0,0,0,0,0,0
STR_040,2021,10,10087105.04,1876,5805,Ahmedabad,Gujarat,Suburban,Medium High-Street,5000,2019-08-27,2,3943,4211108,West,1,1,10,31,0,0,0,0,0,0
STR_040,2021,11,9515898.23,1749,5434,Ahmedabad,Gujarat,Suburban,Medium High-Street,5000,2019-08-27,2,3943,4211108,West,1,1,8,30,0,0,0,0,15,0
STR_040,2021,12,9728811.87,1842,5757,Ahmedabad,Gujarat,Suburban,Medium High-Street,5000,2019-08-27,2,3943,4211108,West,1,1,8,31,4,0,0,0,0,0
STR_040,2022,1,10019968.42,1881,5846,Ahmedabad,Gujarat,Suburban,Medium High-Street,5000,2019-08-27,2,3943,4211108,West,2,2,10,31,0,0,0,0,13,0
STR_040,2022,2,8546449.57,1620,5013,Ahmedabad,Gujarat,Suburban,Medium High-Street,5000,2019-08-27,2,3943,4211108,West,0,0,8,28,0,5,0,0,0,0
STR_040,2022,3,9332117.48,1760,5459,Ahmedabad,Gujarat,Suburban,Medium High-Street,5000,2019-08-27,2,3943,4211108,West,1,1,8,31,0,0,0,15,0,0
STR_040,2022,4,8896656.5,1679,5155,Ahmedabad,Gujarat,Suburban,Medium High-Street,5000,2019-08-27,2,3943,4211108,West,0,0,9,30,0,4,0,0,0,0
STR_040,2022,5,9234513.47,1734,5298,Ahmedabad,Gujarat,Suburban,Medium High-Street,5000,2019-08-27,2,3943,4211108,West,1,1,9,31,0,0,0,0,0,0
STR_040,2022,6,8922629.84,1667,5129,Ahmedabad,Gujarat,Suburban,Medium High-Street,5000,2019-08-27,2,3943,4211108,West,0,0,8,30,0,0,6,0,0,0
STR_040,2022,7,9691139.87,1832,5624,Ahmedabad,Gujarat,Suburban,Medium High-Street,5000,2019-08-27,2,3943,4211108,West,0,0,10,31,0,0,0,0,0,11
STR_040,2022,8,9514220.37,1739,5443,Ahmedabad,Gujarat,Suburban,Medium High-Street,5000,2019-08-27,2,3943,4211108,West,1,1,8,31,0,5,0,0,0,0
STR_040,2022,9,8748159.81,1681,5103,Ahmedabad,Gujarat,Suburban,Medium High-Street,5000,2019-08-27,2,3943,4211108,West,0,0,8,30,0,0,0,0,0,8
STR_040,2022,10,10033526.79,1860,5807,Ahmedabad,Gujarat,Suburban,Medium High-Street,5000,2019-08-27,2,3943,4211108,West,2,2,10,31,0,0,0,0,0,0
STR_040,2022,11,8721916.61,1638,5033,Ahmedabad,Gujarat,Suburban,Medium High-Street,5000,2019-08-27,2,3943,4211108,West,0,0,8,30,0,0,0,12,0,0
STR_040,2022,12,10226401.82,1924,5878,Ahmedabad,Gujarat,Suburban,Medium High-Street,5000,2019-08-27,2,3943,4211108,West,1,1,9,31,0,0,0,0,0,10
STR_040,2023,1,9828987.34,1801,5677,Ahmedabad,Gujarat,Suburban,Medium High-Street,5000,2019-08-27,2,3943,4211108,West,2,2,9,31,0,0,0,0,5,0
STR_040,2023,2,8645459.85,1587,4889,Ahmedabad,Gujarat,Suburban,Medium High-Street,5000,2019-08-27,2,3943,4211108,West,0,0,8,28,0,0,0,6,0,0
STR_040,2023,3,9515608.34,1749,5432,Ahmedabad,Gujarat,Suburban,Medium High-Street,5000,2019-08-27,2,3943,4211108,West,1,1,8,31,0,0,0,6,0,0
STR_040,2023,4,9803584.62,1828,5712,Ahmedabad,Gujarat,Suburban,Medium High-Street,5000,2019-08-27,2,3943,4211108,West,1,1,10,30,0,0,4,0,0,0
STR_040,2023,5,8927608.46,1740,5332,Ahmedabad,Gujarat,Suburban,Medium High-Street,5000,2019-08-27,2,3943,4211108,West,0,0,8,31,0,10,0,0,0,0
STR_040,2023,6,8895281.49,1679,5238,Ahmedabad,Gujarat,Suburban,Medium High-Street,5000,2019-08-27,2,3943,4211108,West,0,0,8,30,4,0,0,0,0,0
STR_040,2023,7,9532195.7,1866,5554,Ahmedabad,Gujarat,Suburban,Medium High-Street,5000,2019-08-27,2,3943,4211108,West,0,0,10,31,0,0,0,10,0,0
STR_040,2023,8,8859595.74,1764,5449,Ahmedabad,Gujarat,Suburban,Medium High-Street,5000,2019-08-27,2,3943,4211108,West,1,1,8,31,10,0,0,0,0,0
STR_040,2023,9,8994509.74,1748,5363,Ahmedabad,Gujarat,Suburban,Medium High-Street,5000,2019-08-27,2,3943,4211108,West,0,0,9,30,0,11,0,0,0,0
STR_040,2023,10,9780691.07,1883,5875,Ahmedabad,Gujarat,Suburban,Medium High-Street,5000,2019-08-27,2,3943,4211108,West,1,1,9,31,0,12,0,0,0,0
STR_040,2023,11,9657091.51,1771,5550,Ahmedabad,Gujarat,Suburban,Medium High-Street,5000,2019-08-27,2,3943,4211108,West,1,1,8,30,0,0,0,0,0,0
STR_040,2023,12,9557422.73,1836,5549,Ahmedabad,Gujarat,Suburban,Medium High-Street,5000,2019-08-27,2,3943,4211108,West,1,1,10,31,0,0,0,13,0,0
STR_040,2024,1,10569222.5,1916,5964,Ahmedabad,Gujarat,Suburban,Medium High-Street,5000,2019-08-27,2,3943,4211108,West,2,2,8,31,0,0,0,0,0,0
STR_040,2024,2,8066546.1,1554,4699,Ahmedabad,Gujarat,Suburban,Medium High-Street,5000,2019-08-27,2,3943,4211108,West,0,0,8,29,0,0,0,0,0,6
STR_040,2024,3,9506191.04,1756,5497,Ahmedabad,Gujarat,Suburban,Medium High-Street,5000,2019-08-27,2,3943,4211108,West,1,1,10,31,0,0,0,0,0,0
STR_040,2024,4,8786187.05,1672,5055,Ahmedabad,Gujarat,Suburban,Medium High-Street,5000,2019-08-27,2,3943,4211108,West,1,1,8,30,0,0,0,0,4,0
STR_040,2024,5,9841527.61,1810,5532,Ahmedabad,Gujarat,Suburban,Medium High-Street,5000,2019-08-27,2,3943,4211108,West,0,0,8,31,0,0,0,0,0,0
STR_040,2024,6,8811736.46,1676,5062,Ahmedabad,Gujarat,Suburban,Medium High-Street,5000,2019-08-27,2,3943,4211108,West,0,0,10,30,0,0,0,0,8,0
STR_040,2024,7,8932454.57,1694,5192,Ahmedabad,Gujarat,Suburban,Medium High-Street,5000,2019-08-27,2,3943,4211108,West,0,0,8,31,0,0,0,0,0,12
STR_040,2024,8,9762694.02,1846,5636,Ahmedabad,Gujarat,Suburban,Medium High-Street,5000,2019-08-27,2,3943,4211108,West,1,1,9,31,0,5,0,0,0,0
STR_040,2024,9,9091239.76,1723,5191,Ahmedabad,Gujarat,Suburban,Medium High-Street,5000,2019-08-27,2,3943,4211108,West,0,0,9,30,0,0,0,0,0,0
STR_040,2024,10,10801716.71,1920,6081,Ahmedabad,Gujarat,Suburban,Medium High-Street,5000,2019-08-27,2,3943,4211108,West,2,2,8,31,0,0,0,0,0,0
STR_040,2024,11,8834192.27,1644,5068,Ahmedabad,Gujarat,Suburban,Medium High-Street,5000,2019-08-27,2,3943,4211108,West,0,0,9,30,0,0,0,0,0,0
STR_040,2024,12,9748400.51,1817,5707,Ahmedabad,Gujarat,Suburban,Medium High-Street,5000,2019-08-27,2,3943,4211108,West,1,1,9,31,0,7,0,0,0,0
STR_040,2025,1,10398065.32,1903,5930,Ahmedabad,Gujarat,Suburban,Medium High-Street,5000,2019-08-27,2,3943,4211108,West,2,2,8,31,0,0,0,14,0,0
STR_040,2025,2,7841729.0,1604,4918,Ahmedabad,Gujarat,Suburban,Medium High-Street,5000,2019-08-27,2,3943,4211108,West,0,0,8,28,10,0,0,0,0,0
STR_040,2025,3,9836480.9,1870,5804,Ahmedabad,Gujarat,Suburban,Medium High-Street,5000,2019-08-27,2,3943,4211108,West,2,2,10,31,5,0,0,0,0,0
STR_040,2025,4,8691145.26,1686,5192,Ahmedabad,Gujarat,Suburban,Medium High-Street,5000,2019-08-27,2,3943,4211108,West,0,0,8,30,5,0,0,0,0,0
STR_040,2025,5,9890183.0,1855,5674,Ahmedabad,Gujarat,Suburban,Medium High-Street,5000,2019-08-27,2,3943,4211108,West,0,0,9,31,0,0,0,0,0,0
STR_040,2025,6,8540801.72,1745,5206,Ahmedabad,Gujarat,Suburban,Medium High-Street,5000,2019-08-27,2,3943,4211108,West,0,0,9,30,10,0,0,0,0,0
STR_040,2025,7,9318916.13,1725,5303,Ahmedabad,Gujarat,Suburban,Medium High-Street,5000,2019-08-27,2,3943,4211108,West,0,0,8,31,0,0,0,0,0,0
STR_040,2025,8,10057836.38,1911,5899,Ahmedabad,Gujarat,Suburban,Medium High-Street,5000,2019-08-27,2,3943,4211108,West,1,1,10,31,0,8,0,0,0,0
STR_040,2025,9,9501601.6,1776,5461,Ahmedabad,Gujarat,Suburban,Medium High-Street,5000,2019-08-27,2,3943,4211108,West,0,0,8,30,0,0,0,0,0,0
STR_040,2025,10,9501539.53,1859,5767,Ahmedabad,Gujarat,Suburban,Medium High-Street,5000,2019-08-27,2,3943,4211108,West,2,2,8,31,0,11,0,0,0,0
STR_040,2025,11,9205673.17,1773,5409,Ahmedabad,Gujarat,Suburban,Medium High-Street,5000,2019-08-27,2,3943,4211108,West,0,0,10,30,0,6,0,0,0,0
STR_040,2025,12,9080234.06,1764,5344,Ahmedabad,Gujarat,Suburban,Medium High-Street,5000,2019-08-27,2,3943,4211108,West,1,1,8,31,5,0,0,0,0,0
STR_041,2021,1,26027492.18,3762,15025,Mumbai,Maharashtra,Metro,Large Format,10000,2020-06-04,7,10324,6373997,South,2,2,10,31,0,0,0,0,0,0
STR_041,2021,2,21775138.98,3220,12625,Mumbai,Maharashtra,Metro,Large Format,10000,2020-06-04,7,10324,6373997,South,0,0,8,28,0,0,0,0,11,0
STR_041,2021,3,24199363.88,3517,14142,Mumbai,Maharashtra,Metro,Large Format,10000,2020-06-04,7,10324,6373997,South,1,1,8,31,0,0,0,0,0,0
STR_041,2021,4,21950908.1,3437,13464,Mumbai,Maharashtra,Metro,Large Format,10000,2020-06-04,7,10324,6373997,South,0,0,8,30,9,0,0,0,0,0
STR_041,2021,5,23846134.83,3565,14091,Mumbai,Maharashtra,Metro,Large Format,10000,2020-06-04,7,10324,6373997,South,1,1,10,31,4,0,0,0,0,0
STR_041,2021,6,22169508.7,3324,12930,Mumbai,Maharashtra,Metro,Large Format,10000,2020-06-04,7,10324,6373997,South,0,0,8,30,0,0,0,8,0,0
STR_041,2021,7,22498727.2,3545,13801,Mumbai,Maharashtra,Metro,Large Format,10000,2020-06-04,7,10324,6373997,South,0,0,9,31,13,0,0,0,0,0
STR_041,2021,8,26582251.57,3821,15269,Mumbai,Maharashtra,Metro,Large Format,10000,2020-06-04,7,10324,6373997,South,1,1,9,31,0,0,0,0,0,0
STR_041,2021,9,22732397.53,3342,13093,Mumbai,Maharashtra,Metro,Large Format,10000,2020-06-04,7,10324,6373997,South,0,0,8,30,0,0,0,0,7,0
STR_041,2021,10,24642792.97,3822,15080,Mumbai,Maharashtra,Metro,Large Format,10000,2020-06-04,7,10324,6373997,South,1,1,10,31,0,16,0,0,0,0
STR_041,2021,11,22511260.38,3312,13047,Mumbai,Maharashtra,Metro,Large Format,10000,2020-06-04,7,10324,6373997,South,1,1,8,30,0,0,0,10,0,0
STR_041,2021,12,25685012.82,3762,15382,Mumbai,Maharashtra,Metro,Large Format,10000,2020-06-04,7,10324,6373997,South,1,1,8,31,9,0,0,0,0,0
STR_041,2022,1,25782211.08,3679,14704,Mumbai,Maharashtra,Metro,Large Format,10000,2020-06-04,7,10324,6373997,South,2,2,10,31,0,0,0,0,0,0
STR_041,2022,2,22202354.13,3257,12838,Mumbai,Maharashtra,Metro,Large Format,10000,2020-06-04,7,10324,6373997,South,0,0,8,28,0,0,0,0,10,0
STR_041,2022,3,24474983.28,3533,14006,Mumbai,Maharashtra,Metro,Large Format,10000,2020-06-04,7,10324,6373997,South,1,1,8,31,0,0,0,0,3,0
STR_041,2022,4,23243706.42,3613,14367,Mumbai,Maharashtra,Metro,Large Format,10000,2020-06-04,7,10324,6373997,South,0,0,9,30,11,0,0,0,0,0
STR_041,2022,5,24339384.44,3581,14015,Mumbai,Maharashtra,Metro,Large Format,10000,2020-06-04,7,10324,6373997,South,1,1,9,31,0,0,11,0,0,0
STR_041,2022,6,23333890.65,3414,13415,Mumbai,Maharashtra,Metro,Large Format,10000,2020-06-04,7,10324,6373997,South,0,0,8,30,0,0,9,0,0,0
STR_041,2022,7,23147981.24,3384,13213,Mumbai,Maharashtra,Metro,Large Format,10000,2020-06-04,7,10324,6373997,South,0,0,10,31,0,0,0,0,0,0
STR_041,2022,8,24299054.73,3534,13872,Mumbai,Maharashtra,Metro,Large Format,10000,2020-06-04,7,10324,6373997,South,1,1,8,31,0,0,0,0,0,0
STR_041,2022,9,23273760.95,3451,13481,Mumbai,Maharashtra,Metro,Large Format,10000,2020-06-04,7,10324,6373997,South,0,0,8,30,0,0,0,5,0,0
STR_041,2022,10,25866503.08,3739,15022,Mumbai,Maharashtra,Metro,Large Format,10000,2020-06-04,7,10324,6373997,South,2,2,10,31,0,0,9,0,0,0
STR_041,2022,11,22716012.99,3301,13047,Mumbai,Maharashtra,Metro,Large Format,10000,2020-06-04,7,10324,6373997,South,0,0,8,30,0,0,0,0,0,0
STR_041,2022,12,26030881.83,3700,14759,Mumbai,Maharashtra,Metro,Large Format,10000,2020-06-04,7,10324,6373997,South,1,1,9,31,0,0,0,0,0,0
STR_041,2023,1,25568196.42,3630,14750,Mumbai,Maharashtra,Metro,Large Format,10000,2020-06-04,7,10324,6373997,South,2,2,9,31,0,0,0,0,7,0
STR_041,2023,2,21170318.49,3100,12229,Mumbai,Maharashtra,Metro,Large Format,10000,2020-06-04,7,10324,6373997,South,0,0,8,28,0,0,0,0,0,0
STR_041,2023,3,24799707.33,3614,14156,Mumbai,Maharashtra,Metro,Large Format,10000,2020-06-04,7,10324,6373997,South,1,1,8,31,0,0,0,5,0,0
STR_041,2023,4,23155397.7,3509,14121,Mumbai,Maharashtra,Metro,Large Format,10000,2020-06-04,7,10324,6373997,South,1,1,10,30,9,0,0,0,0,0
STR_041,2023,5,24272819.75,3524,13841,Mumbai,Maharashtra,Metro,Large Format,10000,2020-06-04,7,10324,6373997,South,0,0,8,31,0,0,0,0,0,0
STR_041,2023,6,22540502.57,3381,13210,Mumbai,Maharashtra,Metro,Large Format,10000,2020-06-04,7,10324,6373997,South,0,0,8,30,0,0,0,0,0,13
STR_041,2023,7,23719756.23,3447,13483,Mumbai,Maharashtra,Metro,Large Format,10000,2020-06-04,7,10324,6373997,South,0,0,10,31,0,0,0,0,0,0
STR_041,2023,8,24990324.94,3682,14494,Mumbai,Maharashtra,Metro,Large Format,10000,2020-06-04,7,10324,6373997,South,1,1,8,31,0,0,9,0,0,0
STR_041,2023,9,24182951.54,3578,13948,Mumbai,Maharashtra,Metro,Large Format,10000,2020-06-04,7,10324,6373997,South,0,0,9,30,0,0,0,10,0,0
STR_041,2023,10,25284186.43,3740,14726,Mumbai,Maharashtra,Metro,Large Format,10000,2020-06-04,7,10324,6373997,South,1,1,9,31,0,0,0,0,14,0
STR_041,2023,11,24313525.59,3479,13846,Mumbai,Maharashtra,Metro,Large Format,10000,2020-06-04,7,10324,6373997,South,1,1,8,30,0,0,0,0,1,0
STR_041,2023,12,25706984.18,3723,14594,Mumbai,Maharashtra,Metro,Large Format,10000,2020-06-04,7,10324,6373997,South,1,1,10,31,0,0,0,0,0,0
STR_041,2024,1,24757131.86,3727,15165,Mumbai,Maharashtra,Metro,Large Format,10000,2020-06-04,7,10324,6373997,South,2,2,8,31,0,16,0,0,0,0
STR_041,2024,2,22021134.18,3203,12583,Mumbai,Maharashtra,Metro,Large Format,10000,2020-06-04,7,10324,6373997,South,0,0,8,29,0,0,0,0,0,0
STR_041,2024,3,24432030.52,3776,14835,Mumbai,Maharashtra,Metro,Large Format,10000,2020-06-04,7,10324,6373997,South,1,1,10,31,0,15,0,0,0,0
STR_041,2024,4,25683193.54,3761,14953,Mumbai,Maharashtra,Metro,Large Format,10000,2020-06-04,7,10324,6373997,South,1,1,8,30,0,0,0,0,0,12
STR_041,2024,5,24739446.52,3559,13970,Mumbai,Maharashtra,Metro,Large Format,10000,2020-06-04,7,10324,6373997,South,0,0,8,31,0,0,0,0,0,0
STR_041,2024,6,24173990.03,3572,14067,Mumbai,Maharashtra,Metro,Large Format,10000,2020-06-04,7,10324,6373997,South,0,0,10,30,0,0,12,0,0,0
STR_041,2024,7,24329651.01,3601,14199,Mumbai,Maharashtra,Metro,Large Format,10000,2020-06-04,7,10324,6373997,South,0,0,8,31,0,0,3,0,4,0
STR_041,2024,8,23548499.25,3652,14469,Mumbai,Maharashtra,Metro,Large Format,10000,2020-06-04,7,10324,6373997,South,1,1,9,31,12,0,0,0,0,0
STR_041,2024,9,24174181.66,3519,13809,Mumbai,Maharashtra,Metro,Large Format,10000,2020-06-04,7,10324,6373997,South,0,0,9,30,0,0,0,0,0,0
STR_041,2024,10,25657462.74,3710,14833,Mumbai,Maharashtra,Metro,Large Format,10000,2020-06-04,7,10324,6373997,South,2,2,8,31,0,0,0,0,0,9
STR_041,2024,11,21267629.38,3385,13012,Mumbai,Maharashtra,Metro,Large Format,10000,2020-06-04,7,10324,6373997,South,0,0,9,30,11,0,0,0,0,0
STR_041,2024,12,24228720.52,3544,13875,Mumbai,Maharashtra,Metro,Large Format,10000,2020-06-04,7,10324,6373997,South,1,1,9,31,0,0,0,4,0,0
STR_041,2025,1,24411430.97,3637,14559,Mumbai,Maharashtra,Metro,Large Format,10000,2020-06-04,7,10324,6373997,South,2,2,8,31,0,13,0,0,0,0
STR_041,2025,2,21078196.18,3116,12335,Mumbai,Maharashtra,Metro,Large Format,10000,2020-06-04,7,10324,6373997,South,0,0,8,28,0,0,0,0,9,0
STR_041,2025,3,26449591.58,3787,15296,Mumbai,Maharashtra,Metro,Large Format,10000,2020-06-04,7,10324,6373997,South,2,2,10,31,0,0,0,0,4,0
STR_041,2025,4,22952420.88,3411,13207,Mumbai,Maharashtra,Metro,Large Format,10000,2020-06-04,7,10324,6373997,South,0,0,8,30,0,0,0,0,0,0
STR_041,2025,5,24505039.28,3564,14033,Mumbai,Maharashtra,Metro,Large Format,10000,2020-06-04,7,10324,6373997,South,0,0,9,31,0,0,5,0,0,0
STR_041,2025,6,23402344.96,3408,13517,Mumbai,Maharashtra,Metro,Large Format,10000,2020-06-04,7,10324,6373997,South,0,0,9,30,0,0,0,8,0,0
STR_041,2025,7,23905209.51,3504,13643,Mumbai,Maharashtra,Metro,Large Format,10000,2020-06-04,7,10324,6373997,South,0,0,8,31,0,0,0,0,0,0
STR_041,2025,8,25030546.46,3592,14263,Mumbai,Maharashtra,Metro,Large Format,10000,2020-06-04,7,10324,6373997,South,1,1,10,31,0,0,0,0,0,0
STR_041,2025,9,22559034.04,3342,13053,Mumbai,Maharashtra,Metro,Large Format,10000,2020-06-04,7,10324,6373997,South,0,0,8,30,0,0,9,0,0,0
STR_041,2025,10,25113661.6,3675,14605,Mumbai,Maharashtra,Metro,Large Format,10000,2020-06-04,7,10324,6373997,South,2,2,8,31,0,0,0,0,0,6
STR_041,2025,11,23021430.46,3464,13700,Mumbai,Maharashtra,Metro,Large Format,10000,2020-06-04,7,10324,6373997,South,0,0,10,30,0,8,0,0,0,0
STR_041,2025,12,24972292.5,3662,14415,Mumbai,Maharashtra,Metro,Large Format,10000,2020-06-04,7,10324,6373997,South,1,1,8,31,0,0,0,0,0,0
STR_042,2021,1,5557486.06,766,3108,Mumbai,Maharashtra,Rural,Mall Store,2000,2016-01-31,9,1524,1067611,North,2,2,10,31,0,0,8,0,0,0
STR_042,2021,2,4443322.17,643,2557,Mumbai,Maharashtra,Rural,Mall Store,2000,2016-01-31,9,1524,1067611,North,0,0,8,28,0,0,0,0,0,0
STR_042,2021,3,4630285.87,703,2731,Mumbai,Maharashtra,Rural,Mall Store,2000,2016-01-31,9,1524,1067611,North,1,1,8,31,0,5,0,0,0,0
STR_042,2021,4,4420539.91,665,2653,Mumbai,Maharashtra,Rural,Mall Store,2000,2016-01-31,9,1524,1067611,North,0,0,8,30,0,15,0,0,0,0
STR_042,2021,5,5194490.96,751,2977,Mumbai,Maharashtra,Rural,Mall Store,2000,2016-01-31,9,1524,1067611,North,1,1,10,31,0,0,0,9,0,0
STR_042,2021,6,4401465.84,650,2506,Mumbai,Maharashtra,Rural,Mall Store,2000,2016-01-31,9,1524,1067611,North,0,0,8,30,0,0,0,0,0,0
STR_042,2021,7,4775221.96,699,2698,Mumbai,Maharashtra,Rural,Mall Store,2000,2016-01-31,9,1524,1067611,North,0,0,9,31,0,0,0,4,0,0
STR_042,2021,8,4618178.11,723,2872,Mumbai,Maharashtra,Rural,Mall Store,2000,2016-01-31,9,1524,1067611,North,1,1,9,31,9,0,0,0,0,0
STR_042,2021,9,4220202.35,669,2553,Mumbai,Maharashtra,Rural,Mall Store,2000,2016-01-31,9,1524,1067611,North,0,0,8,30,0,0,0,0,0,16
STR_042,2021,10,5228495.41,752,2971,Mumbai,Maharashtra,Rural,Mall Store,2000,2016-01-31,9,1524,1067611,North,1,1,10,31,0,0,0,0,11,0
STR_042,2021,11,4710091.12,687,2773,Mumbai,Maharashtra,Rural,Mall Store,2000,2016-01-31,9,1524,1067611,North,1,1,8,30,0,0,11,0,0,0
STR_042,2021,12,4650645.77,699,2772,Mumbai,Maharashtra,Rural,Mall Store,2000,2016-01-31,9,1524,1067611,North,1,1,8,31,0,0,0,14,0,0
STR_042,2022,1,5291576.97,788,3091,Mumbai,Maharashtra,Rural,Mall Store,2000,2016-01-31,9,1524,1067611,North,2,2,10,31,0,0,16,0,0,0
STR_042,2022,2,4029761.32,654,2575,Mumbai,Maharashtra,Rural,Mall Store,2000,2016-01-31,9,1524,1067611,North,0,0,8,28,0,16,0,0,0,0
STR_042,2022,3,4861495.91,707,2849,Mumbai,Maharashtra,Rural,Mall Store,2000,2016-01-31,9,1524,1067611,North,1,1,8,31,0,0,0,0,0,0
STR_042,2022,4,4488675.19,686,2682,Mumbai,Maharashtra,Rural,Mall Store,2000,2016-01-31,9,1524,1067611,North,0,0,9,30,0,0,0,0,14,0
STR_042,2022,5,4841557.28,721,2793,Mumbai,Maharashtra,Rural,Mall Store,2000,2016-01-31,9,1524,1067611,North,1,1,9,31,0,0,15,0,0,0
STR_042,2022,6,4444815.01,662,2596,Mumbai,Maharashtra,Rural,Mall Store,2000,2016-01-31,9,1524,1067611,North,0,0,8,30,0,0,0,10,0,0
STR_042,2022,7,4774845.92,719,2866,Mumbai,Maharashtra,Rural,Mall Store,2000,2016-01-31,9,1524,1067611,North,0,0,10,31,6,0,0,0,0,0
STR_042,2022,8,4509776.8,695,2663,Mumbai,Maharashtra,Rural,Mall Store,2000,2016-01-31,9,1524,1067611,North,1,1,8,31,0,0,0,0,0,0
STR_042,2022,9,4373363.54,663,2626,Mumbai,Maharashtra,Rural,Mall Store,2000,2016-01-31,9,1524,1067611,North,0,0,8,30,0,9,0,0,0,0
STR_042,2022,10,5127660.42,737,2932,Mumbai,Maharashtra,Rural,Mall Store,2000,2016-01-31,9,1524,1067611,North,2,2,10,31,0,0,0,0,0,0
STR_042,2022,11,4624491.38,697,2762,Mumbai,Maharashtra,Rural,Mall Store,2000,2016-01-31,9,1524,1067611,North,0,0,8,30,7,0,0,0,0,0
STR_042,2022,12,4797132.11,753,2996,Mumbai,Maharashtra,Rural,Mall Store,2000,2016-01-31,9,1524,1067611,North,1,1,9,31,12,0,0,0,0,0
STR_042,2023,1,5109679.92,731,2975,Mumbai,Maharashtra,Rural,Mall Store,2000,2016-01-31,9,1524,1067611,North,2,2,9,31,0,0,0,16,0,0
STR_042,2023,2,4213173.5,619,2443,Mumbai,Maharashtra,Rural,Mall Store,2000,2016-01-31,9,1524,1067611,North,0,0,8,28,0,0,0,0,15,0
STR_042,2023,3,4754128.82,693,2729,Mumbai,Maharashtra,Rural,Mall Store,2000,2016-01-31,9,1524,1067611,North,1,1,8,31,0,0,0,0,0,0
STR_042,2023,4,4971232.87,712,2855,Mumbai,Maharashtra,Rural,Mall Store,2000,2016-01-31,9,1524,1067611,North,1,1,10,30,0,0,0,0,0,0
STR_042,2023,5,4383029.02,677,2553,Mumbai,Maharashtra,Rural,Mall Store,2000,2016-01-31,9,1524,1067611,North,0,0,8,31,0,0,0,0,0,14
STR_042,2023,6,4396752.76,649,2559,Mumbai,Maharashtra,Rural,Mall Store,2000,2016-01-31,9,1524,1067611,North,0,0,8,30,0,0,0,0,0,0
STR_042,2023,7,4883765.15,732,2821,Mumbai,Maharashtra,Rural,Mall Store,2000,2016-01-31,9,1524,1067611,North,0,0,10,31,0,0,0,0,0,0
STR_042,2023,8,4613145.05,684,2687,Mumbai,Maharashtra,Rural,Mall Store,2000,2016-01-31,9,1524,1067611,North,1,1,8,31,0,0,0,0,13,0
STR_042,2023,9,4850273.33,698,2775,Mumbai,Maharashtra,Rural,Mall Store,2000,2016-01-31,9,1524,1067611,North,0,0,9,30,0,0,8,0,0,0
STR_042,2023,10,4798430.29,707,2798,Mumbai,Maharashtra,Rural,Mall Store,2000,2016-01-31,9,1524,1067611,North,1,1,9,31,7,0,0,0,0,0
STR_042,2023,11,4692657.37,678,2726,Mumbai,Maharashtra,Rural,Mall Store,2000,2016-01-31,9,1524,1067611,North,1,1,8,30,0,0,12,0,0,0
STR_042,2023,12,4933336.21,761,2855,Mumbai,Maharashtra,Rural,Mall Store,2000,2016-01-31,9,1524,1067611,North,1,1,10,31,0,0,0,0,0,0
STR_042,2024,1,5003980.53,718,2903,Mumbai,Maharashtra,Rural,Mall Store,2000,2016-01-31,9,1524,1067611,North,2,2,8,31,0,0,0,0,0,8
STR_042,2024,2,3959990.28,664,2582,Mumbai,Maharashtra,Rural,Mall Store,2000,2016-01-31,9,1524,1067611,North,0,0,8,29,16,0,0,0,0,0
STR_042,2024,3,5124283.95,748,2929,Mumbai,Maharashtra,Rural,Mall Store,2000,2016-01-31,9,1524,1067611,North,1,1,10,31,0,0,0,10,0,0
STR_042,2024,4,4795383.46,704,2910,Mumbai,Maharashtra,Rural,Mall Store,2000,2016-01-31,9,1524,1067611,North,1,1,8,30,0,12,0,0,0,0
STR_042,2024,5,4485851.73,665,2594,Mumbai,Maharashtra,Rural,Mall Store,2000,2016-01-31,9,1524,1067611,North,0,0,8,31,0,0,0,0,0,0
STR_042,2024,6,4678726.79,696,2663,Mumbai,Maharashtra,Rural,Mall Store,2000,2016-01-31,9,1524,1067611,North,0,0,10,30,0,0,0,0,12,0
STR_042,2024,7,4586376.83,670,2682,Mumbai,Maharashtra,Rural,Mall Store,2000,2016-01-31,9,1524,1067611,North,0,0,8,31,0,0,6,0,0,0
STR_042,2024,8,4774167.56,701,2785,Mumbai,Maharashtra,Rural,Mall Store,2000,2016-01-31,9,1524,1067611,North,1,1,9,31,5,0,0,0,0,0
STR_042,2024,9,4544659.41,658,2693,Mumbai,Maharashtra,Rural,Mall Store,2000,2016-01-31,9,1524,1067611,North,0,0,9,30,0,0,12,0,0,0
STR_042,2024,10,5253407.82,754,3047,Mumbai,Maharashtra,Rural,Mall Store,2000,2016-01-31,9,1524,1067611,North,2,2,8,31,0,0,0,0,0,0
STR_042,2024,11,4423728.92,640,2493,Mumbai,Maharashtra,Rural,Mall Store,2000,2016-01-31,9,1524,1067611,North,0,0,9,30,0,0,0,0,0,0
STR_042,2024,12,5090627.83,724,2873,Mumbai,Maharashtra,Rural,Mall Store,2000,2016-01-31,9,1524,1067611,North,1,1,9,31,0,0,0,0,5,0
STR_042,2025,1,5453556.35,784,3128,Mumbai,Maharashtra,Rural,Mall Store,2000,2016-01-31,9,1524,1067611,North,2,2,8,31,0,0,0,13,0,0
STR_042,2025,2,4227140.41,657,2532,Mumbai,Maharashtra,Rural,Mall Store,2000,2016-01-31,9,1524,1067611,North,0,0,8,28,0,10,0,0,0,0
STR_042,2025,3,5156703.47,736,2935,Mumbai,Maharashtra,Rural,Mall Store,2000,2016-01-31,9,1524,1067611,North,2,2,10,31,0,0,0,0,0,0
STR_042,2025,4,4396562.08,664,2615,Mumbai,Maharashtra,Rural,Mall Store,2000,2016-01-31,9,1524,1067611,North,0,0,8,30,0,0,8,0,0,0
STR_042,2025,5,4304155.27,674,2653,Mumbai,Maharashtra,Rural,Mall Store,2000,2016-01-31,9,1524,1067611,North,0,0,9,31,7,0,0,0,0,0
STR_042,2025,6,4493478.92,660,2529,Mumbai,Maharashtra,Rural,Mall Store,2000,2016-01-31,9,1524,1067611,North,0,0,9,30,0,0,0,0,11,0
STR_042,2025,7,4683742.85,679,2642,Mumbai,Maharashtra,Rural,Mall Store,2000,2016-01-31,9,1524,1067611,North,0,0,8,31,0,0,0,0,5,0
STR_042,2025,8,4822188.07,699,2775,Mumbai,Maharashtra,Rural,Mall Store,2000,2016-01-31,9,1524,1067611,North,1,1,10,31,0,0,0,11,0,0
STR_042,2025,9,4486256.71,665,2610,Mumbai,Maharashtra,Rural,Mall Store,2000,2016-01-31,9,1524,1067611,North,0,0,8,30,0,0,0,0,0,5
STR_042,2025,10,5420283.91,761,3090,Mumbai,Maharashtra,Rural,Mall Store,2000,2016-01-31,9,1524,1067611,North,2,2,8,31,0,0,0,0,0,11
STR_042,2025,11,4854589.39,704,2765,Mumbai,Maharashtra,Rural,Mall Store,2000,2016-01-31,9,1524,1067611,North,0,0,10,30,0,0,0,0,9,0
STR_042,2025,12,5060978.41,722,2857,Mumbai,Maharashtra,Rural,Mall Store,2000,2016-01-31,9,1524,1067611,North,1,1,8,31,0,0,6,0,0,0
STR_043,2021,1,25596804.55,3795,15224,Chennai,Tamil Nadu,Suburban,Large Format,10000,2019-08-06,6,13543,12459853,East,2,2,10,31,0,0,16,0,0,0
STR_043,2021,2,20554372.51,3173,12677,Chennai,Tamil Nadu,Suburban,Large Format,10000,2019-08-06,6,13543,12459853,East,0,0,8,28,0,16,0,0,0,0
STR_043,2021,3,25470556.71,3663,14458,Chennai,Tamil Nadu,Suburban,Large Format,10000,2019-08-06,6,13543,12459853,East,1,1,8,31,0,0,0,0,0,0
STR_043,2021,4,24123033.89,3568,13984,Chennai,Tamil Nadu,Suburban,Large Format,10000,2019-08-06,6,13543,12459853,East,0,0,8,30,0,0,0,0,11,0
STR_043,2021,5,25591619.4,3782,15033,Chennai,Tamil Nadu,Suburban,Large Format,10000,2019-08-06,6,13543,12459853,East,1,1,10,31,0,0,0,0,4,16
STR_043,2021,6,21064205.97,3433,13349,Chennai,Tamil Nadu,Suburban,Large Format,10000,2019-08-06,6,13543,12459853,East,0,0,8,30,13,0,0,0,0,0
STR_043,2021,7,22980903.4,3471,13677,Chennai,Tamil Nadu,Suburban,Large Format,10000,2019-08-06,6,13543,12459853,East,0,0,9,31,0,13,0,0,0,0
STR_043,2021,8,26036294.81,3698,14798,Chennai,Tamil Nadu,Suburban,Large Format,10000,2019-08-06,6,13543,12459853,East,1,1,9,31,0,0,0,0,0,0
STR_043,2021,9,22696008.3,3349,13159,Chennai,Tamil Nadu,Suburban,Large Format,10000,2019-08-06,6,13543,12459853,East,0,0,8,30,0,0,0,11,0,0
STR_043,2021,10,24144846.73,3646,14515,Chennai,Tamil Nadu,Suburban,Large Format,10000,2019-08-06,6,13543,12459853,East,1,1,10,31,0,13,0,0,0,0
STR_043,2021,11,24232630.87,3527,14002,Chennai,Tamil Nadu,Suburban,Large Format,10000,2019-08-06,6,13543,12459853,East,1,1,8,30,0,0,0,0,13,0
STR_043,2021,12,25104294.13,3633,14369,Chennai,Tamil Nadu,Suburban,Large Format,10000,2019-08-06,6,13543,12459853,East,1,1,8,31,0,0,0,0,0,0
STR_043,2022,1,26880522.41,3865,15371,Chennai,Tamil Nadu,Suburban,Large Format,10000,2019-08-06,6,13543,12459853,East,2,2,10,31,0,0,0,0,0,0
STR_043,2022,2,21963773.05,3189,12497,Chennai,Tamil Nadu,Suburban,Large Format,10000,2019-08-06,6,13543,12459853,East,0,0,8,28,0,0,0,0,0,0
STR_043,2022,3,24340047.2,3592,14341,Chennai,Tamil Nadu,Suburban,Large Format,10000,2019-08-06,6,13543,12459853,East,1,1,8,31,0,9,0,0,0,0
STR_043,2022,4,23652844.18,3425,13528,Chennai,Tamil Nadu,Suburban,Large Format,10000,2019-08-06,6,13543,12459853,East,0,0,9,30,0,0,0,0,0,0
STR_043,2022,5,24121127.71,3519,13985,Chennai,Tamil Nadu,Suburban,Large Format,10000,2019-08-06,6,13543,12459853,East,1,1,9,31,0,0,8,0,0,0
STR_043,2022,6,23576164.14,3466,13642,Chennai,Tamil Nadu,Suburban,Large Format,10000,2019-08-06,6,13543,12459853,East,0,0,8,30,0,0,0,0,0,0
STR_043,2022,7,23603235.92,3509,13837,Chennai,Tamil Nadu,Suburban,Large Format,10000,2019-08-06,6,13543,12459853,East,0,0,10,31,0,10,0,0,0,0
STR_043,2022,8,22987472.84,3622,14486,Chennai,Tamil Nadu,Suburban,Large Format,10000,2019-08-06,6,13543,12459853,East,1,1,8,31,16,0,0,0,0,0
STR_043,2022,9,23922128.73,3493,13617,Chennai,Tamil Nadu,Suburban,Large Format,10000,2019-08-06,6,13543,12459853,East,0,0,8,30,0,0,0,0,0,0
STR_043,2022,10,25272599.66,3797,15242,Chennai,Tamil Nadu,Suburban,Large Format,10000,2019-08-06,6,13543,12459853,East,2,2,10,31,6,0,0,0,0,0
STR_043,2022,11,23008349.6,3383,13187,Chennai,Tamil Nadu,Suburban,Large Format,10000,2019-08-06,6,13543,12459853,East,0,0,8,30,0,0,0,0,0,0
STR_043,2022,12,25794317.34,3621,14465,Chennai,Tamil Nadu,Suburban,Large Format,10000,2019-08-06,6,13543,12459853,East,1,1,9,31,0,0,0,0,0,0
STR_043,2023,1,27368070.88,3837,15448,Chennai,Tamil Nadu,Suburban,Large Format,10000,2019-08-06,6,13543,12459853,East,2,2,9,31,0,0,0,0,0,0
STR_043,2023,2,21612832.51,3229,12590,Chennai,Tamil Nadu,Suburban,Large Format,10000,2019-08-06,6,13543,12459853,East,0,0,8,28,0,0,0,13,0,0
STR_043,2023,3,23981584.05,3453,13681,Chennai,Tamil Nadu,Suburban,Large Format,10000,2019-08-06,6,13543,12459853,East,1,1,8,31,0,0,0,0,0,0
STR_043,2023,4,26062377.05,3711,14882,Chennai,Tamil Nadu,Suburban,Large Format,10000,2019-08-06,6,13543,12459853,East,1,1,10,30,0,0,0,0,0,0
STR_043,2023,5,22516545.06,3385,13247,Chennai,Tamil Nadu,Suburban,Large Format,10000,2019-08-06,6,13543,12459853,East,0,0,8,31,0,0,0,7,0,0
STR_043,2023,6,22388511.48,3318,12887,Chennai,Tamil Nadu,Suburban,Large Format,10000,2019-08-06,6,13543,12459853,East,0,0,8,30,0,0,0,0,0,0
STR_043,2023,7,23889613.94,3535,13896,Chennai,Tamil Nadu,Suburban,Large Format,10000,2019-08-06,6,13543,12459853,East,0,0,10,31,0,0,9,0,0,0
STR_043,2023,8,23831274.92,3627,14546,Chennai,Tamil Nadu,Suburban,Large Format,10000,2019-08-06,6,13543,12459853,East,1,1,8,31,10,0,0,0,0,0
STR_043,2023,9,21123406.32,3173,12267,Chennai,Tamil Nadu,Suburban,Large Format,10000,2019-08-06,6,13543,12459853,East,0,0,9,30,0,4,0,0,0,0
STR_043,2023,10,24825667.18,3641,14318,Chennai,Tamil Nadu,Suburban,Large Format,10000,2019-08-06,6,13543,12459853,East,1,1,9,31,0,0,0,13,0,0
STR_043,2023,11,24489781.37,3534,14103,Chennai,Tamil Nadu,Suburban,Large Format,10000,2019-08-06,6,13543,12459853,East,1,1,8,30,0,0,0,6,0,0
STR_043,2023,12,25492161.08,3654,14551,Chennai,Tamil Nadu,Suburban,Large Format,10000,2019-08-06,6,13543,12459853,East,1,1,10,31,0,0,0,0,0,5
STR_043,2024,1,24916061.67,3579,14324,Chennai,Tamil Nadu,Suburban,Large Format,10000,2019-08-06,6,13543,12459853,East,2,2,8,31,0,0,5,0,0,0
STR_043,2024,2,21858769.58,3267,12937,Chennai,Tamil Nadu,Suburban,Large Format,10000,2019-08-06,6,13543,12459853,East,0,0,8,29,0,10,0,0,0,0
STR_043,2024,3,25660263.29,3695,14761,Chennai,Tamil Nadu,Suburban,Large Format,10000,2019-08-06,6,13543,12459853,East,1,1,10,31,0,0,0,0,0,0
STR_043,2024,4,24078897.31,3499,13944,Chennai,Tamil Nadu,Suburban,Large Format,10000,2019-08-06,6,13543,12459853,East,1,1,8,30,0,0,5,0,0,0
STR_043,2024,5,23941047.33,3539,13848,Chennai,Tamil Nadu,Suburban,Large Format,10000,2019-08-06,6,13543,12459853,East,0,0,8,31,0,0,6,0,0,0
STR_043,2024,6,24021125.27,3611,13926,Chennai,Tamil Nadu,Suburban,Large Format,10000,2019-08-06,6,13543,12459853,East,0,0,10,30,0,0,0,0,0,0
STR_043,2024,7,24169433.75,3526,13896,Chennai,Tamil Nadu,Suburban,Large Format,10000,2019-08-06,6,13543,12459853,East,0,0,8,31,0,0,0,0,0,0
STR_043,2024,8,24935710.68,3616,14226,Chennai,Tamil Nadu,Suburban,Large Format,10000,2019-08-06,6,13543,12459853,East,1,1,9,31,0,0,6,0,0,0
STR_043,2024,9,24590413.64,3511,13755,Chennai,Tamil Nadu,Suburban,Large Format,10000,2019-08-06,6,13543,12459853,East,0,0,9,30,0,0,0,0,0,0
STR_043,2024,10,26936158.67,3800,15491,Chennai,Tamil Nadu,Suburban,Large Format,10000,2019-08-06,6,13543,12459853,East,2,2,8,31,0,0,0,0,0,0
STR_043,2024,11,22410574.36,3323,12944,Chennai,Tamil Nadu,Suburban,Large Format,10000,2019-08-06,6,13543,12459853,East,0,0,9,30,0,0,0,0,0,7
STR_043,2024,12,24963934.1,3650,14477,Chennai,Tamil Nadu,Suburban,Large Format,10000,2019-08-06,6,13543,12459853,East,1,1,9,31,0,0,15,0,0,0
STR_043,2025,1,26775583.79,3771,15322,Chennai,Tamil Nadu,Suburban,Large Format,10000,2019-08-06,6,13543,12459853,East,2,2,8,31,0,0,0,0,0,0
STR_043,2025,2,21433354.29,3188,12568,Chennai,Tamil Nadu,Suburban,Large Format,10000,2019-08-06,6,13543,12459853,East,0,0,8,28,5,0,0,0,0,0
STR_043,2025,3,26803736.78,3751,15154,Chennai,Tamil Nadu,Suburban,Large Format,10000,2019-08-06,6,13543,12459853,East,2,2,10,31,0,0,0,0,0,5
STR_043,2025,4,23268840.02,3457,13563,Chennai,Tamil Nadu,Suburban,Large Format,10000,2019-08-06,6,13543,12459853,East,0,0,8,30,0,0,0,0,11,0
STR_043,2025,5,23192208.45,3407,13538,Chennai,Tamil Nadu,Suburban,Large Format,10000,2019-08-06,6,13543,12459853,East,0,0,9,31,0,0,6,0,0,0
STR_043,2025,6,23055047.75,3460,13359,Chennai,Tamil Nadu,Suburban,Large Format,10000,2019-08-06,6,13543,12459853,East,0,0,9,30,0,0,0,13,0,0
STR_043,2025,7,22730868.34,3372,13137,Chennai,Tamil Nadu,Suburban,Large Format,10000,2019-08-06,6,13543,12459853,East,0,0,8,31,0,0,0,0,0,0
STR_043,2025,8,25536217.8,3655,14690,Chennai,Tamil Nadu,Suburban,Large Format,10000,2019-08-06,6,13543,12459853,East,1,1,10,31,0,0,0,0,0,0
STR_043,2025,9,23949496.59,3472,13667,Chennai,Tamil Nadu,Suburban,Large Format,10000,2019-08-06,6,13543,12459853,East,0,0,8,30,0,0,0,0,0,0
STR_043,2025,10,25167662.25,3649,14502,Chennai,Tamil Nadu,Suburban,Large Format,10000,2019-08-06,6,13543,12459853,East,2,2,8,31,0,0,0,7,0,0
STR_043,2025,11,23432028.57,3427,13393,Chennai,Tamil Nadu,Suburban,Large Format,10000,2019-08-06,6,13543,12459853,East,0,0,10,30,0,0,0,0,4,0
STR_043,2025,12,23746956.85,3661,14664,Chennai,Tamil Nadu,Suburban,Large Format,10000,2019-08-06,6,13543,12459853,East,1,1,8,31,13,0,0,0,0,0
STR_044,2021,1,23928692.24,3591,14192,Chennai,Tamil Nadu,Metro,Large Format,10000,2018-11-17,2,8537,8996665,East,2,2,10,31,0,11,0,0,0,0
STR_044,2021,2,21206686.84,3114,12245,Chennai,Tamil Nadu,Metro,Large Format,10000,2018-11-17,2,8537,8996665,East,0,0,8,28,0,0,0,12,0,0
STR_044,2021,3,23819806.57,3493,13830,Chennai,Tamil Nadu,Metro,Large Format,10000,2018-11-17,2,8537,8996665,East,1,1,8,31,0,0,0,10,0,0
STR_044,2021,4,23361437.44,3455,13349,Chennai,Tamil Nadu,Metro,Large Format,10000,2018-11-17,2,8537,8996665,East,0,0,8,30,0,0,0,5,0,0
STR_044,2021,5,22638803.52,3460,13531,Chennai,Tamil Nadu,Metro,Large Format,10000,2018-11-17,2,8537,8996665,East,1,1,10,31,0,14,0,0,0,0
STR_044,2021,6,22226453.47,3297,12859,Chennai,Tamil Nadu,Metro,Large Format,10000,2018-11-17,2,8537,8996665,East,0,0,8,30,0,0,0,13,0,0
STR_044,2021,7,21311965.42,3470,13652,Chennai,Tamil Nadu,Metro,Large Format,10000,2018-11-17,2,8537,8996665,East,0,0,9,31,16,0,0,0,0,0
STR_044,2021,8,26035200.19,3756,15117,Chennai,Tamil Nadu,Metro,Large Format,10000,2018-11-17,2,8537,8996665,East,1,1,9,31,0,0,12,0,0,0
STR_044,2021,9,21671133.44,3190,12489,Chennai,Tamil Nadu,Metro,Large Format,10000,2018-11-17,2,8537,8996665,East,0,0,8,30,0,0,0,0,0,0
STR_044,2021,10,26106253.49,3714,14725,Chennai,Tamil Nadu,Metro,Large Format,10000,2018-11-17,2,8537,8996665,East,1,1,10,31,0,0,0,0,0,0
STR_044,2021,11,23858281.22,3459,13744,Chennai,Tamil Nadu,Metro,Large Format,10000,2018-11-17,2,8537,8996665,East,1,1,8,30,0,0,0,7,0,0
STR_044,2021,12,25532726.28,3694,14689,Chennai,Tamil Nadu,Metro,Large Format,10000,2018-11-17,2,8537,8996665,East,1,1,8,31,0,0,0,0,9,0
STR_044,2022,1,25831530.71,3702,14893,Chennai,Tamil Nadu,Metro,Large Format,10000,2018-11-17,2,8537,8996665,East,2,2,10,31,0,0,0,0,0,0
STR_044,2022,2,20614733.31,2992,11730,Chennai,Tamil Nadu,Metro,Large Format,10000,2018-11-17,2,8537,8996665,East,0,0,8,28,0,0,0,0,0,0
STR_044,2022,3,25358756.33,3600,14292,Chennai,Tamil Nadu,Metro,Large Format,10000,2018-11-17,2,8537,8996665,East,1,1,8,31,0,0,0,0,0,0
STR_044,2022,4,23079804.7,3363,13161,Chennai,Tamil Nadu,Metro,Large Format,10000,2018-11-17,2,8537,8996665,East,0,0,9,30,0,0,0,0,0,0
STR_044,2022,5,25740788.89,3752,14878,Chennai,Tamil Nadu,Metro,Large Format,10000,2018-11-17,2,8537,8996665,East,1,1,9,31,0,0,13,0,0,0
STR_044,2022,6,21998931.31,3192,12631,Chennai,Tamil Nadu,Metro,Large Format,10000,2018-11-17,2,8537,8996665,East,0,0,8,30,0,0,0,0,0,0
STR_044,2022,7,25465768.35,3749,14699,Chennai,Tamil Nadu,Metro,Large Format,10000,2018-11-17,2,8537,8996665,East,0,0,10,31,0,0,0,0,0,0
STR_044,2022,8,24294880.38,3690,14406,Chennai,Tamil Nadu,Metro,Large Format,10000,2018-11-17,2,8537,8996665,East,1,1,8,31,0,10,0,0,0,0
STR_044,2022,9,22649965.95,3306,12969,Chennai,Tamil Nadu,Metro,Large Format,10000,2018-11-17,2,8537,8996665,East,0,0,8,30,0,0,0,0,0,0
STR_044,2022,10,25528225.87,3785,15118,Chennai,Tamil Nadu,Metro,Large Format,10000,2018-11-17,2,8537,8996665,East,2,2,10,31,0,9,0,0,0,0
STR_044,2022,11,24241173.96,3499,13849,Chennai,Tamil Nadu,Metro,Large Format,10000,2018-11-17,2,8537,8996665,East,0,0,8,30,0,0,0,0,0,0
STR_044,2022,12,26372412.27,3685,14839,Chennai,Tamil Nadu,Metro,Large Format,10000,2018-11-17,2,8537,8996665,East,1,1,9,31,0,0,0,0,0,0
STR_044,2023,1,24951929.12,3607,14540,Chennai,Tamil Nadu,Metro,Large Format,10000,2018-11-17,2,8537,8996665,East,2,2,9,31,0,0,0,0,16,0
STR_044,2023,2,22504056.59,3257,12872,Chennai,Tamil Nadu,Metro,Large Format,10000,2018-11-17,2,8537,8996665,East,0,0,8,28,0,0,0,0,7,0
STR_044,2023,3,23757682.94,3486,13851,Chennai,Tamil Nadu,Metro,Large Format,10000,2018-11-17,2,8537,8996665,East,1,1,8,31,0,0,11,0,0,0
STR_044,2023,4,24872198.95,3600,14281,Chennai,Tamil Nadu,Metro,Large Format,10000,2018-11-17,2,8537,8996665,East,1,1,10,30,0,0,11,0,0,0
STR_044,2023,5,23480394.19,3553,14107,Chennai,Tamil Nadu,Metro,Large Format,10000,2018-11-17,2,8537,8996665,East,0,0,8,31,0,10,0,0,0,0
STR_044,2023,6,22400626.71,3305,12914,Chennai,Tamil Nadu,Metro,Large Format,10000,2018-11-17,2,8537,8996665,East,0,0,8,30,0,0,8,0,0,0
STR_044,2023,7,24656845.09,3642,14462,Chennai,Tamil Nadu,Metro,Large Format,10000,2018-11-17,2,8537,8996665,East,0,0,10,31,0,0,14,0,0,0
STR_044,2023,8,23781320.8,3531,14002,Chennai,Tamil Nadu,Metro,Large Format,10000,2018-11-17,2,8537,8996665,East,1,1,8,31,0,6,0,0,0,0
STR_044,2023,9,21819081.45,3240,12553,Chennai,Tamil Nadu,Metro,Large Format,10000,2018-11-17,2,8537,8996665,East,0,0,9,30,0,0,0,0,0,8
STR_044,2023,10,23448346.21,3439,13413,Chennai,Tamil Nadu,Metro,Large Format,10000,2018-11-17,2,8537,8996665,East,1,1,9,31,0,0,0,0,4,0
STR_044,2023,11,23785407.69,3449,13588,Chennai,Tamil Nadu,Metro,Large Format,10000,2018-11-17,2,8537,8996665,East,1,1,8,30,0,0,0,5,0,0
STR_044,2023,12,25128811.58,3629,14422,Chennai,Tamil Nadu,Metro,Large Format,10000,2018-11-17,2,8537,8996665,East,1,1,10,31,0,0,7,0,0,0
STR_044,2024,1,27306545.54,3840,15496,Chennai,Tamil Nadu,Metro,Large Format,10000,2018-11-17,2,8537,8996665,East,2,2,8,31,0,0,0,0,0,0
STR_044,2024,2,22118290.5,3251,12744,Chennai,Tamil Nadu,Metro,Large Format,10000,2018-11-17,2,8537,8996665,East,0,0,8,29,0,0,5,0,0,0
STR_044,2024,3,24134142.03,3511,14012,Chennai,Tamil Nadu,Metro,Large Format,10000,2018-11-17,2,8537,8996665,East,1,1,10,31,0,0,0,0,9,0
STR_044,2024,4,23242670.74,3429,13500,Chennai,Tamil Nadu,Metro,Large Format,10000,2018-11-17,2,8537,8996665,East,1,1,8,30,0,0,0,16,0,0
STR_044,2024,5,22515567.9,3358,13194,Chennai,Tamil Nadu,Metro,Large Format,10000,2018-11-17,2,8537,8996665,East,0,0,8,31,0,0,8,0,0,0
STR_044,2024,6,24598575.23,3592,14167,Chennai,Tamil Nadu,Metro,Large Format,10000,2018-11-17,2,8537,8996665,East,0,0,10,30,0,0,0,0,0,0
STR_044,2024,7,23558936.45,3533,13822,Chennai,Tamil Nadu,Metro,Large Format,10000,2018-11-17,2,8537,8996665,East,0,0,8,31,0,5,0,0,0,0
STR_044,2024,8,24654382.41,3597,14333,Chennai,Tamil Nadu,Metro,Large Format,10000,2018-11-17,2,8537,8996665,East,1,1,9,31,0,0,0,0,10,0
STR_044,2024,9,23767048.47,3447,13530,Chennai,Tamil Nadu,Metro,Large Format,10000,2018-11-17,2,8537,8996665,East,0,0,9,30,0,0,0,0,0,0
STR_044,2024,10,26254713.96,3842,15262,Chennai,Tamil Nadu,Metro,Large Format,10000,2018-11-17,2,8537,8996665,East,2,2,8,31,4,0,0,0,0,0
STR_044,2024,11,24300545.45,3501,13829,Chennai,Tamil Nadu,Metro,Large Format,10000,2018-11-17,2,8537,8996665,East,0,0,9,30,0,0,0,0,0,0
STR_044,2024,12,25629636.38,3715,14510,Chennai,Tamil Nadu,Metro,Large Format,10000,2018-11-17,2,8537,8996665,East,1,1,9,31,0,0,0,0,0,0
STR_044,2025,1,23588758.46,3772,15113,Chennai,Tamil Nadu,Metro,Large Format,10000,2018-11-17,2,8537,8996665,East,2,2,8,31,15,0,0,0,0,0
STR_044,2025,2,20014263.51,3223,12627,Chennai,Tamil Nadu,Metro,Large Format,10000,2018-11-17,2,8537,8996665,East,0,0,8,28,14,0,0,0,0,0
STR_044,2025,3,26925437.42,3896,15778,Chennai,Tamil Nadu,Metro,Large Format,10000,2018-11-17,2,8537,8996665,East,2,2,10,31,1,0,0,0,15,0
STR_044,2025,4,23196847.75,3390,13320,Chennai,Tamil Nadu,Metro,Large Format,10000,2018-11-17,2,8537,8996665,East,0,0,8,30,0,0,0,0,4,0
STR_044,2025,5,23411208.2,3574,14094,Chennai,Tamil Nadu,Metro,Large Format,10000,2018-11-17,2,8537,8996665,East,0,0,9,31,7,0,0,0,0,0
STR_044,2025,6,24261206.38,3562,13850,Chennai,Tamil Nadu,Metro,Large Format,10000,2018-11-17,2,8537,8996665,East,0,0,9,30,0,0,0,0,0,0
STR_044,2025,7,22614607.23,3367,13252,Chennai,Tamil Nadu,Metro,Large Format,10000,2018-11-17,2,8537,8996665,East,0,0,8,31,0,0,0,0,13,0
STR_044,2025,8,24063675.55,3537,13864,Chennai,Tamil Nadu,Metro,Large Format,10000,2018-11-17,2,8537,8996665,East,1,1,10,31,0,0,0,0,0,0
STR_044,2025,9,23288809.92,3434,13515,Chennai,Tamil Nadu,Metro,Large Format,10000,2018-11-17,2,8537,8996665,East,0,0,8,30,0,0,0,0,0,10
STR_044,2025,10,27167853.73,3915,15534,Chennai,Tamil Nadu,Metro,Large Format,10000,2018-11-17,2,8537,8996665,East,2,2,8,31,0,0,0,0,0,0
STR_044,2025,11,23128531.3,3442,13459,Chennai,Tamil Nadu,Metro,Large Format,10000,2018-11-17,2,8537,8996665,East,0,0,10,30,0,0,0,0,0,8
STR_044,2025,12,23663623.49,3550,14119,Chennai,Tamil Nadu,Metro,Large Format,10000,2018-11-17,2,8537,8996665,East,1,1,8,31,0,11,0,0,0,0
STR_045,2021,1,5115345.17,778,3114,Ahmedabad,Gujarat,Metro,Mall Store,2000,2017-03-08,6,2845,2356408,East,2,2,10,31,8,0,0,0,0,0
STR_045,2021,2,4268649.73,624,2459,Ahmedabad,Gujarat,Metro,Mall Store,2000,2017-03-08,6,2845,2356408,East,0,0,8,28,0,0,0,0,0,14
STR_045,2021,3,4629139.76,699,2708,Ahmedabad,Gujarat,Metro,Mall Store,2000,2017-03-08,6,2845,2356408,East,1,1,8,31,0,0,13,0,0,1
STR_045,2021,4,4463709.91,672,2607,Ahmedabad,Gujarat,Metro,Mall Store,2000,2017-03-08,6,2845,2356408,East,0,0,8,30,0,11,0,0,0,0
STR_045,2021,5,5158232.11,763,3055,Ahmedabad,Gujarat,Metro,Mall Store,2000,2017-03-08,6,2845,2356408,East,1,1,10,31,0,2,0,0,0,15
STR_045,2021,6,4208856.73,645,2590,Ahmedabad,Gujarat,Metro,Mall Store,2000,2017-03-08,6,2845,2356408,East,0,0,8,30,0,13,0,0,0,0
STR_045,2021,7,4393756.26,659,2607,Ahmedabad,Gujarat,Metro,Mall Store,2000,2017-03-08,6,2845,2356408,East,0,0,9,31,0,4,0,0,0,0
STR_045,2021,8,5104504.2,752,3055,Ahmedabad,Gujarat,Metro,Mall Store,2000,2017-03-08,6,2845,2356408,East,1,1,9,31,0,0,16,0,0,0
STR_045,2021,9,4438760.87,670,2642,Ahmedabad,Gujarat,Metro,Mall Store,2000,2017-03-08,6,2845,2356408,East,0,0,8,30,0,0,0,16,0,0
STR_045,2021,10,4744807.91,714,2811,Ahmedabad,Gujarat,Metro,Mall Store,2000,2017-03-08,6,2845,2356408,East,1,1,10,31,5,0,0,0,0,0
STR_045,2021,11,4825491.52,676,2708,Ahmedabad,Gujarat,Metro,Mall Store,2000,2017-03-08,6,2845,2356408,East,1,1,8,30,0,0,0,0,0,0
STR_045,2021,12,4892547.0,721,2869,Ahmedabad,Gujarat,Metro,Mall Store,2000,2017-03-08,6,2845,2356408,East,1,1,8,31,0,0,0,5,0,0
STR_045,2022,1,5285921.74,735,2962,Ahmedabad,Gujarat,Metro,Mall Store,2000,2017-03-08,6,2845,2356408,East,2,2,10,31,0,0,0,0,0,0
STR_045,2022,2,4300458.98,650,2562,Ahmedabad,Gujarat,Metro,Mall Store,2000,2017-03-08,6,2845,2356408,East,0,0,8,28,0,0,0,7,0,0
STR_045,2022,3,4824435.15,697,2757,Ahmedabad,Gujarat,Metro,Mall Store,2000,2017-03-08,6,2845,2356408,East,1,1,8,31,0,0,0,0,0,0
STR_045,2022,4,4610729.67,688,2721,Ahmedabad,Gujarat,Metro,Mall Store,2000,2017-03-08,6,2845,2356408,East,0,0,9,30,0,0,0,0,0,9
STR_045,2022,5,4903581.11,752,2975,Ahmedabad,Gujarat,Metro,Mall Store,2000,2017-03-08,6,2845,2356408,East,1,1,9,31,0,16,0,0,0,0
STR_045,2022,6,4462469.52,679,2605,Ahmedabad,Gujarat,Metro,Mall Store,2000,2017-03-08,6,2845,2356408,East,0,0,8,30,0,0,0,0,0,0
STR_045,2022,7,4712581.54,704,2792,Ahmedabad,Gujarat,Metro,Mall Store,2000,2017-03-08,6,2845,2356408,East,0,0,10,31,0,11,0,0,0,0
STR_045,2022,8,4988729.63,709,2877,Ahmedabad,Gujarat,Metro,Mall Store,2000,2017-03-08,6,2845,2356408,East,1,1,8,31,0,0,0,0,0,0
STR_045,2022,9,4514532.31,659,2620,Ahmedabad,Gujarat,Metro,Mall Store,2000,2017-03-08,6,2845,2356408,East,0,0,8,30,0,0,15,0,0,0
STR_045,2022,10,5005188.56,726,2884,Ahmedabad,Gujarat,Metro,Mall Store,2000,2017-03-08,6,2845,2356408,East,2,2,10,31,0,0,0,0,0,0
STR_045,2022,11,4371259.43,651,2579,Ahmedabad,Gujarat,Metro,Mall Store,2000,2017-03-08,6,2845,2356408,East,0,0,8,30,0,0,10,0,0,0
STR_045,2022,12,4916637.71,713,2856,Ahmedabad,Gujarat,Metro,Mall Store,2000,2017-03-08,6,2845,2356408,East,1,1,9,31,0,0,0,0,0,9
STR_045,2023,1,5120129.5,747,2972,Ahmedabad,Gujarat,Metro,Mall Store,2000,2017-03-08,6,2845,2356408,East,2,2,9,31,0,0,0,0,0,0
STR_045,2023,2,4188678.05,623,2425,Ahmedabad,Gujarat,Metro,Mall Store,2000,2017-03-08,6,2845,2356408,East,0,0,8,28,0,0,0,0,5,0
STR_045,2023,3,5129422.47,723,2973,Ahmedabad,Gujarat,Metro,Mall Store,2000,2017-03-08,6,2845,2356408,East,1,1,8,31,0,0,0,0,4,0
STR_045,2023,4,4859563.63,705,2874,Ahmedabad,Gujarat,Metro,Mall Store,2000,2017-03-08,6,2845,2356408,East,1,1,10,30,0,0,14,0,0,0
STR_045,2023,5,4522834.4,663,2622,Ahmedabad,Gujarat,Metro,Mall Store,2000,2017-03-08,6,2845,2356408,East,0,0,8,31,0,10,0,0,0,0
STR_045,2023,6,4546873.21,669,2645,Ahmedabad,Gujarat,Metro,Mall Store,2000,2017-03-08,6,2845,2356408,East,0,0,8,30,0,0,0,0,0,4
STR_045,2023,7,5093350.34,723,2872,Ahmedabad,Gujarat,Metro,Mall Store,2000,2017-03-08,6,2845,2356408,East,0,0,10,31,0,0,0,0,0,0
STR_045,2023,8,5033768.18,705,2863,Ahmedabad,Gujarat,Metro,Mall Store,2000,2017-03-08,6,2845,2356408,East,1,1,8,31,0,0,0,0,0,8
STR_045,2023,9,4286945.02,689,2664,Ahmedabad,Gujarat,Metro,Mall Store,2000,2017-03-08,6,2845,2356408,East,0,0,9,30,12,0,0,0,0,0
STR_045,2023,10,5066161.36,748,2942,Ahmedabad,Gujarat,Metro,Mall Store,2000,2017-03-08,6,2845,2356408,East,1,1,9,31,0,0,0,0,0,0
STR_045,2023,11,4990993.2299999995,732,2899,Ahmedabad,Gujarat,Metro,Mall Store,2000,2017-03-08,6,2845,2356408,East,1,1,8,30,0,0,0,0,0,0
STR_045,2023,12,4803012.4,698,2713,Ahmedabad,Gujarat,Metro,Mall Store,2000,2017-03-08,6,2845,2356408,East,1,1,10,31,0,0,0,0,0,0
STR_045,2024,1,5135420.95,732,2988,Ahmedabad,Gujarat,Metro,Mall Store,2000,2017-03-08,6,2845,2356408,East,2,2,8,31,0,0,0,0,0,0
STR_045,2024,2,4655183.28,642,2568,Ahmedabad,Gujarat,Metro,Mall Store,2000,2017-03-08,6,2845,2356408,East,0,0,8,29,0,0,0,0,0,0
STR_045,2024,3,4601391.66,700,2695,Ahmedabad,Gujarat,Metro,Mall Store,2000,2017-03-08,6,2845,2356408,East,1,1,10,31,0,0,0,12,0,0
STR_045,2024,4,4875840.22,710,2834,Ahmedabad,Gujarat,Metro,Mall Store,2000,2017-03-08,6,2845,2356408,East,1,1,8,30,0,10,0,0,0,0
STR_045,2024,5,4496868.14,673,2677,Ahmedabad,Gujarat,Metro,Mall Store,2000,2017-03-08,6,2845,2356408,East,0,0,8,31,0,0,10,0,0,0
STR_045,2024,6,4505963.14,677,2619,Ahmedabad,Gujarat,Metro,Mall Store,2000,2017-03-08,6,2845,2356408,East,0,0,10,30,0,0,0,0,0,0
STR_045,2024,7,4837925.14,685,2729,Ahmedabad,Gujarat,Metro,Mall Store,2000,2017-03-08,6,2845,2356408,East,0,0,8,31,0,0,0,0,0,0
STR_045,2024,8,4857242.47,721,2842,Ahmedabad,Gujarat,Metro,Mall Store,2000,2017-03-08,6,2845,2356408,East,1,1,9,31,0,0,0,16,0,0
STR_045,2024,9,5012008.08,712,2799,Ahmedabad,Gujarat,Metro,Mall Store,2000,2017-03-08,6,2845,2356408,East,0,0,9,30,0,0,0,0,0,0
STR_045,2024,10,5283581.79,753,2955,Ahmedabad,Gujarat,Metro,Mall Store,2000,2017-03-08,6,2845,2356408,East,2,2,8,31,0,0,0,0,0,0
STR_045,2024,11,4780178.02,701,2767,Ahmedabad,Gujarat,Metro,Mall Store,2000,2017-03-08,6,2845,2356408,East,0,0,9,30,0,0,0,0,0,12
STR_045,2024,12,4983075.97,730,2858,Ahmedabad,Gujarat,Metro,Mall Store,2000,2017-03-08,6,2845,2356408,East,1,1,9,31,0,0,0,0,0,9
STR_045,2025,1,4943156.63,712,2817,Ahmedabad,Gujarat,Metro,Mall Store,2000,2017-03-08,6,2845,2356408,East,2,2,8,31,0,0,0,0,8,0
STR_045,2025,2,4391032.1,629,2524,Ahmedabad,Gujarat,Metro,Mall Store,2000,2017-03-08,6,2845,2356408,East,0,0,8,28,0,0,0,0,5,0
STR_045,2025,3,5038204.6,718,2909,Ahmedabad,Gujarat,Metro,Mall Store,2000,2017-03-08,6,2845,2356408,East,2,2,10,31,0,0,0,8,0,0
STR_045,2025,4,4475350.26,652,2531,Ahmedabad,Gujarat,Metro,Mall Store,2000,2017-03-08,6,2845,2356408,East,0,0,8,30,0,0,0,0,0,0
STR_045,2025,5,4956329.36,707,2824,Ahmedabad,Gujarat,Metro,Mall Store,2000,2017-03-08,6,2845,2356408,East,0,0,9,31,0,0,0,0,0,0
STR_045,2025,6,4706692.66,676,2706,Ahmedabad,Gujarat,Metro,Mall Store,2000,2017-03-08,6,2845,2356408,East,0,0,9,30,0,0,12,0,0,0
STR_045,2025,7,4532068.42,670,2637,Ahmedabad,Gujarat,Metro,Mall Store,2000,2017-03-08,6,2845,2356408,East,0,0,8,31,0,0,2,14,0,0
STR_045,2025,8,5226858.63,756,2983,Ahmedabad,Gujarat,Metro,Mall Store,2000,2017-03-08,6,2845,2356408,East,1,1,10,31,0,0,0,0,0,4
STR_045,2025,9,4480962.17,693,2670,Ahmedabad,Gujarat,Metro,Mall Store,2000,2017-03-08,6,2845,2356408,East,0,0,8,30,0,11,0,0,0,0
STR_045,2025,10,4770706.55,746,2928,Ahmedabad,Gujarat,Metro,Mall Store,2000,2017-03-08,6,2845,2356408,East,2,2,8,31,12,0,0,0,0,0
STR_045,2025,11,4656452.92,699,2669,Ahmedabad,Gujarat,Metro,Mall Store,2000,2017-03-08,6,2845,2356408,East,0,0,10,30,0,0,0,0,0,11
STR_045,2025,12,4782492.52,725,2781,Ahmedabad,Gujarat,Metro,Mall Store,2000,2017-03-08,6,2845,2356408,East,1,1,8,31,0,8,0,0,0,0
STR_046,2021,1,5205803.28,792,3102,Pune,Maharashtra,Rural,Mall Store,2000,2019-07-20,4,1044,1349965,South,2,2,10,31,4,0,0,0,0,0
STR_046,2021,2,4432315.61,656,2596,Pune,Maharashtra,Rural,Mall Store,2000,2019-07-20,4,1044,1349965,South,0,0,8,28,0,0,0,9,0,0
STR_046,2021,3,5020214.45,714,2955,Pune,Maharashtra,Rural,Mall Store,2000,2019-07-20,4,1044,1349965,South,1,1,8,31,0,5,0,0,0,0
STR_046,2021,4,4277417.75,643,2496,Pune,Maharashtra,Rural,Mall Store,2000,2019-07-20,4,1044,1349965,South,0,0,8,30,0,0,0,11,0,0
STR_046,2021,5,5102720.78,744,2945,Pune,Maharashtra,Rural,Mall Store,2000,2019-07-20,4,1044,1349965,South,1,1,10,31,0,0,0,0,0,0
STR_046,2021,6,4401298.19,680,2624,Pune,Maharashtra,Rural,Mall Store,2000,2019-07-20,4,1044,1349965,South,0,0,8,30,0,0,16,0,0,0
STR_046,2021,7,4755585.23,710,2805,Pune,Maharashtra,Rural,Mall Store,2000,2019-07-20,4,1044,1349965,South,0,0,9,31,0,0,0,0,0,5
STR_046,2021,8,4701020.61,744,2942,Pune,Maharashtra,Rural,Mall Store,2000,2019-07-20,4,1044,1349965,South,1,1,9,31,11,0,0,0,0,0
STR_046,2021,9,4304316.13,632,2462,Pune,Maharashtra,Rural,Mall Store,2000,2019-07-20,4,1044,1349965,South,0,0,8,30,0,0,0,7,0,0
STR_046,2021,10,4453425.35,709,2745,Pune,Maharashtra,Rural,Mall Store,2000,2019-07-20,4,1044,1349965,South,1,1,10,31,12,0,0,0,0,0
STR_046,2021,11,4093001.4,659,2583,Pune,Maharashtra,Rural,Mall Store,2000,2019-07-20,4,1044,1349965,South,1,1,8,30,15,0,0,0,0,0
STR_046,2021,12,5139140.3,734,2925,Pune,Maharashtra,Rural,Mall Store,2000,2019-07-20,4,1044,1349965,South,1,1,8,31,0,0,8,0,0,0
STR_046,2022,1,5281936.8,777,3060,Pune,Maharashtra,Rural,Mall Store,2000,2019-07-20,4,1044,1349965,South,2,2,10,31,0,0,16,0,0,0
STR_046,2022,2,4356889.19,617,2496,Pune,Maharashtra,Rural,Mall Store,2000,2019-07-20,4,1044,1349965,South,0,0,8,28,0,0,0,0,0,7
STR_046,2022,3,4854932.24,697,2727,Pune,Maharashtra,Rural,Mall Store,2000,2019-07-20,4,1044,1349965,South,1,1,8,31,0,0,0,5,0,0
STR_046,2022,4,4267728.52,646,2556,Pune,Maharashtra,Rural,Mall Store,2000,2019-07-20,4,1044,1349965,South,0,0,9,30,0,13,0,0,0,0
STR_046,2022,5,4937562.72,701,2820,Pune,Maharashtra,Rural,Mall Store,2000,2019-07-20,4,1044,1349965,South,1,1,9,31,0,0,0,0,0,0
STR_046,2022,6,4376101.85,674,2546,Pune,Maharashtra,Rural,Mall Store,2000,2019-07-20,4,1044,1349965,South,0,0,8,30,0,0,0,0,0,0
STR_046,2022,7,4709053.65,714,2888,Pune,Maharashtra,Rural,Mall Store,2000,2019-07-20,4,1044,1349965,South,0,0,10,31,6,0,0,0,0,0
STR_046,2022,8,4666299.53,693,2696,Pune,Maharashtra,Rural,Mall Store,2000,2019-07-20,4,1044,1349965,South,1,1,8,31,0,0,0,0,0,0
STR_046,2022,9,4417858.66,682,2666,Pune,Maharashtra,Rural,Mall Store,2000,2019-07-20,4,1044,1349965,South,0,0,8,30,0,9,0,0,0,0
STR_046,2022,10,5231496.8,737,3034,Pune,Maharashtra,Rural,Mall Store,2000,2019-07-20,4,1044,1349965,South,2,2,10,31,0,0,0,0,8,0
STR_046,2022,11,4418904.76,657,2610,Pune,Maharashtra,Rural,Mall Store,2000,2019-07-20,4,1044,1349965,South,0,0,8,30,0,0,0,0,0,0
STR_046,2022,12,5242636.6,743,3011,Pune,Maharashtra,Rural,Mall Store,2000,2019-07-20,4,1044,1349965,South,1,1,9,31,0,0,0,0,0,0
STR_046,2023,1,5009885.69,749,2987,Pune,Maharashtra,Rural,Mall Store,2000,2019-07-20,4,1044,1349965,South,2,2,9,31,0,0,13,0,0,0
STR_046,2023,2,4338132.43,620,2439,Pune,Maharashtra,Rural,Mall Store,2000,2019-07-20,4,1044,1349965,South,0,0,8,28,0,0,0,0,0,0
STR_046,2023,3,4998537.18,725,2899,Pune,Maharashtra,Rural,Mall Store,2000,2019-07-20,4,1044,1349965,South,1,1,8,31,0,0,0,0,9,0
STR_046,2023,4,5301452.11,751,3135,Pune,Maharashtra,Rural,Mall Store,2000,2019-07-20,4,1044,1349965,South,1,1,10,30,0,14,0,0,0,0
STR_046,2023,5,4299986.92,663,2542,Pune,Maharashtra,Rural,Mall Store,2000,2019-07-20,4,1044,1349965,South,0,0,8,31,0,8,0,0,0,0
STR_046,2023,6,4439548.86,666,2597,Pune,Maharashtra,Rural,Mall Store,2000,2019-07-20,4,1044,1349965,South,0,0,8,30,0,0,0,7,0,0
STR_046,2023,7,4488479.59,687,2618,Pune,Maharashtra,Rural,Mall Store,2000,2019-07-20,4,1044,1349965,South,0,0,10,31,0,0,0,8,0,0
STR_046,2023,8,5012248.91,718,2855,Pune,Maharashtra,Rural,Mall Store,2000,2019-07-20,4,1044,1349965,South,1,1,8,31,0,0,4,0,0,0
STR_046,2023,9,4687258.27,684,2663,Pune,Maharashtra,Rural,Mall Store,2000,2019-07-20,4,1044,1349965,South,0,0,9,30,0,0,0,0,0,0
STR_046,2023,10,4802087.48,740,2980,Pune,Maharashtra,Rural,Mall Store,2000,2019-07-20,4,1044,1349965,South,1,1,9,31,11,0,0,0,0,0
STR_046,2023,11,4581993.53,656,2662,Pune,Maharashtra,Rural,Mall Store,2000,2019-07-20,4,1044,1349965,South,1,1,8,30,0,0,10,0,0,0
STR_046,2023,12,4665234.07,718,2812,Pune,Maharashtra,Rural,Mall Store,2000,2019-07-20,4,1044,1349965,South,1,1,10,31,0,14,0,0,0,0
STR_046,2024,1,5132430.54,740,3018,Pune,Maharashtra,Rural,Mall Store,2000,2019-07-20,4,1044,1349965,South,2,2,8,31,0,0,0,0,0,16
STR_046,2024,2,4539202.89,661,2577,Pune,Maharashtra,Rural,Mall Store,2000,2019-07-20,4,1044,1349965,South,0,0,8,29,0,5,0,0,0,0
STR_046,2024,3,4294631.44,684,2687,Pune,Maharashtra,Rural,Mall Store,2000,2019-07-20,4,1044,1349965,South,1,1,10,31,0,13,0,0,0,0
STR_046,2024,4,4773395.97,686,2763,Pune,Maharashtra,Rural,Mall Store,2000,2019-07-20,4,1044,1349965,South,1,1,8,30,0,0,0,0,0,8
STR_046,2024,5,4490314.08,663,2583,Pune,Maharashtra,Rural,Mall Store,2000,2019-07-20,4,1044,1349965,South,0,0,8,31,0,0,0,0,0,12
STR_046,2024,6,4941481.06,726,2840,Pune,Maharashtra,Rural,Mall Store,2000,2019-07-20,4,1044,1349965,South,0,0,10,30,0,0,15,0,0,0
STR_046,2024,7,4604304.33,668,2613,Pune,Maharashtra,Rural,Mall Store,2000,2019-07-20,4,1044,1349965,South,0,0,8,31,0,0,0,0,0,4
STR_046,2024,8,4936866.3,757,2923,Pune,Maharashtra,Rural,Mall Store,2000,2019-07-20,4,1044,1349965,South,1,1,9,31,0,8,0,0,0,0
STR_046,2024,9,4501963.63,698,2744,Pune,Maharashtra,Rural,Mall Store,2000,2019-07-20,4,1044,1349965,South,0,0,9,30,10,0,0,0,0,0
STR_046,2024,10,5094318.64,722,2953,Pune,Maharashtra,Rural,Mall Store,2000,2019-07-20,4,1044,1349965,South,2,2,8,31,0,0,0,0,6,0
STR_046,2024,11,4679143.08,682,2684,Pune,Maharashtra,Rural,Mall Store,2000,2019-07-20,4,1044,1349965,South,0,0,9,30,0,0,0,0,0,8
STR_046,2024,12,4766185.35,693,2734,Pune,Maharashtra,Rural,Mall Store,2000,2019-07-20,4,1044,1349965,South,1,1,9,31,0,0,0,0,0,0
STR_046,2025,1,5191103.24,753,3180,Pune,Maharashtra,Rural,Mall Store,2000,2019-07-20,4,1044,1349965,South,2,2,8,31,0,11,0,0,0,0
STR_046,2025,2,4278768.5,647,2496,Pune,Maharashtra,Rural,Mall Store,2000,2019-07-20,4,1044,1349965,South,0,0,8,28,0,0,11,0,0,0
STR_046,2025,3,5115656.86,709,2880,Pune,Maharashtra,Rural,Mall Store,2000,2019-07-20,4,1044,1349965,South,2,2,10,31,0,0,0,0,8,0
STR_046,2025,4,4523968.02,658,2605,Pune,Maharashtra,Rural,Mall Store,2000,2019-07-20,4,1044,1349965,South,0,0,8,30,0,0,0,0,0,0
STR_046,2025,5,4701189.33,709,2760,Pune,Maharashtra,Rural,Mall Store,2000,2019-07-20,4,1044,1349965,South,0,0,9,31,0,0,11,0,0,0
STR_046,2025,6,4685665.25,720,2758,Pune,Maharashtra,Rural,Mall Store,2000,2019-07-20,4,1044,1349965,South,0,0,9,30,0,0,0,0,0,0
STR_046,2025,7,4569095.62,677,2586,Pune,Maharashtra,Rural,Mall Store,2000,2019-07-20,4,1044,1349965,South,0,0,8,31,0,0,0,0,0,0
STR_046,2025,8,4978011.62,724,2911,Pune,Maharashtra,Rural,Mall Store,2000,2019-07-20,4,1044,1349965,South,1,1,10,31,0,0,9,0,0,0
STR_046,2025,9,4541833.51,682,2707,Pune,Maharashtra,Rural,Mall Store,2000,2019-07-20,4,1044,1349965,South,0,0,8,30,0,0,0,11,0,0
STR_046,2025,10,5061227.1,721,2891,Pune,Maharashtra,Rural,Mall Store,2000,2019-07-20,4,1044,1349965,South,2,2,8,31,0,0,0,0,0,0
STR_046,2025,11,4140119.89,682,2672,Pune,Maharashtra,Rural,Mall Store,2000,2019-07-20,4,1044,1349965,South,0,0,10,30,16,0,0,0,0,0
STR_046,2025,12,4774145.81,720,2772,Pune,Maharashtra,Rural,Mall Store,2000,2019-07-20,4,1044,1349965,South,1,1,8,31,0,0,0,0,8,0
STR_047,2021,1,10217628.25,1910,6004,Mumbai,Maharashtra,Rural,Medium High-Street,5000,2017-11-23,8,3956,4895335,South,2,2,10,31,0,0,16,0,0,0
STR_047,2021,2,7679148.94,1515,4539,Mumbai,Maharashtra,Rural,Medium High-Street,5000,2017-11-23,8,3956,4895335,South,0,0,8,28,0,0,0,11,0,0
STR_047,2021,3,9680771.84,1792,5519,Mumbai,Maharashtra,Rural,Medium High-Street,5000,2017-11-23,8,3956,4895335,South,1,1,8,31,0,0,0,0,0,0
STR_047,2021,4,9217262.64,1676,5177,Mumbai,Maharashtra,Rural,Medium High-Street,5000,2017-11-23,8,3956,4895335,South,0,0,8,30,0,0,0,0,0,0
STR_047,2021,5,9725920.59,1832,5551,Mumbai,Maharashtra,Rural,Medium High-Street,5000,2017-11-23,8,3956,4895335,South,1,1,10,31,0,0,0,0,0,0
STR_047,2021,6,8707975.26,1721,5248,Mumbai,Maharashtra,Rural,Medium High-Street,5000,2017-11-23,8,3956,4895335,South,0,0,8,30,0,10,0,0,0,0
STR_047,2021,7,9417350.91,1758,5357,Mumbai,Maharashtra,Rural,Medium High-Street,5000,2017-11-23,8,3956,4895335,South,0,0,9,31,0,0,0,0,0,0
STR_047,2021,8,9959144.95,1875,5739,Mumbai,Maharashtra,Rural,Medium High-Street,5000,2017-11-23,8,3956,4895335,South,1,1,9,31,0,0,0,0,0,0
STR_047,2021,9,8953709.46,1711,5194,Mumbai,Maharashtra,Rural,Medium High-Street,5000,2017-11-23,8,3956,4895335,South,0,0,8,30,0,0,0,14,0,0
STR_047,2021,10,9632218.69,1816,5557,Mumbai,Maharashtra,Rural,Medium High-Street,5000,2017-11-23,8,3956,4895335,South,1,1,10,31,0,0,0,0,0,0
STR_047,2021,11,9525064.89,1791,5453,Mumbai,Maharashtra,Rural,Medium High-Street,5000,2017-11-23,8,3956,4895335,South,1,1,8,30,0,0,5,0,0,0
STR_047,2021,12,9576384.57,1804,5627,Mumbai,Maharashtra,Rural,Medium High-Street,5000,2017-11-23,8,3956,4895335,South,1,1,8,31,0,5,0,0,0,0
STR_047,2022,1,9960715.94,1831,5660,Mumbai,Maharashtra,Rural,Medium High-Street,5000,2017-11-23,8,3956,4895335,South,2,2,10,31,0,0,0,0,0,0
STR_047,2022,2,8302508.82,1592,4902,Mumbai,Maharashtra,Rural,Medium High-Street,5000,2017-11-23,8,3956,4895335,South,0,0,8,28,0,0,9,0,0,0
STR_047,2022,3,9615276.42,1852,5700,Mumbai,Maharashtra,Rural,Medium High-Street,5000,2017-11-23,8,3956,4895335,South,1,1,8,31,0,12,2,0,0,0
STR_047,2022,4,9116017.94,1768,5369,Mumbai,Maharashtra,Rural,Medium High-Street,5000,2017-11-23,8,3956,4895335,South,0,0,9,30,0,1,0,0,16,0
STR_047,2022,5,9495155.86,1805,5480,Mumbai,Maharashtra,Rural,Medium High-Street,5000,2017-11-23,8,3956,4895335,South,1,1,9,31,0,0,0,9,0,0
STR_047,2022,6,8938039.84,1694,5244,Mumbai,Maharashtra,Rural,Medium High-Street,5000,2017-11-23,8,3956,4895335,South,0,0,8,30,0,8,0,0,0,0
STR_047,2022,7,9466020.63,1848,5523,Mumbai,Maharashtra,Rural,Medium High-Street,5000,2017-11-23,8,3956,4895335,South,0,0,10,31,0,0,0,16,0,0
STR_047,2022,8,9148533.68,1709,5234,Mumbai,Maharashtra,Rural,Medium High-Street,5000,2017-11-23,8,3956,4895335,South,1,1,8,31,0,0,0,0,0,0
STR_047,2022,9,9050636.12,1673,5147,Mumbai,Maharashtra,Rural,Medium High-Street,5000,2017-11-23,8,3956,4895335,South,0,0,8,30,0,0,0,0,0,0
STR_047,2022,10,10000571.31,1861,5818,Mumbai,Maharashtra,Rural,Medium High-Street,5000,2017-11-23,8,3956,4895335,South,2,2,10,31,0,0,0,0,0,0
STR_047,2022,11,8652387.24,1652,5022,Mumbai,Maharashtra,Rural,Medium High-Street,5000,2017-11-23,8,3956,4895335,South,0,0,8,30,0,0,0,0,0,0
STR_047,2022,12,9934680.4,1851,5637,Mumbai,Maharashtra,Rural,Medium High-Street,5000,2017-11-23,8,3956,4895335,South,1,1,9,31,0,0,0,0,0,0
STR_047,2023,1,10336164.38,1931,6055,Mumbai,Maharashtra,Rural,Medium High-Street,5000,2017-11-23,8,3956,4895335,South,2,2,9,31,0,0,0,0,0,0
STR_047,2023,2,8378438.62,1589,4852,Mumbai,Maharashtra,Rural,Medium High-Street,5000,2017-11-23,8,3956,4895335,South,0,0,8,28,0,0,0,0,9,0
STR_047,2023,3,9657530.54,1880,5894,Mumbai,Maharashtra,Rural,Medium High-Street,5000,2017-11-23,8,3956,4895335,South,1,1,8,31,7,0,0,0,0,0
STR_047,2023,4,10065614.86,1868,5782,Mumbai,Maharashtra,Rural,Medium High-Street,5000,2017-11-23,8,3956,4895335,South,1,1,10,30,0,0,0,0,0,0
STR_047,2023,5,9037177.22,1703,5209,Mumbai,Maharashtra,Rural,Medium High-Street,5000,2017-11-23,8,3956,4895335,South,0,0,8,31,0,0,0,0,0,9
STR_047,2023,6,8866631.31,1689,5226,Mumbai,Maharashtra,Rural,Medium High-Street,5000,2017-11-23,8,3956,4895335,South,0,0,8,30,0,0,0,0,0,10
STR_047,2023,7,9585312.06,1850,5566,Mumbai,Maharashtra,Rural,Medium High-Street,5000,2017-11-23,8,3956,4895335,South,0,0,10,31,0,0,0,0,0,0
STR_047,2023,8,9125673.01,1794,5513,Mumbai,Maharashtra,Rural,Medium High-Street,5000,2017-11-23,8,3956,4895335,South,1,1,8,31,0,14,0,0,0,0
STR_047,2023,9,9129655.31,1705,5261,Mumbai,Maharashtra,Rural,Medium High-Street,5000,2017-11-23,8,3956,4895335,South,0,0,9,30,0,0,4,0,0,0
STR_047,2023,10,8932065.68,1863,5632,Mumbai,Maharashtra,Rural,Medium High-Street,5000,2017-11-23,8,3956,4895335,South,1,1,9,31,16,0,0,0,0,0
STR_047,2023,11,9331697.76,1771,5472,Mumbai,Maharashtra,Rural,Medium High-Street,5000,2017-11-23,8,3956,4895335,South,1,1,8,30,0,0,0,15,0,0
STR_047,2023,12,9812044.98,1865,5704,Mumbai,Maharashtra,Rural,Medium High-Street,5000,2017-11-23,8,3956,4895335,South,1,1,10,31,0,0,0,1,0,0
STR_047,2024,1,9855143.23,1874,5750,Mumbai,Maharashtra,Rural,Medium High-Street,5000,2017-11-23,8,3956,4895335,South,2,2,8,31,0,0,0,0,0,0
STR_047,2024,2,8713294.17,1601,4996,Mumbai,Maharashtra,Rural,Medium High-Street,5000,2017-11-23,8,3956,4895335,South,0,0,8,29,0,0,0,0,0,0
STR_047,2024,3,9620938.91,1813,5592,Mumbai,Maharashtra,Rural,Medium High-Street,5000,2017-11-23,8,3956,4895335,South,1,1,10,31,0,0,0,0,0,11
STR_047,2024,4,9436500.22,1759,5461,Mumbai,Maharashtra,Rural,Medium High-Street,5000,2017-11-23,8,3956,4895335,South,1,1,8,30,0,0,0,0,15,0
STR_047,2024,5,9005838.95,1748,5314,Mumbai,Maharashtra,Rural,Medium High-Street,5000,2017-11-23,8,3956,4895335,South,0,0,8,31,6,0,0,0,0,0
STR_047,2024,6,8443007.33,1705,5136,Mumbai,Maharashtra,Rural,Medium High-Street,5000,2017-11-23,8,3956,4895335,South,0,0,10,30,0,12,0,0,0,0
STR_047,2024,7,8609989.3,1710,5182,Mumbai,Maharashtra,Rural,Medium High-Street,5000,2017-11-23,8,3956,4895335,South,0,0,8,31,0,16,0,0,0,0
STR_047,2024,8,9532427.66,1776,5418,Mumbai,Maharashtra,Rural,Medium High-Street,5000,2017-11-23,8,3956,4895335,South,1,1,9,31,0,0,0,0,0,0
STR_047,2024,9,9560839.84,1812,5435,Mumbai,Maharashtra,Rural,Medium High-Street,5000,2017-11-23,8,3956,4895335,South,0,0,9,30,0,0,0,0,0,0
STR_047,2024,10,9831225.48,1968,6154,Mumbai,Maharashtra,Rural,Medium High-Street,5000,2017-11-23,8,3956,4895335,South,2,2,8,31,14,0,0,0,0,0
STR_047,2024,11,8993443.56,1711,5176,Mumbai,Maharashtra,Rural,Medium High-Street,5000,2017-11-23,8,3956,4895335,South,0,0,9,30,0,0,0,0,0,6
STR_047,2024,12,9621797.61,1805,5587,Mumbai,Maharashtra,Rural,Medium High-Street,5000,2017-11-23,8,3956,4895335,South,1,1,9,31,0,0,0,0,0,15
STR_047,2025,1,9495979.46,1761,5552,Mumbai,Maharashtra,Rural,Medium High-Street,5000,2017-11-23,8,3956,4895335,South,2,2,8,31,0,0,0,0,0,0
STR_047,2025,2,8205655.07,1579,4798,Mumbai,Maharashtra,Rural,Medium High-Street,5000,2017-11-23,8,3956,4895335,South,0,0,8,28,0,6,0,0,0,0
STR_047,2025,3,10433528.92,1921,5934,Mumbai,Maharashtra,Rural,Medium High-Street,5000,2017-11-23,8,3956,4895335,South,2,2,10,31,0,0,0,7,0,0
STR_047,2025,4,9038901.92,1712,5245,Mumbai,Maharashtra,Rural,Medium High-Street,5000,2017-11-23,8,3956,4895335,South,0,0,8,30,0,0,0,0,0,0
STR_047,2025,5,9361229.58,1738,5316,Mumbai,Maharashtra,Rural,Medium High-Street,5000,2017-11-23,8,3956,4895335,South,0,0,9,31,0,0,0,0,0,0
STR_047,2025,6,9300979.88,1771,5317,Mumbai,Maharashtra,Rural,Medium High-Street,5000,2017-11-23,8,3956,4895335,South,0,0,9,30,0,0,0,0,0,0
STR_047,2025,7,8905024.5,1707,5168,Mumbai,Maharashtra,Rural,Medium High-Street,5000,2017-11-23,8,3956,4895335,South,0,0,8,31,0,0,0,0,8,0
STR_047,2025,8,9417838.22,1804,5466,Mumbai,Maharashtra,Rural,Medium High-Street,5000,2017-11-23,8,3956,4895335,South,1,1,10,31,0,0,0,0,0,0
STR_047,2025,9,9396125.01,1726,5299,Mumbai,Maharashtra,Rural,Medium High-Street,5000,2017-11-23,8,3956,4895335,South,0,0,8,30,0,0,0,0,0,0
STR_047,2025,10,10012569.21,1847,5759,Mumbai,Maharashtra,Rural,Medium High-Street,5000,2017-11-23,8,3956,4895335,South,2,2,8,31,0,0,0,0,0,8
STR_047,2025,11,9281433.07,1788,5391,Mumbai,Maharashtra,Rural,Medium High-Street,5000,2017-11-23,8,3956,4895335,South,0,0,10,30,0,0,0,0,0,0
STR_047,2025,12,9052082.54,1815,5517,Mumbai,Maharashtra,Rural,Medium High-Street,5000,2017-11-23,8,3956,4895335,South,1,1,8,31,0,15,0,0,0,0
STR_048,2021,1,10432444.7,1963,6048,Mumbai,Maharashtra,Rural,Medium High-Street,5000,2020-01-14,3,6917,6328791,South,2,2,10,31,0,0,0,0,8,0
STR_048,2021,2,8614193.76,1645,4993,Mumbai,Maharashtra,Rural,Medium High-Street,5000,2020-01-14,3,6917,6328791,South,0,0,8,28,0,0,0,14,0,0
STR_048,2021,3,9251910.59,1751,5470,Mumbai,Maharashtra,Rural,Medium High-Street,5000,2020-01-14,3,6917,6328791,South,1,1,8,31,0,0,0,0,0,15
STR_048,2021,4,8855629.81,1644,5032,Mumbai,Maharashtra,Rural,Medium High-Street,5000,2020-01-14,3,6917,6328791,South,0,0,8,30,0,0,0,0,0,1
STR_048,2021,5,10202062.64,1876,5836,Mumbai,Maharashtra,Rural,Medium High-Street,5000,2020-01-14,3,6917,6328791,South,1,1,10,31,0,0,0,0,0,14
STR_048,2021,6,9689208.05,1785,5619,Mumbai,Maharashtra,Rural,Medium High-Street,5000,2020-01-14,3,6917,6328791,South,0,0,8,30,0,0,13,0,0,2
STR_048,2021,7,9369630.14,1732,5297,Mumbai,Maharashtra,Rural,Medium High-Street,5000,2020-01-14,3,6917,6328791,South,0,0,9,31,0,0,0,0,0,0
STR_048,2021,8,9330995.92,1765,5321,Mumbai,Maharashtra,Rural,Medium High-Street,5000,2020-01-14,3,6917,6328791,South,1,1,9,31,0,0,0,0,0,0
STR_048,2021,9,9059075.92,1723,5336,Mumbai,Maharashtra,Rural,Medium High-Street,5000,2020-01-14,3,6917,6328791,South,0,0,8,30,0,12,0,0,0,0
STR_048,2021,10,9503638.91,1795,5472,Mumbai,Maharashtra,Rural,Medium High-Street,5000,2020-01-14,3,6917,6328791,South,1,1,10,31,0,7,0,0,0,0
STR_048,2021,11,9088015.57,1686,5258,Mumbai,Maharashtra,Rural,Medium High-Street,5000,2020-01-14,3,6917,6328791,South,1,1,8,30,0,0,9,0,0,0
STR_048,2021,12,9778535.08,1832,5784,Mumbai,Maharashtra,Rural,Medium High-Street,5000,2020-01-14,3,6917,6328791,South,1,1,8,31,0,10,0,0,0,0
STR_048,2022,1,9873398.15,1852,5846,Mumbai,Maharashtra,Rural,Medium High-Street,5000,2020-01-14,3,6917,6328791,South,2,2,10,31,0,7,0,0,0,0
STR_048,2022,2,8232889.24,1616,4771,Mumbai,Maharashtra,Rural,Medium High-Street,5000,2020-01-14,3,6917,6328791,South,0,0,8,28,0,0,0,0,0,0
STR_048,2022,3,9773330.37,1840,5821,Mumbai,Maharashtra,Rural,Medium High-Street,5000,2020-01-14,3,6917,6328791,South,1,1,8,31,0,10,0,0,0,0
STR_048,2022,4,9109122.41,1735,5243,Mumbai,Maharashtra,Rural,Medium High-Street,5000,2020-01-14,3,6917,6328791,South,0,0,9,30,0,0,0,0,0,0
STR_048,2022,5,10189469.07,1892,5819,Mumbai,Maharashtra,Rural,Medium High-Street,5000,2020-01-14,3,6917,6328791,South,1,1,9,31,0,0,0,0,0,4
STR_048,2022,6,9035123.73,1691,5133,Mumbai,Maharashtra,Rural,Medium High-Street,5000,2020-01-14,3,6917,6328791,South,0,0,8,30,0,0,0,0,12,0
STR_048,2022,7,9878363.52,1860,5709,Mumbai,Maharashtra,Rural,Medium High-Street,5000,2020-01-14,3,6917,6328791,South,0,0,10,31,0,0,0,9,0,0
STR_048,2022,8,9846019.67,1852,5782,Mumbai,Maharashtra,Rural,Medium High-Street,5000,2020-01-14,3,6917,6328791,South,1,1,8,31,0,0,11,0,0,0
STR_048,2022,9,9151220.32,1727,5295,Mumbai,Maharashtra,Rural,Medium High-Street,5000,2020-01-14,3,6917,6328791,South,0,0,8,30,0,5,0,0,0,0
STR_048,2022,10,9940557.36,1899,5878,Mumbai,Maharashtra,Rural,Medium High-Street,5000,2020-01-14,3,6917,6328791,South,2,2,10,31,0,0,0,4,0,0
STR_048,2022,11,8754380.57,1684,5092,Mumbai,Maharashtra,Rural,Medium High-Street,5000,2020-01-14,3,6917,6328791,South,0,0,8,30,0,0,0,0,0,14
STR_048,2022,12,9359578.64,1809,5479,Mumbai,Maharashtra,Rural,Medium High-Street,5000,2020-01-14,3,6917,6328791,South,1,1,9,31,0,0,0,0,0,9
STR_048,2023,1,10039636.51,1896,5977,Mumbai,Maharashtra,Rural,Medium High-Street,5000,2020-01-14,3,6917,6328791,South,2,2,9,31,0,0,0,0,0,16
STR_048,2023,2,8340893.4,1613,5034,Mumbai,Maharashtra,Rural,Medium High-Street,5000,2020-01-14,3,6917,6328791,South,0,0,8,28,0,15,0,0,0,0
STR_048,2023,3,9421801.63,1799,5481,Mumbai,Maharashtra,Rural,Medium High-Street,5000,2020-01-14,3,6917,6328791,South,1,1,8,31,0,1,0,0,0,5
STR_048,2023,4,10134263.79,1930,5924,Mumbai,Maharashtra,Rural,Medium High-Street,5000,2020-01-14,3,6917,6328791,South,1,1,10,30,0,12,0,0,0,0
STR_048,2023,5,8925320.0,1761,5329,Mumbai,Maharashtra,Rural,Medium High-Street,5000,2020-01-14,3,6917,6328791,South,0,0,8,31,5,0,0,0,0,0
STR_048,2023,6,9293024.78,1733,5303,Mumbai,Maharashtra,Rural,Medium High-Street,5000,2020-01-14,3,6917,6328791,South,0,0,8,30,0,0,0,0,0,0
STR_048,2023,7,10039556.38,1867,5664,Mumbai,Maharashtra,Rural,Medium High-Street,5000,2020-01-14,3,6917,6328791,South,0,0,10,31,0,0,0,4,0,0
STR_048,2023,8,9602578.74,1752,5584,Mumbai,Maharashtra,Rural,Medium High-Street,5000,2020-01-14,3,6917,6328791,South,1,1,8,31,0,0,0,0,13,0
STR_048,2023,9,9015472.87,1714,5219,Mumbai,Maharashtra,Rural,Medium High-Street,5000,2020-01-14,3,6917,6328791,South,0,0,9,30,0,0,0,0,1,5
STR_048,2023,10,9736719.03,1825,5658,Mumbai,Maharashtra,Rural,Medium High-Street,5000,2020-01-14,3,6917,6328791,South,1,1,9,31,0,0,0,0,16,0
STR_048,2023,11,9564135.56,1748,5450,Mumbai,Maharashtra,Rural,Medium High-Street,5000,2020-01-14,3,6917,6328791,South,1,1,8,30,0,0,0,0,0,0
STR_048,2023,12,9589463.02,1814,5563,Mumbai,Maharashtra,Rural,Medium High-Street,5000,2020-01-14,3,6917,6328791,South,1,1,10,31,0,0,0,0,0,0
STR_048,2024,1,9861146.6,1819,5585,Mumbai,Maharashtra,Rural,Medium High-Street,5000,2020-01-14,3,6917,6328791,South,2,2,8,31,0,0,12,0,0,0
STR_048,2024,2,8588581.91,1610,4915,Mumbai,Maharashtra,Rural,Medium High-Street,5000,2020-01-14,3,6917,6328791,South,0,0,8,29,0,0,3,0,0,0
STR_048,2024,3,9544970.7,1806,5486,Mumbai,Maharashtra,Rural,Medium High-Street,5000,2020-01-14,3,6917,6328791,South,1,1,10,31,0,0,0,0,0,7
STR_048,2024,4,10174222.32,1845,5790,Mumbai,Maharashtra,Rural,Medium High-Street,5000,2020-01-14,3,6917,6328791,South,1,1,8,30,0,0,0,0,0,0
STR_048,2024,5,9431397.44,1797,5388,Mumbai,Maharashtra,Rural,Medium High-Street,5000,2020-01-14,3,6917,6328791,South,0,0,8,31,0,0,0,0,0,0
STR_048,2024,6,9770924.03,1815,5564,Mumbai,Maharashtra,Rural,Medium High-Street,5000,2020-01-14,3,6917,6328791,South,0,0,10,30,0,0,0,0,6,0
STR_048,2024,7,9974477.94,1859,5784,Mumbai,Maharashtra,Rural,Medium High-Street,5000,2020-01-14,3,6917,6328791,South,0,0,8,31,0,0,0,5,0,0
STR_048,2024,8,10062044.03,1841,5781,Mumbai,Maharashtra,Rural,Medium High-Street,5000,2020-01-14,3,6917,6328791,South,1,1,9,31,0,0,4,0,0,0
STR_048,2024,9,9248184.83,1804,5470,Mumbai,Maharashtra,Rural,Medium High-Street,5000,2020-01-14,3,6917,6328791,South,0,0,9,30,5,0,0,0,0,0
STR_048,2024,10,10257613.53,1912,5926,Mumbai,Maharashtra,Rural,Medium High-Street,5000,2020-01-14,3,6917,6328791,South,2,2,8,31,0,0,0,0,0,0
STR_048,2024,11,9800052.96,1814,5502,Mumbai,Maharashtra,Rural,Medium High-Street,5000,2020-01-14,3,6917,6328791,South,0,0,9,30,0,0,0,0,9,0
STR_048,2024,12,9786973.07,1785,5590,Mumbai,Maharashtra,Rural,Medium High-Street,5000,2020-01-14,3,6917,6328791,South,1,1,9,31,0,0,6,0,0,0
STR_048,2025,1,10299490.94,1894,5886,Mumbai,Maharashtra,Rural,Medium High-Street,5000,2020-01-14,3,6917,6328791,South,2,2,8,31,0,0,0,0,4,0
STR_048,2025,2,8006344.88,1518,4625,Mumbai,Maharashtra,Rural,Medium High-Street,5000,2020-01-14,3,6917,6328791,South,0,0,8,28,0,0,0,0,11,0
STR_048,2025,3,9788977.02,1881,5716,Mumbai,Maharashtra,Rural,Medium High-Street,5000,2020-01-14,3,6917,6328791,South,2,2,10,31,0,0,0,10,0,0
STR_048,2025,4,9055185.42,1764,5461,Mumbai,Maharashtra,Rural,Medium High-Street,5000,2020-01-14,3,6917,6328791,South,0,0,8,30,6,0,0,0,0,0
STR_048,2025,5,9483737.84,1804,5444,Mumbai,Maharashtra,Rural,Medium High-Street,5000,2020-01-14,3,6917,6328791,South,0,0,9,31,0,0,0,0,0,0
STR_048,2025,6,9392768.04,1809,5457,Mumbai,Maharashtra,Rural,Medium High-Street,5000,2020-01-14,3,6917,6328791,South,0,0,9,30,0,0,0,0,13,0
STR_048,2025,7,9211321.98,1754,5344,Mumbai,Maharashtra,Rural,Medium High-Street,5000,2020-01-14,3,6917,6328791,South,0,0,8,31,0,0,0,6,0,0
STR_048,2025,8,9620493.75,1805,5553,Mumbai,Maharashtra,Rural,Medium High-Street,5000,2020-01-14,3,6917,6328791,South,1,1,10,31,0,0,0,0,0,0
STR_048,2025,9,8861426.02,1720,5226,Mumbai,Maharashtra,Rural,Medium High-Street,5000,2020-01-14,3,6917,6328791,South,0,0,8,30,0,0,0,0,0,0
STR_048,2025,10,9853291.77,1826,5690,Mumbai,Maharashtra,Rural,Medium High-Street,5000,2020-01-14,3,6917,6328791,South,2,2,8,31,0,0,0,0,0,0
STR_048,2025,11,8965059.87,1716,5329,Mumbai,Maharashtra,Rural,Medium High-Street,5000,2020-01-14,3,6917,6328791,South,0,0,10,30,7,0,0,0,0,0
STR_048,2025,12,9210900.19,1711,5190,Mumbai,Maharashtra,Rural,Medium High-Street,5000,2020-01-14,3,6917,6328791,South,1,1,8,31,0,0,0,0,0,0
STR_049,2021,1,24463589.83,3685,14615,Kolkata,West Bengal,Tier-2,Large Format,10000,2017-04-01,10,7856,6589979,East,2,2,10,31,0,10,0,0,0,0
STR_049,2021,2,21733941.5,3201,12665,Kolkata,West Bengal,Tier-2,Large Format,10000,2017-04-01,10,7856,6589979,East,0,0,8,28,0,0,0,0,13,0
STR_049,2021,3,22917462.87,3708,14671,Kolkata,West Bengal,Tier-2,Large Format,10000,2017-04-01,10,7856,6589979,East,1,1,8,31,16,0,0,0,0,0
STR_049,2021,4,23805419.43,3418,13485,Kolkata,West Bengal,Tier-2,Large Format,10000,2017-04-01,10,7856,6589979,East,0,0,8,30,0,0,0,0,0,0
STR_049,2021,5,24120622.55,3582,14193,Kolkata,West Bengal,Tier-2,Large Format,10000,2017-04-01,10,7856,6589979,East,1,1,10,31,0,0,0,0,12,0
STR_049,2021,6,22884759.96,3343,12986,Kolkata,West Bengal,Tier-2,Large Format,10000,2017-04-01,10,7856,6589979,East,0,0,8,30,0,0,0,0,0,0
STR_049,2021,7,24258413.97,3563,13864,Kolkata,West Bengal,Tier-2,Large Format,10000,2017-04-01,10,7856,6589979,East,0,0,9,31,0,0,0,0,0,0
STR_049,2021,8,25060885.16,3775,14832,Kolkata,West Bengal,Tier-2,Large Format,10000,2017-04-01,10,7856,6589979,East,1,1,9,31,0,7,0,0,0,0
STR_049,2021,9,23254494.74,3417,13440,Kolkata,West Bengal,Tier-2,Large Format,10000,2017-04-01,10,7856,6589979,East,0,0,8,30,0,0,14,0,0,0
STR_049,2021,10,25852774.68,3698,14640,Kolkata,West Bengal,Tier-2,Large Format,10000,2017-04-01,10,7856,6589979,East,1,1,10,31,0,0,0,0,0,0
STR_049,2021,11,22663906.51,3513,13818,Kolkata,West Bengal,Tier-2,Large Format,10000,2017-04-01,10,7856,6589979,East,1,1,8,30,0,13,0,0,0,0
STR_049,2021,12,23239201.78,3751,15002,Kolkata,West Bengal,Tier-2,Large Format,10000,2017-04-01,10,7856,6589979,East,1,1,8,31,15,2,0,0,0,0
STR_049,2022,1,25776113.33,3887,15419,Kolkata,West Bengal,Tier-2,Large Format,10000,2017-04-01,10,7856,6589979,East,2,2,10,31,8,0,0,0,0,0
STR_049,2022,2,21097733.71,3188,12436,Kolkata,West Bengal,Tier-2,Large Format,10000,2017-04-01,10,7856,6589979,East,0,0,8,28,0,0,14,0,0,0
STR_049,2022,3,22310964.21,3443,13636,Kolkata,West Bengal,Tier-2,Large Format,10000,2017-04-01,10,7856,6589979,East,1,1,8,31,8,0,0,0,0,0
STR_049,2022,4,23317606.42,3610,14096,Kolkata,West Bengal,Tier-2,Large Format,10000,2017-04-01,10,7856,6589979,East,0,0,9,30,0,13,0,0,0,0
STR_049,2022,5,24647658.16,3565,14192,Kolkata,West Bengal,Tier-2,Large Format,10000,2017-04-01,10,7856,6589979,East,1,1,9,31,0,0,0,0,11,0
STR_049,2022,6,21795038.39,3272,12846,Kolkata,West Bengal,Tier-2,Large Format,10000,2017-04-01,10,7856,6589979,East,0,0,8,30,6,0,0,0,0,0
STR_049,2022,7,24137035.23,3478,13854,Kolkata,West Bengal,Tier-2,Large Format,10000,2017-04-01,10,7856,6589979,East,0,0,10,31,0,0,0,7,0,0
STR_049,2022,8,24525564.58,3575,14173,Kolkata,West Bengal,Tier-2,Large Format,10000,2017-04-01,10,7856,6589979,East,1,1,8,31,0,0,0,12,0,0
STR_049,2022,9,22339742.2,3259,12846,Kolkata,West Bengal,Tier-2,Large Format,10000,2017-04-01,10,7856,6589979,East,0,0,8,30,0,0,0,4,0,0
STR_049,2022,10,27360313.89,3847,15417,Kolkata,West Bengal,Tier-2,Large Format,10000,2017-04-01,10,7856,6589979,East,2,2,10,31,0,0,0,0,0,0
STR_049,2022,11,23489882.44,3471,13614,Kolkata,West Bengal,Tier-2,Large Format,10000,2017-04-01,10,7856,6589979,East,0,0,8,30,0,0,0,0,0,10
STR_049,2022,12,25369844.97,3714,14755,Kolkata,West Bengal,Tier-2,Large Format,10000,2017-04-01,10,7856,6589979,East,1,1,9,31,0,0,0,0,5,0
STR_049,2023,1,25711206.77,3736,14931,Kolkata,West Bengal,Tier-2,Large Format,10000,2017-04-01,10,7856,6589979,East,2,2,9,31,0,0,0,0,0,8
STR_049,2023,2,21873559.6,3288,12811,Kolkata,West Bengal,Tier-2,Large Format,10000,2017-04-01,10,7856,6589979,East,0,0,8,28,0,0,0,0,0,12
STR_049,2023,3,24161370.07,3560,14003,Kolkata,West Bengal,Tier-2,Large Format,10000,2017-04-01,10,7856,6589979,East,1,1,8,31,0,0,0,0,0,10
STR_049,2023,4,25228540.72,3669,14611,Kolkata,West Bengal,Tier-2,Large Format,10000,2017-04-01,10,7856,6589979,East,1,1,10,30,0,0,0,7,0,0
STR_049,2023,5,24052688.23,3543,13843,Kolkata,West Bengal,Tier-2,Large Format,10000,2017-04-01,10,7856,6589979,East,0,0,8,31,0,0,0,9,0,0
STR_049,2023,6,22751343.49,3368,13198,Kolkata,West Bengal,Tier-2,Large Format,10000,2017-04-01,10,7856,6589979,East,0,0,8,30,0,0,10,0,0,0
STR_049,2023,7,23624865.63,3416,13550,Kolkata,West Bengal,Tier-2,Large Format,10000,2017-04-01,10,7856,6589979,East,0,0,10,31,0,0,0,0,0,0
STR_049,2023,8,23870065.83,3500,13851,Kolkata,West Bengal,Tier-2,Large Format,10000,2017-04-01,10,7856,6589979,East,1,1,8,31,0,5,0,0,0,0
STR_049,2023,9,22850372.39,3424,13509,Kolkata,West Bengal,Tier-2,Large Format,10000,2017-04-01,10,7856,6589979,East,0,0,9,30,0,0,0,16,0,0
STR_049,2023,10,24640460.45,3566,14095,Kolkata,West Bengal,Tier-2,Large Format,10000,2017-04-01,10,7856,6589979,East,1,1,9,31,0,0,0,6,0,0
STR_049,2023,11,23690382.14,3531,14053,Kolkata,West Bengal,Tier-2,Large Format,10000,2017-04-01,10,7856,6589979,East,1,1,8,30,0,9,0,0,0,0
STR_049,2023,12,25965293.75,3826,15120,Kolkata,West Bengal,Tier-2,Large Format,10000,2017-04-01,10,7856,6589979,East,1,1,10,31,0,0,0,8,0,0
STR_049,2024,1,24367107.15,3691,14666,Kolkata,West Bengal,Tier-2,Large Format,10000,2017-04-01,10,7856,6589979,East,2,2,8,31,0,13,0,0,0,0
STR_049,2024,2,22752629.7,3360,13325,Kolkata,West Bengal,Tier-2,Large Format,10000,2017-04-01,10,7856,6589979,East,0,0,8,29,0,0,0,4,0,0
STR_049,2024,3,24917062.08,3570,14177,Kolkata,West Bengal,Tier-2,Large Format,10000,2017-04-01,10,7856,6589979,East,1,1,10,31,0,0,0,0,0,0
STR_049,2024,4,23421114.72,3413,13464,Kolkata,West Bengal,Tier-2,Large Format,10000,2017-04-01,10,7856,6589979,East,1,1,8,30,0,0,0,0,0,0
STR_049,2024,5,24485335.72,3583,14048,Kolkata,West Bengal,Tier-2,Large Format,10000,2017-04-01,10,7856,6589979,East,0,0,8,31,0,0,0,0,0,0
STR_049,2024,6,23950823.72,3458,13600,Kolkata,West Bengal,Tier-2,Large Format,10000,2017-04-01,10,7856,6589979,East,0,0,10,30,0,0,0,7,0,0
STR_049,2024,7,23020496.64,3567,13854,Kolkata,West Bengal,Tier-2,Large Format,10000,2017-04-01,10,7856,6589979,East,0,0,8,31,0,13,0,0,0,0
STR_049,2024,8,23906897.11,3594,14279,Kolkata,West Bengal,Tier-2,Large Format,10000,2017-04-01,10,7856,6589979,East,1,1,9,31,6,3,0,0,0,0
STR_049,2024,9,23690430.71,3534,13772,Kolkata,West Bengal,Tier-2,Large Format,10000,2017-04-01,10,7856,6589979,East,0,0,9,30,0,0,0,0,13,0
STR_049,2024,10,25435462.12,3790,15028,Kolkata,West Bengal,Tier-2,Large Format,10000,2017-04-01,10,7856,6589979,East,2,2,8,31,0,10,0,0,0,0
STR_049,2024,11,23146207.58,3418,13374,Kolkata,West Bengal,Tier-2,Large Format,10000,2017-04-01,10,7856,6589979,East,0,0,9,30,0,0,0,0,12,0
STR_049,2024,12,25200595.35,3678,14593,Kolkata,West Bengal,Tier-2,Large Format,10000,2017-04-01,10,7856,6589979,East,1,1,9,31,0,5,0,0,0,0
STR_049,2025,1,27094596.74,3874,15622,Kolkata,West Bengal,Tier-2,Large Format,10000,2017-04-01,10,7856,6589979,East,2,2,8,31,0,0,0,0,0,4
STR_049,2025,2,20708743.3,3103,12021,Kolkata,West Bengal,Tier-2,Large Format,10000,2017-04-01,10,7856,6589979,East,0,0,8,28,0,0,0,0,0,9
STR_049,2025,3,27190442.68,3916,15667,Kolkata,West Bengal,Tier-2,Large Format,10000,2017-04-01,10,7856,6589979,East,2,2,10,31,0,0,0,0,0,0
STR_049,2025,4,22908200.84,3409,13409,Kolkata,West Bengal,Tier-2,Large Format,10000,2017-04-01,10,7856,6589979,East,0,0,8,30,4,0,0,0,0,0
STR_049,2025,5,25084312.19,3595,14231,Kolkata,West Bengal,Tier-2,Large Format,10000,2017-04-01,10,7856,6589979,East,0,0,9,31,0,0,0,0,0,0
STR_049,2025,6,23750589.89,3526,13766,Kolkata,West Bengal,Tier-2,Large Format,10000,2017-04-01,10,7856,6589979,East,0,0,9,30,0,0,0,0,0,0
STR_049,2025,7,23896611.13,3496,13701,Kolkata,West Bengal,Tier-2,Large Format,10000,2017-04-01,10,7856,6589979,East,0,0,8,31,0,0,0,0,0,0
STR_049,2025,8,25971024.74,3801,14805,Kolkata,West Bengal,Tier-2,Large Format,10000,2017-04-01,10,7856,6589979,East,1,1,10,31,0,0,0,0,0,0
STR_049,2025,9,24160081.34,3603,13958,Kolkata,West Bengal,Tier-2,Large Format,10000,2017-04-01,10,7856,6589979,East,0,0,8,30,0,0,4,0,0,0
STR_049,2025,10,26667040.24,3800,15223,Kolkata,West Bengal,Tier-2,Large Format,10000,2017-04-01,10,7856,6589979,East,2,2,8,31,0,0,0,0,7,0
STR_049,2025,11,23031766.71,3394,13291,Kolkata,West Bengal,Tier-2,Large Format,10000,2017-04-01,10,7856,6589979,East,0,0,10,30,0,0,0,0,0,12
STR_049,2025,12,22543050.61,3571,13994,Kolkata,West Bengal,Tier-2,Large Format,10000,2017-04-01,10,7856,6589979,East,1,1,8,31,12,0,0,0,0,0
STR_050,2021,1,5457527.59,768,3183,Pune,Maharashtra,Suburban,Mall Store,2000,2019-10-01,1,1034,1126156,West,2,2,10,31,6,0,0,0,0,0
STR_050,2021,2,4060562.38,628,2354,Pune,Maharashtra,Suburban,Mall Store,2000,2019-10-01,1,1034,1126156,West,0,0,8,28,4,0,0,0,0,0
STR_050,2021,3,4811739.39,727,2857,Pune,Maharashtra,Suburban,Mall Store,2000,2019-10-01,1,1034,1126156,West,1,1,8,31,0,0,0,0,0,11
STR_050,2021,4,4398023.36,651,2501,Pune,Maharashtra,Suburban,Mall Store,2000,2019-10-01,1,1034,1126156,West,0,0,8,30,0,0,0,0,9,0
STR_050,2021,5,4752176.72,703,2786,Pune,Maharashtra,Suburban,Mall Store,2000,2019-10-01,1,1034,1126156,West,1,1,10,31,0,0,14,0,0,0
STR_050,2021,6,4395568.81,669,2565,Pune,Maharashtra,Suburban,Mall Store,2000,2019-10-01,1,1034,1126156,West,0,0,8,30,0,0,0,11,0,0
STR_050,2021,7,4604415.65,669,2645,Pune,Maharashtra,Suburban,Mall Store,2000,2019-10-01,1,1034,1126156,West,0,0,9,31,0,7,0,1,0,0
STR_050,2021,8,4831782.91,700,2757,Pune,Maharashtra,Suburban,Mall Store,2000,2019-10-01,1,1034,1126156,West,1,1,9,31,0,0,0,0,0,0
STR_050,2021,9,4471036.66,675,2663,Pune,Maharashtra,Suburban,Mall Store,2000,2019-10-01,1,1034,1126156,West,0,0,8,30,0,10,0,0,0,0
STR_050,2021,10,4832808.0,740,2850,Pune,Maharashtra,Suburban,Mall Store,2000,2019-10-01,1,1034,1126156,West,1,1,10,31,0,0,0,11,0,0
STR_050,2021,11,4991029.17,698,2869,Pune,Maharashtra,Suburban,Mall Store,2000,2019-10-01,1,1034,1126156,West,1,1,8,30,0,0,0,0,0,6
STR_050,2021,12,4993953.89,731,2922,Pune,Maharashtra,Suburban,Mall Store,2000,2019-10-01,1,1034,1126156,West,1,1,8,31,6,0,0,0,0,0
STR_050,2022,1,5013529.69,726,2875,Pune,Maharashtra,Suburban,Mall Store,2000,2019-10-01,1,1034,1126156,West,2,2,10,31,0,0,0,0,0,10
STR_050,2022,2,4428532.99,639,2500,Pune,Maharashtra,Suburban,Mall Store,2000,2019-10-01,1,1034,1126156,West,0,0,8,28,0,0,0,0,0,0
STR_050,2022,3,4255947.13,698,2799,Pune,Maharashtra,Suburban,Mall Store,2000,2019-10-01,1,1034,1126156,West,1,1,8,31,16,0,0,0,0,0
STR_050,2022,4,4236256.11,664,2647,Pune,Maharashtra,Suburban,Mall Store,2000,2019-10-01,1,1034,1126156,West,0,0,9,30,15,0,0,0,0,0
STR_050,2022,5,4941125.71,726,2902,Pune,Maharashtra,Suburban,Mall Store,2000,2019-10-01,1,1034,1126156,West,1,1,9,31,0,0,0,0,5,0
STR_050,2022,6,4387659.44,641,2542,Pune,Maharashtra,Suburban,Mall Store,2000,2019-10-01,1,1034,1126156,West,0,0,8,30,0,0,0,0,0,0
STR_050,2022,7,4839988.53,708,2780,Pune,Maharashtra,Suburban,Mall Store,2000,2019-10-01,1,1034,1126156,West,0,0,10,31,0,0,0,0,0,0
STR_050,2022,8,5285961.99,740,2988,Pune,Maharashtra,Suburban,Mall Store,2000,2019-10-01,1,1034,1126156,West,1,1,8,31,0,0,0,0,0,0
STR_050,2022,9,4570127.97,666,2654,Pune,Maharashtra,Suburban,Mall Store,2000,2019-10-01,1,1034,1126156,West,0,0,8,30,0,0,0,0,11,0
STR_050,2022,10,4825759.84,730,3000,Pune,Maharashtra,Suburban,Mall Store,2000,2019-10-01,1,1034,1126156,West,2,2,10,31,14,0,0,0,3,0
STR_050,2022,11,4769664.46,653,2637,Pune,Maharashtra,Suburban,Mall Store,2000,2019-10-01,1,1034,1126156,West,0,0,8,30,0,0,0,0,0,0
STR_050,2022,12,5098622.19,731,2853,Pune,Maharashtra,Suburban,Mall Store,2000,2019-10-01,1,1034,1126156,West,1,1,9,31,0,0,0,0,0,0
STR_050,2023,1,5460229.67,719,3001,Pune,Maharashtra,Suburban,Mall Store,2000,2019-10-01,1,1034,1126156,West,2,2,9,31,0,0,0,0,0,0
STR_050,2023,2,4312491.66,622,2464,Pune,Maharashtra,Suburban,Mall Store,2000,2019-10-01,1,1034,1126156,West,0,0,8,28,0,0,0,0,11,0
STR_050,2023,3,4662640.11,718,2762,Pune,Maharashtra,Suburban,Mall Store,2000,2019-10-01,1,1034,1126156,West,1,1,8,31,0,13,0,0,0,0
STR_050,2023,4,4737780.51,698,2754,Pune,Maharashtra,Suburban,Mall Store,2000,2019-10-01,1,1034,1126156,West,1,1,10,30,0,0,0,0,0,0
STR_050,2023,5,4683282.67,686,2700,Pune,Maharashtra,Suburban,Mall Store,2000,2019-10-01,1,1034,1126156,West,0,0,8,31,0,0,0,0,0,0
STR_050,2023,6,4352686.89,663,2544,Pune,Maharashtra,Suburban,Mall Store,2000,2019-10-01,1,1034,1126156,West,0,0,8,30,0,0,10,0,0,0
STR_050,2023,7,4547347.41,687,2689,Pune,Maharashtra,Suburban,Mall Store,2000,2019-10-01,1,1034,1126156,West,0,0,10,31,0,0,0,0,0,15
STR_050,2023,8,4866710.37,716,2899,Pune,Maharashtra,Suburban,Mall Store,2000,2019-10-01,1,1034,1126156,West,1,1,8,31,0,0,10,0,0,0
STR_050,2023,9,4329815.38,662,2592,Pune,Maharashtra,Suburban,Mall Store,2000,2019-10-01,1,1034,1126156,West,0,0,9,30,0,0,0,12,0,0
STR_050,2023,10,5141734.19,738,3011,Pune,Maharashtra,Suburban,Mall Store,2000,2019-10-01,1,1034,1126156,West,1,1,9,31,0,0,0,0,0,16
STR_050,2023,11,4437409.65,673,2653,Pune,Maharashtra,Suburban,Mall Store,2000,2019-10-01,1,1034,1126156,West,1,1,8,30,0,15,0,0,0,0
STR_050,2023,12,5235022.61,743,3007,Pune,Maharashtra,Suburban,Mall Store,2000,2019-10-01,1,1034,1126156,West,1,1,10,31,0,0,0,0,0,0
STR_050,2024,1,4959084.8,734,2898,Pune,Maharashtra,Suburban,Mall Store,2000,2019-10-01,1,1034,1126156,West,2,2,8,31,0,0,0,0,12,0
STR_050,2024,2,4440397.18,659,2581,Pune,Maharashtra,Suburban,Mall Store,2000,2019-10-01,1,1034,1126156,West,0,0,8,29,0,0,0,0,0,8
STR_050,2024,3,5068893.66,691,2809,Pune,Maharashtra,Suburban,Mall Store,2000,2019-10-01,1,1034,1126156,West,1,1,10,31,0,0,0,0,0,0
STR_050,2024,4,4721634.92,681,2678,Pune,Maharashtra,Suburban,Mall Store,2000,2019-10-01,1,1034,1126156,West,1,1,8,30,0,0,0,0,0,0
STR_050,2024,5,4255313.2,669,2626,Pune,Maharashtra,Suburban,Mall Store,2000,2019-10-01,1,1034,1126156,West,0,0,8,31,14,0,0,0,0,0
STR_050,2024,6,4765050.54,693,2724,Pune,Maharashtra,Suburban,Mall Store,2000,2019-10-01,1,1034,1126156,West,0,0,10,30,0,0,4,0,0,0
STR_050,2024,7,4889958.52,708,2780,Pune,Maharashtra,Suburban,Mall Store,2000,2019-10-01,1,1034,1126156,West,0,0,8,31,0,0,0,0,0,7
STR_050,2024,8,5379529.29,759,3020,Pune,Maharashtra,Suburban,Mall Store,2000,2019-10-01,1,1034,1126156,West,1,1,9,31,0,0,0,0,0,12
STR_050,2024,9,4405498.18,651,2590,Pune,Maharashtra,Suburban,Mall Store,2000,2019-10-01,1,1034,1126156,West,0,0,9,30,0,0,0,14,0,0
STR_050,2024,10,5191652.94,738,2956,Pune,Maharashtra,Suburban,Mall Store,2000,2019-10-01,1,1034,1126156,West,2,2,8,31,0,0,0,0,0,0
STR_050,2024,11,4406313.0,696,2712,Pune,Maharashtra,Suburban,Mall Store,2000,2019-10-01,1,1034,1126156,West,0,0,9,30,0,14,0,0,0,0
STR_050,2024,12,4364901.17,704,2784,Pune,Maharashtra,Suburban,Mall Store,2000,2019-10-01,1,1034,1126156,West,1,1,9,31,14,0,0,0,0,0
STR_050,2025,1,5276350.35,757,2994,Pune,Maharashtra,Suburban,Mall Store,2000,2019-10-01,1,1034,1126156,West,2,2,8,31,0,0,0,0,0,0
STR_050,2025,2,3963761.77,610,2392,Pune,Maharashtra,Suburban,Mall Store,2000,2019-10-01,1,1034,1126156,West,0,0,8,28,8,0,0,0,0,0
STR_050,2025,3,5103830.56,775,3054,Pune,Maharashtra,Suburban,Mall Store,2000,2019-10-01,1,1034,1126156,West,2,2,10,31,12,0,0,0,0,0
STR_050,2025,4,4270242.04,656,2530,Pune,Maharashtra,Suburban,Mall Store,2000,2019-10-01,1,1034,1126156,West,0,0,8,30,0,0,15,0,0,0
STR_050,2025,5,4506433.86,696,2703,Pune,Maharashtra,Suburban,Mall Store,2000,2019-10-01,1,1034,1126156,West,0,0,9,31,0,0,11,0,0,0
STR_050,2025,6,4257152.01,670,2559,Pune,Maharashtra,Suburban,Mall Store,2000,2019-10-01,1,1034,1126156,West,0,0,9,30,10,0,0,0,0,0
STR_050,2025,7,4350338.49,666,2564,Pune,Maharashtra,Suburban,Mall Store,2000,2019-10-01,1,1034,1126156,West,0,0,8,31,0,0,0,4,0,0
STR_050,2025,8,4844279.26,705,2833,Pune,Maharashtra,Suburban,Mall Store,2000,2019-10-01,1,1034,1126156,West,1,1,10,31,0,0,0,0,0,0
STR_050,2025,9,4575837.77,670,2692,Pune,Maharashtra,Suburban,Mall Store,2000,2019-10-01,1,1034,1126156,West,0,0,8,30,4,0,0,0,0,0
STR_050,2025,10,4696589.06,683,2751,Pune,Maharashtra,Suburban,Mall Store,2000,2019-10-01,1,1034,1126156,West,2,2,8,31,0,0,0,9,0,0
STR_050,2025,11,4809104.19,673,2672,Pune,Maharashtra,Suburban,Mall Store,2000,2019-10-01,1,1034,1126156,West,0,0,10,30,0,0,0,0,0,0
STR_050,2025,12,4895853.39,710,2776,Pune,Maharashtra,Suburban,Mall Store,2000,2019-10-01,1,1034,1126156,West,1,1,8,31,0,0,12,0,0,0
